model,epoch,train_loss,val_loss
unet,1,9.598285990741413,6.896297797560692
unet,2,9.105486683223559,6.80855929851532
unet,3,9.020136052911932,6.843607127666473
unet,4,8.972697148681158,6.857313767075539
unet,5,8.901723730705472,6.727342188358307
unet,6,8.826944202302473,6.813621863722801
unet,7,8.840731804549929,6.754055067896843
unet,8,8.786172459719209,6.752268373966217
unet,9,8.672047277684268,6.847391411662102
unet,10,8.66094819453394,6.699398919939995
unet,11,8.624465163988559,6.657089278101921
unet,12,8.624374466922443,6.598207861185074
unet,13,8.582611778508062,6.875780671834946
unet,14,8.663914395886447,6.637816339731216
unet,15,8.547031224480731,6.685070171952248
unet,16,8.538656253117347,6.619660779833794
unet,17,8.583453385726266,6.6299037635326385
unet,18,8.530325514525764,6.8319651037454605
unet,19,8.550129407950541,6.63888455927372
unet,20,8.547421760709861,6.959286764264107
unet,21,8.509798545611234,7.030227899551392
unet,22,8.533050606844453,6.60118468105793
unet,23,8.489113830295004,6.580676317214966
unet,24,8.434337550001182,6.653193309903145
unet,25,8.508399499263689,6.566642552614212
unet,26,8.404518609461578,6.638912126421928
unet,27,8.466506307775324,6.761096149682999
unet,28,8.427898234058274,6.629331156611443
unet,29,8.474797633325629,6.5556434988975525
unet,30,8.409250366829129,6.673507288098335
unet,31,8.433819358056713,6.584702700376511
unet,32,8.476142626034884,6.5849528312683105
unet,33,8.520207395666672,6.577118158340454
unet,34,8.514036576267287,6.680777028203011
unet,35,8.412612059370803,7.091748431324959
unet,36,8.428598445394766,6.695755422115326
unet,37,8.415868240382832,6.584134474396706
unet,38,8.414405536274664,6.593532517552376
unet,39,8.434581017070137,6.564102336764336
unet,40,8.401960741389882,6.945407211780548
unet,41,8.410497272909865,6.551254957914352
unet,42,8.418613814553725,6.5999118238687515
unet,43,8.36148106533548,6.601030170917511
unet,44,8.372904386444997,6.614641308784485
unet,45,8.454940769512191,6.5593815594911575
unet,46,8.40582703695938,6.606200471520424
unet,47,8.395847339403959,6.553454160690308
unet,48,8.379131567808008,6.576828598976135
unet,49,8.473099727404447,6.547159641981125
unet,50,8.396466251418525,6.628457292914391
unet,51,8.409237872941691,6.591547504067421
unet,52,8.410247283490751,6.633678570389748
unet,53,8.387000312918259,6.591641008853912
unet,54,8.370514473896252,6.562601387500763
unet,55,8.367719424100732,6.558658376336098
unet,56,8.347756697726345,6.556460931897163
unet,57,8.387391844285807,6.55143415927887
unet,58,8.376916962649982,6.581666439771652
unet,59,8.388395924813192,6.636896163225174
unet,60,8.289298074518738,6.574000313878059
unet,61,8.324110019819539,6.487265035510063
unet,62,8.172777255062059,5.951961889863014
unet,63,7.808886179339744,5.5128340274095535
unet,64,7.2138042242630664,5.006422743201256
unet,65,6.8691716639420735,5.6433310359716415
unet,66,6.702168820874964,4.774665534496307
unet,67,6.396521624840295,4.890935614705086
unet,68,6.518781233446401,4.717784866690636
unet,69,6.2912532208936485,4.533930391073227
unet,70,6.371758375243236,4.7166058868169785
unet,71,6.074700042664298,4.644434943795204
unet,72,5.983961470513476,4.38254089653492
unet,73,5.995195743123533,4.342937603592873
unet,74,5.92974757771247,4.796168491244316
unet,75,5.895700177656332,4.296208277344704
unet,76,5.944417411630804,4.441632315516472
unet,77,5.809684886291564,4.506630018353462
unet,78,5.840882352218326,4.226053588092327
unet,79,5.715057274098453,4.542337492108345
unet,80,5.716831520140878,4.162193447351456
unet,81,5.718352864853478,4.242749892175198
unet,82,5.713023525924079,4.194904021918774
unet,83,5.673041881779908,4.301959380507469
unet,84,5.628000212281118,4.061117976903915
unet,85,5.654256582731315,4.365727543830872
unet,86,5.612653716043993,4.115038618445396
unet,87,5.622381794594022,4.200104534626007
unet,88,5.53500829572263,4.224012613296509
unet,89,5.641252393779076,4.103574596345425
unet,90,5.595285064146924,4.139813952147961
unet,91,5.614381997010454,4.149101950228214
unet,92,5.516631390266268,4.112585358321667
unet,93,5.493463129335241,4.151015087962151
unet,94,5.539256394498433,4.339828081429005
unet,95,5.635432007284503,4.987063713371754
unet,96,5.522133333409728,4.109498910605907
unet,97,5.434859216095431,4.190897271037102
unet,98,5.63065485944861,4.163220606744289
unet,99,5.515716803403711,4.254253998398781
unet,100,5.525683200053075,4.05887296795845
unet,101,5.48084302758982,4.212800480425358
unet,102,5.512978364356422,4.435012266039848
unet,103,5.522484094257883,4.035845071077347
unet,104,5.450410583744878,4.048745155334473
unet,105,5.465432080355558,4.182215817272663
unet,106,5.416381254497724,4.161642238497734
unet,107,5.361921028657393,4.171249121427536
unet,108,5.4397308053706475,4.120418801903725
unet,109,5.464757471216526,3.993945851922035
unet,110,5.408618169339749,3.9771873354911804
unet,111,5.360608882348057,3.961908258497715
unet,112,5.488374490511747,4.180110394954681
unet,113,5.3931085526236435,4.207436807453632
unet,114,5.418418906658535,3.9775756746530533
unet,115,5.367120893576399,3.995272032916546
unet,116,5.409166577305247,4.028036616742611
unet,117,5.309308168916363,4.037885092198849
unet,118,5.322256135846315,4.013821020722389
unet,119,5.355607353180294,4.025270998477936
unet,120,5.33012094045345,3.897208273410797
pinn,1,7.333083350667841,4.7714493572711945
pinn,2,6.07142887379341,3.9441313296556473
pinn,3,4.893794700562247,3.1020422354340553
pinn,4,4.078833514051475,2.70383732765913
pinn,5,3.7176478276610845,2.5116201639175415
pinn,6,3.4739570824996284,2.3221000134944916
pinn,7,3.283119659649996,2.205448165535927
pinn,8,3.1488528595611514,2.1469950526952744
pinn,9,3.0440654085558867,2.051860049366951
pinn,10,2.938504971534367,2.0032808780670166
pinn,11,2.8637639109796216,1.96463942527771
pinn,12,2.7986524317104355,1.899854689836502
pinn,13,2.744676442956736,1.9385552778840065
pinn,14,2.695236882673422,1.8908195681869984
pinn,15,2.652120132691304,1.8443975374102592
pinn,16,2.6097495683097085,1.8500637635588646
pinn,17,2.578582678858942,1.8535481914877892
pinn,18,2.5379907552432637,1.8209021836519241
pinn,19,2.496911563892138,1.8397393971681595
pinn,20,2.459257396784696,1.8520202860236168
pinn,21,2.4255446841123076,1.786771696060896
pinn,22,2.393966393037276,1.8118263743817806
pinn,23,2.357560885753556,1.8171417750418186
pinn,24,2.3258511991840107,1.8302121423184872
pinn,25,2.287268976920207,1.8717655092477798
pinn,26,2.2596731230675466,1.820495843887329
pinn,27,2.2265926561807925,1.8280653692781925
pinn,28,2.18481705664646,1.8035815991461277
pinn,29,2.1565730477510234,1.898141149431467
pinn,30,2.11362316108975,1.8086680695414543
pinn,31,2.0713082912411145,1.8258652575314045
pinn,32,2.032952371322119,1.8628744781017303
pinn,33,1.9865421834199324,1.8378075771033764
pinn,34,1.942926869562021,1.9006147347390652
pinn,35,1.9312646111009621,1.8282388150691986
pinn,36,1.8798909587822412,1.9015133269131184
pinn,37,1.8452626725901728,1.8590634539723396
pinn,38,1.8064516419949739,1.8249134048819542
pinn,39,1.7870802580132314,1.94518231600523
pinn,40,1.7594244185643706,1.8245775364339352
pinn,41,1.7296556281478037,1.8960641212761402
fno,1,235.85865993650535,7.159315750002861
fno,2,9.157136824291214,6.991602450609207
fno,3,9.033012444793943,6.813189119100571
fno,4,8.922514237905208,6.857269793748856
fno,5,8.943288940686012,6.874797493219376
fno,6,8.909616148047768,6.877817466855049
fno,7,8.849825139102258,6.870506003499031
fno,8,8.923866008110197,6.756258741021156
fno,9,8.742896997881502,6.825683295726776
fno,10,8.714212456710724,6.788502797484398
fno,11,8.606952834035097,6.842560961842537
fno,12,8.548530612067271,7.425026252865791
fno,13,8.138338160609068,7.313590109348297
fno,14,6.884778290398036,4.4952855706214905
fno,15,6.008740010468856,4.238965541124344
fno,16,5.787112896621463,4.014229342341423
fno,17,5.574766400303294,4.0598500072956085
fno,18,5.634119629859924,3.9422255754470825
fno,19,5.469015127114156,3.8109525218605995
fno,20,5.500113360259844,3.910556510090828
fno,21,5.523327158373807,4.009238928556442
fno,22,5.421120644086906,4.166804596781731
fno,23,5.53406320753776,4.21478321403265
fno,24,5.514021186489361,3.779762715101242
fno,25,5.264915469135691,3.667877621948719
fno,26,5.22215418476361,3.780453532934189
fno,27,5.2720077928347076,3.8657052144408226
fno,28,5.215714663620523,3.7465948909521103
fno,29,5.255431045185436,4.141228199005127
fno,30,5.290346579589391,3.720592498779297
fno,31,5.176432456188051,3.7431117445230484
fno,32,5.107638309360022,4.476023375988007
fno,33,5.2279201430294355,4.077155694365501
fno,34,5.153078439207416,3.7697999328374863
fno,35,5.177789199611415,3.8482558205723763
fno,36,5.141788571248413,4.314685642719269
fno,37,5.1278206091153296,4.077416270971298
fno,38,5.283578432595777,4.077622517943382
fno,39,4.936970968962658,3.994661569595337
fno,40,5.146111161341309,3.7417862117290497
fno,41,5.07739145199772,3.882831498980522
fno,42,5.160156319735078,4.588592439889908
fno,43,5.070031634196933,3.7983455136418343
fno,44,5.096026387610454,4.002980202436447
fno,45,5.198265949256807,3.932051219046116
deeponet,1,7.763701333358825,4.003545492887497
deeponet,2,4.520402030040153,2.6668701246380806
deeponet,3,3.407018744427225,2.174429077655077
deeponet,4,2.9566931498380518,1.9825091660022736
deeponet,5,2.706301893641355,1.9978763572871685
deeponet,6,2.5681426572234263,1.8873876221477985
deeponet,7,2.4541583117760215,2.0438605546951294
deeponet,8,2.379122942332694,1.926288302987814
deeponet,9,2.259907047267959,1.8774640820920467
deeponet,10,2.160617722824157,2.085617519915104
deeponet,11,1.9725061089625,2.9417794197797775
deeponet,12,1.8509164289994673,1.8743183948099613
deeponet,13,1.7375483074678262,2.4115426763892174
deeponet,14,1.6117413084026382,2.1943102329969406
deeponet,15,1.496453072242586,2.7146795988082886
deeponet,16,1.4182421685207502,2.110479488968849
deeponet,17,1.3505912524438186,2.2676814384758472
deeponet,18,1.2531444847348179,2.1403663344681263
deeponet,19,1.241491625431498,2.463371505960822
deeponet,20,1.2397692745382136,2.5637312717735767
deeponet,21,1.1520800208856936,2.2081213239580393
deeponet,22,1.0989143290067378,2.344595327973366
deeponet,23,1.0441430967315855,2.229503095149994
deeponet,24,0.9918739051215734,2.273442178964615
deeponet,25,1.000087074140315,3.472254291176796
deeponet,26,0.936881202718486,2.457532174885273
deeponet,27,0.922941872489311,2.77115735411644
deeponet,28,0.9141084365693948,2.9118791706860065
deeponet,29,0.8358905612244436,2.4911574870347977
deeponet,30,0.9536397956576743,2.5791874676942825
deeponet,31,0.8688242762927482,2.9413710832595825
deeponet,32,0.9440466574293823,2.644004598259926
