naca,Re,reference_case,reference_AoA,case,AoA,max_abs_pressure_difference_Pa,exact_duplicate_across_AoA
0006,100000.0,case_001,-4.0,case_005,-2.0,3.3841747886908706,False
0006,100000.0,case_001,-4.0,case_009,0.0,6.504433491150849,False
0006,100000.0,case_001,-4.0,case_013,2.0,8.489549066929612,False
0006,100000.0,case_001,-4.0,case_017,4.0,9.639181682781782,False
0006,100000.0,case_001,-4.0,case_021,6.0,12.335156578468741,False
0006,100000.0,case_001,-4.0,case_025,8.0,14.28345402222476,False
0006,100000.0,case_001,-4.0,case_029,10.0,16.323804917978123,False
0006,200000.0,case_002,-4.0,case_006,-2.0,13.633016796215088,False
0006,200000.0,case_002,-4.0,case_010,0.0,25.66139788136934,False
0006,200000.0,case_002,-4.0,case_014,2.0,33.665934985125205,False
0006,200000.0,case_002,-4.0,case_018,4.0,38.19140093406895,False
0006,200000.0,case_002,-4.0,case_022,6.0,49.69308640944655,False
0006,200000.0,case_002,-4.0,case_026,8.0,57.43878873749054,False
0006,200000.0,case_002,-4.0,case_030,10.0,7857451.069732161,False
0006,500000.0,case_003,-4.0,case_007,-2.0,85.6893209242262,False
0006,500000.0,case_003,-4.0,case_011,0.0,161.28853995879763,False
0006,500000.0,case_003,-4.0,case_015,2.0,211.56088443283807,False
0006,500000.0,case_003,-4.0,case_019,4.0,239.93467391474405,False
0006,500000.0,case_003,-4.0,case_023,6.0,312.0261265219742,False
0006,500000.0,case_003,-4.0,case_027,8.0,359.07194232226175,False
0006,500000.0,case_003,-4.0,case_031,10.0,380.2549238892534,False
0006,1000000.0,case_004,-4.0,case_008,-2.0,343.40256048043375,False
0006,1000000.0,case_004,-4.0,case_012,0.0,646.3644507346617,False
0006,1000000.0,case_004,-4.0,case_016,2.0,847.7803891928634,False
0006,1000000.0,case_004,-4.0,case_020,4.0,961.396813565676,False
0006,1000000.0,case_004,-4.0,case_024,6.0,1249.9756130856986,False
0006,1000000.0,case_004,-4.0,case_028,8.0,1438.322390082365,False
0006,1000000.0,case_004,-4.0,case_032,10.0,1522.5831686260644,False
0008,100000.0,case_033,-4.0,case_037,-2.0,86345.67431509256,False
0008,100000.0,case_033,-4.0,case_041,0.0,86344.88720505127,False
0008,100000.0,case_033,-4.0,case_045,2.0,86344.04801502505,False
0008,100000.0,case_033,-4.0,case_049,4.0,86343.19292308095,False
0008,100000.0,case_033,-4.0,case_053,6.0,86342.33904075349,False
0008,100000.0,case_033,-4.0,case_057,8.0,86341.55547761674,False
0008,100000.0,case_033,-4.0,case_061,10.0,86340.92157846093,False
0008,200000.0,case_034,-4.0,case_038,-2.0,8.111104402152705,False
0008,200000.0,case_034,-4.0,case_042,0.0,14.768804957100656,False
0008,200000.0,case_034,-4.0,case_046,2.0,20.778493940873886,False
0008,200000.0,case_034,-4.0,case_050,4.0,25.911752276530024,False
0008,200000.0,case_034,-4.0,case_054,6.0,34.474213056397275,False
0008,200000.0,case_034,-4.0,case_058,8.0,42.70512865882483,False
0008,200000.0,case_034,-4.0,case_062,10.0,46.474426761691575,False
0008,500000.0,case_035,-4.0,case_039,-2.0,51.081499893785804,False
0008,500000.0,case_035,-4.0,case_043,0.0,92.74113669664075,False
0008,500000.0,case_035,-4.0,case_047,2.0,130.46438657904218,False
0008,500000.0,case_035,-4.0,case_051,4.0,162.50508805483696,False
0008,500000.0,case_035,-4.0,case_055,6.0,213.1917194917769,False
0008,500000.0,case_035,-4.0,case_059,8.0,259.02351496959454,False
0008,500000.0,case_035,-4.0,case_063,10.0,291.48635321945767,False
0008,1000000.0,case_036,-4.0,case_040,-2.0,204.8468816520617,False
0008,1000000.0,case_036,-4.0,case_044,0.0,371.5455741638434,False
0008,1000000.0,case_036,-4.0,case_048,2.0,522.6558503926499,False
0008,1000000.0,case_036,-4.0,case_052,4.0,650.7624302681652,False
0008,1000000.0,case_036,-4.0,case_056,6.0,853.8455164238985,False
0008,1000000.0,case_036,-4.0,case_060,8.0,1037.4923190150148,False
0008,1000000.0,case_036,-4.0,case_064,10.0,1167.2310741321999,False
0010,100000.0,case_065,-4.0,case_069,-2.0,2.2410206114000175,False
0010,100000.0,case_065,-4.0,case_073,0.0,4.2231916244491,False
0010,100000.0,case_065,-4.0,case_077,2.0,5.88774134517007,False
0010,100000.0,case_065,-4.0,case_081,4.0,7.217098457127577,False
0010,100000.0,case_065,-4.0,case_085,6.0,9.173903753500781,False
0010,100000.0,case_065,-4.0,case_089,8.0,11.223423409828683,False
0010,100000.0,case_065,-4.0,case_093,10.0,12.458593524963362,False
0010,200000.0,case_066,-4.0,case_070,-2.0,8.973399018097552,False
0010,200000.0,case_066,-4.0,case_074,0.0,16.902749195782235,False
0010,200000.0,case_066,-4.0,case_078,2.0,23.55107345574652,False
0010,200000.0,case_066,-4.0,case_082,4.0,29.110053279990098,False
0010,200000.0,case_066,-4.0,case_086,6.0,36.83057972448296,False
0010,200000.0,case_066,-4.0,case_090,8.0,44.12532546465809,False
0010,200000.0,case_066,-4.0,case_094,10.0,49.3359245587053,False
0010,500000.0,case_067,-4.0,case_071,-2.0,56.45939205340983,False
0010,500000.0,case_067,-4.0,case_075,0.0,106.32449960413214,False
0010,500000.0,case_067,-4.0,case_079,2.0,148.10813053807942,False
0010,500000.0,case_067,-4.0,case_083,4.0,181.44964478835755,False
0010,500000.0,case_067,-4.0,case_087,6.0,227.46560123149538,False
0010,500000.0,case_067,-4.0,case_091,8.0,274.0719818197249,False
0010,500000.0,case_067,-4.0,case_095,10.0,310.4316226822266,False
0010,1000000.0,case_068,-4.0,case_072,-2.0,226.33542968351685,False
0010,1000000.0,case_068,-4.0,case_076,0.0,426.2037542332255,False
0010,1000000.0,case_068,-4.0,case_080,2.0,593.6471216423088,False
0010,1000000.0,case_068,-4.0,case_084,4.0,727.2090347205958,False
0010,1000000.0,case_068,-4.0,case_088,6.0,911.4441695201385,False
0010,1000000.0,case_068,-4.0,case_092,8.0,1098.25792888063,False
0010,1000000.0,case_068,-4.0,case_096,10.0,1242.3926207507466,False
0012,100000.0,case_097,-4.0,case_101,-2.0,2.396673777664546,False
0012,100000.0,case_097,-4.0,case_105,0.0,4.5078311538818525,False
0012,100000.0,case_097,-4.0,case_109,2.0,6.2546050351520535,False
0012,100000.0,case_097,-4.0,case_113,4.0,7.581608196298475,False
0012,100000.0,case_097,-4.0,case_117,6.0,9.88069322683441,False
0012,100000.0,case_097,-4.0,case_121,8.0,12.158419328319724,False
0012,100000.0,case_097,-4.0,case_125,10.0,14.12205687558162,False
0012,200000.0,case_098,-4.0,case_102,-2.0,9.6522562411119,False
0012,200000.0,case_098,-4.0,case_106,0.0,18.16022626697668,False
0012,200000.0,case_098,-4.0,case_110,2.0,25.19963600259507,False
0012,200000.0,case_098,-4.0,case_114,4.0,30.549792028585216,False
0012,200000.0,case_098,-4.0,case_118,6.0,39.817286687524756,False
0012,200000.0,case_098,-4.0,case_122,8.0,48.34540474040841,False
0012,200000.0,case_098,-4.0,case_126,10.0,57.09897041070508,False
0012,500000.0,case_099,-4.0,case_103,-2.0,60.72963151318254,False
0012,500000.0,case_099,-4.0,case_107,0.0,114.24409991578432,False
0012,500000.0,case_099,-4.0,case_111,2.0,158.49721284251427,False
0012,500000.0,case_099,-4.0,case_115,4.0,192.14004604623187,False
0012,500000.0,case_099,-4.0,case_119,6.0,246.0713946380274,False
0012,500000.0,case_099,-4.0,case_123,8.0,300.4314134332235,False
0012,500000.0,case_099,-4.0,case_127,10.0,355.30344493995653,False
0012,1000000.0,case_100,-4.0,case_104,-2.0,243.4532578419603,False
0012,1000000.0,case_100,-4.0,case_108,0.0,457.9625963400176,False
0012,1000000.0,case_100,-4.0,case_112,2.0,635.3158553823887,False
0012,1000000.0,case_100,-4.0,case_116,4.0,770.1602090463421,False
0012,1000000.0,case_100,-4.0,case_120,6.0,986.2021145352919,False
0012,1000000.0,case_100,-4.0,case_124,8.0,1204.3292210169602,False
0012,1000000.0,case_100,-4.0,case_128,10.0,1424.436821671523,False
0015,100000.0,case_129,-4.0,case_133,-2.0,2.693903943451005,False
0015,100000.0,case_129,-4.0,case_137,0.0,5.080119511228986,False
0015,100000.0,case_129,-4.0,case_141,2.0,7.026000610028859,False
0015,100000.0,case_129,-4.0,case_145,4.0,8.431712241261266,False
0015,100000.0,case_129,-4.0,case_149,6.0,10.148004578746622,False
0015,100000.0,case_129,-4.0,case_153,8.0,12.76307782906224,False
0015,100000.0,case_129,-4.0,case_157,10.0,15.975571267583291,False
0015,200000.0,case_130,-4.0,case_134,-2.0,10.785437493788777,False
0015,200000.0,case_130,-4.0,case_138,0.0,20.3398639333318,False
0015,200000.0,case_130,-4.0,case_142,2.0,28.13391724790563,False
0015,200000.0,case_130,-4.0,case_146,4.0,33.72138933264068,False
0015,200000.0,case_130,-4.0,case_150,6.0,40.79157865924935,False
0015,200000.0,case_130,-4.0,case_154,8.0,51.87906201169244,False
0015,200000.0,case_130,-4.0,case_158,10.0,64.3866899626446,False
0015,500000.0,case_131,-4.0,case_135,-2.0,67.96222730986483,False
0015,500000.0,case_131,-4.0,case_139,0.0,128.15150886085758,False
0015,500000.0,case_131,-4.0,case_143,2.0,177.22115785496135,False
0015,500000.0,case_131,-4.0,case_147,4.0,212.33720850208192,False
0015,500000.0,case_131,-4.0,case_151,6.0,250.5074417102005,False
0015,500000.0,case_131,-4.0,case_155,8.0,321.89558870096516,False
0015,500000.0,case_131,-4.0,case_159,10.0,391.6136230205884,False
0015,1000000.0,case_132,-4.0,case_136,-2.0,272.5841003472451,False
0015,1000000.0,case_132,-4.0,case_140,0.0,513.9723389590654,False
0015,1000000.0,case_132,-4.0,case_144,2.0,710.7270518873702,False
0015,1000000.0,case_132,-4.0,case_148,4.0,859.3195936226111,False
0015,1000000.0,case_132,-4.0,case_152,6.0,1004.0877229107573,False
0015,1000000.0,case_132,-4.0,case_156,8.0,1290.493228397012,False
0015,1000000.0,case_132,-4.0,case_160,10.0,1570.3064298355603,False
0018,100000.0,case_161,-4.0,case_165,-2.0,2.7798775174160255,False
0018,100000.0,case_161,-4.0,case_169,0.0,4.948173241922632,False
0018,100000.0,case_161,-4.0,case_173,2.0,6.504588155847159,False
0018,100000.0,case_161,-4.0,case_177,4.0,7.631972040660912,False
0018,100000.0,case_161,-4.0,case_181,6.0,10.28556670267426,False
0018,100000.0,case_161,-4.0,case_185,8.0,13.864141982776346,False
0018,100000.0,case_161,-4.0,case_189,10.0,16.909823980604415,False
0018,200000.0,case_162,-4.0,case_166,-2.0,11.44879953059717,False
0018,200000.0,case_162,-4.0,case_170,0.0,20.1479470358463,False
0018,200000.0,case_162,-4.0,case_174,2.0,26.375030354756746,False
0018,200000.0,case_162,-4.0,case_178,4.0,30.919881268273457,False
0018,200000.0,case_162,-4.0,case_182,6.0,41.462198088367586,False
0018,200000.0,case_162,-4.0,case_186,8.0,53.8255205283931,False
0018,200000.0,case_162,-4.0,case_190,10.0,68.42322474390676,False
0018,500000.0,case_163,-4.0,case_167,-2.0,64.7464907096437,False
0018,500000.0,case_163,-4.0,case_171,0.0,119.6734786379966,False
0018,500000.0,case_163,-4.0,case_175,2.0,161.2290069454466,False
0018,500000.0,case_163,-4.0,case_179,4.0,189.29146417911397,False
0018,500000.0,case_163,-4.0,case_183,6.0,261.33306205306144,False
0018,500000.0,case_163,-4.0,case_187,8.0,339.05970608771895,False
0018,500000.0,case_163,-4.0,case_191,10.0,418.3715470469906,False
0018,1000000.0,case_164,-4.0,case_168,-2.0,259.9010182596103,False
0018,1000000.0,case_164,-4.0,case_172,0.0,480.3566252887249,False
0018,1000000.0,case_164,-4.0,case_176,2.0,647.1856848993048,False
0018,1000000.0,case_164,-4.0,case_180,4.0,758.4089797254273,False
0018,1000000.0,case_164,-4.0,case_184,6.0,1047.4480453844444,False
0018,1000000.0,case_164,-4.0,case_188,8.0,1359.449239656402,False
0018,1000000.0,case_164,-4.0,case_192,10.0,1678.0329239622079,False
2412,100000.0,case_193,-4.0,case_197,-2.0,2.2986154348618584,False
2412,100000.0,case_193,-4.0,case_201,0.0,4.385888312375755,False
2412,100000.0,case_193,-4.0,case_205,2.0,6.151488754869206,False
2412,100000.0,case_193,-4.0,case_209,4.0,7.606164602097124,False
2412,100000.0,case_193,-4.0,case_213,6.0,9.941187631469802,False
2412,100000.0,case_193,-4.0,case_217,8.0,12.846841019039857,False
2412,100000.0,case_193,-4.0,case_221,10.0,15.486403634626186,False
2412,200000.0,case_194,-4.0,case_198,-2.0,9.40872048397432,False
2412,200000.0,case_194,-4.0,case_202,0.0,17.47221771319164,False
2412,200000.0,case_194,-4.0,case_206,2.0,24.54568687887513,False
2412,200000.0,case_194,-4.0,case_210,4.0,30.413588291965425,False
2412,200000.0,case_194,-4.0,case_214,6.0,39.58803473072476,False
2412,200000.0,case_194,-4.0,case_218,8.0,51.89083622141334,False
2412,200000.0,case_194,-4.0,case_222,10.0,60.28645557854907,False
2412,500000.0,case_195,-4.0,case_199,-2.0,59.05756627883238,False
2412,500000.0,case_195,-4.0,case_203,0.0,109.74320770120539,False
2412,500000.0,case_195,-4.0,case_207,2.0,154.17434048441646,False
2412,500000.0,case_195,-4.0,case_211,4.0,191.00525037570333,False
2412,500000.0,case_195,-4.0,case_215,6.0,249.06930459510477,False
2412,500000.0,case_195,-4.0,case_219,8.0,315.46693490751204,False
2412,500000.0,case_195,-4.0,case_223,10.0,376.06956961787364,False
2412,1000000.0,case_196,-4.0,case_200,-2.0,220.1809269482619,False
2412,1000000.0,case_196,-4.0,case_204,0.0,423.3093271382095,False
2412,1000000.0,case_196,-4.0,case_208,2.0,601.3294203409168,False
2412,1000000.0,case_196,-4.0,case_212,4.0,748.8624227725377,False
2412,1000000.0,case_196,-4.0,case_216,6.0,1007.7062565274973,False
2412,1000000.0,case_196,-4.0,case_220,8.0,1273.988162340378,False
2412,1000000.0,case_196,-4.0,case_224,10.0,1517.0756311693403,False
2415,100000.0,case_225,-4.0,case_229,-2.0,2.3972570747573627,False
2415,100000.0,case_225,-4.0,case_233,0.0,4.631742697180016,False
2415,100000.0,case_225,-4.0,case_237,2.0,6.399902723918785,False
2415,100000.0,case_225,-4.0,case_241,4.0,8.132756250735838,False
2415,100000.0,case_225,-4.0,case_245,6.0,11.198988966090837,False
2415,100000.0,case_225,-4.0,case_249,8.0,14.15097200332093,False
2415,100000.0,case_225,-4.0,case_253,10.0,17.665590207325295,False
2415,200000.0,case_226,-4.0,case_230,-2.0,8.73438173197792,False
2415,200000.0,case_226,-4.0,case_234,0.0,17.77904810664768,False
2415,200000.0,case_226,-4.0,case_238,2.0,24.87082867641584,False
2415,200000.0,case_226,-4.0,case_242,4.0,33.02145551647118,False
2415,200000.0,case_226,-4.0,case_246,6.0,45.43602549112984,False
2415,200000.0,case_226,-4.0,case_250,8.0,57.032255796846584,False
2415,200000.0,case_226,-4.0,case_254,10.0,71.65126189788862,False
2415,500000.0,case_227,-4.0,case_231,-2.0,55.179958632201306,False
2415,500000.0,case_227,-4.0,case_235,0.0,111.89661674186937,False
2415,500000.0,case_227,-4.0,case_239,2.0,156.4882469252916,False
2415,500000.0,case_227,-4.0,case_243,4.0,207.6220797472197,False
2415,500000.0,case_227,-4.0,case_247,6.0,278.94796158398094,False
2415,500000.0,case_227,-4.0,case_251,8.0,359.16097759467084,False
2415,500000.0,case_227,-4.0,case_255,10.0,437.25161564223527,False
2415,1000000.0,case_228,-4.0,case_232,-2.0,221.5221955316665,False
2415,1000000.0,case_228,-4.0,case_236,0.0,448.63450521524646,False
2415,1000000.0,case_228,-4.0,case_240,2.0,627.3564895332674,False
2415,1000000.0,case_228,-4.0,case_244,4.0,812.5594664632808,False
2415,1000000.0,case_228,-4.0,case_248,6.0,1118.3526186852978,False
2415,1000000.0,case_228,-4.0,case_252,8.0,1440.2392032112111,False
2415,1000000.0,case_228,-4.0,case_256,10.0,1753.7790241042094,False
4412,100000.0,case_257,-4.0,case_261,-2.0,2.0664093102823244,False
4412,100000.0,case_257,-4.0,case_265,0.0,3.976753897353774,False
4412,100000.0,case_257,-4.0,case_269,2.0,5.619441518196254,False
4412,100000.0,case_257,-4.0,case_273,4.0,7.572375006740913,False
4412,100000.0,case_257,-4.0,case_277,6.0,10.408191369788256,False
4412,100000.0,case_257,-4.0,case_281,8.0,13.749258161260514,False
4412,100000.0,case_257,-4.0,case_285,10.0,16.704210624171537,False
4412,200000.0,case_258,-4.0,case_262,-2.0,8.465217230055714,False
4412,200000.0,case_258,-4.0,case_266,0.0,15.719335489833611,False
4412,200000.0,case_258,-4.0,case_270,2.0,22.2652519998519,False
4412,200000.0,case_258,-4.0,case_274,4.0,3984513.587866953,False
4412,200000.0,case_258,-4.0,case_278,6.0,42.45041649721679,False
4412,200000.0,case_258,-4.0,case_282,8.0,54.33929830598936,False
4412,200000.0,case_258,-4.0,case_286,10.0,68.16631199566473,False
4412,500000.0,case_259,-4.0,case_263,-2.0,51.10364002168353,False
4412,500000.0,case_259,-4.0,case_267,0.0,96.23232532729162,False
4412,500000.0,case_259,-4.0,case_271,2.0,137.47866808410618,False
4412,500000.0,case_259,-4.0,case_275,4.0,194.4700774713274,False
4412,500000.0,case_259,-4.0,case_279,6.0,266.42758138026693,False
4412,500000.0,case_259,-4.0,case_283,8.0,341.48693567188457,False
4412,500000.0,case_259,-4.0,case_287,10.0,412.6894960017671,False
4412,1000000.0,case_260,-4.0,case_264,-2.0,204.76484157910454,False
4412,1000000.0,case_260,-4.0,case_268,0.0,385.5363057795039,False
4412,1000000.0,case_260,-4.0,case_272,2.0,550.8383132391318,False
4412,1000000.0,case_260,-4.0,case_276,4.0,779.8253612784465,False
4412,1000000.0,case_260,-4.0,case_280,6.0,1068.4987033866928,False
4412,1000000.0,case_260,-4.0,case_284,8.0,1369.7407526268362,False
4412,1000000.0,case_260,-4.0,case_288,10.0,1655.5497145408444,False
4415,100000.0,case_289,-4.0,case_293,-2.0,2.3528703207412036,False
4415,100000.0,case_289,-4.0,case_297,0.0,4.628942111026845,False
4415,100000.0,case_289,-4.0,case_301,2.0,6.442454830365023,False
4415,100000.0,case_289,-4.0,case_305,4.0,7.855789668887155,False
4415,100000.0,case_289,-4.0,case_309,6.0,9.632745957133011,False
4415,100000.0,case_289,-4.0,case_313,8.0,12.571221387785044,False
4415,100000.0,case_289,-4.0,case_317,10.0,15.087632847949862,False
4415,200000.0,case_290,-4.0,case_294,-2.0,9.443201707748813,False
4415,200000.0,case_290,-4.0,case_298,0.0,18.526748291260446,False
4415,200000.0,case_290,-4.0,case_302,2.0,25.82960200558591,False
4415,200000.0,case_290,-4.0,case_306,4.0,31.495228320010938,False
4415,200000.0,case_290,-4.0,case_310,6.0,38.97741960140411,False
4415,200000.0,case_290,-4.0,case_314,8.0,49.040889520634664,False
4415,200000.0,case_290,-4.0,case_318,10.0,61.2726536605478,False
4415,500000.0,case_291,-4.0,case_295,-2.0,61.01638337883924,False
4415,500000.0,case_291,-4.0,case_299,0.0,116.45640187973913,False
4415,500000.0,case_291,-4.0,case_303,2.0,162.27706316650438,False
4415,500000.0,case_291,-4.0,case_307,4.0,197.72210236793035,False
4415,500000.0,case_291,-4.0,case_311,6.0,237.53866563460906,False
4415,500000.0,case_291,-4.0,case_315,8.0,309.23906952848483,False
4415,500000.0,case_291,-4.0,case_319,10.0,381.3051928894565,False
4415,1000000.0,case_292,-4.0,case_296,-2.0,244.57153694359295,False
4415,1000000.0,case_292,-4.0,case_300,0.0,466.71393655758584,False
4415,1000000.0,case_292,-4.0,case_304,2.0,650.2349329367571,False
4415,1000000.0,case_292,-4.0,case_308,4.0,792.0601097995823,False
4415,1000000.0,case_292,-4.0,case_312,6.0,952.9808517542988,False
4415,1000000.0,case_292,-4.0,case_316,8.0,1240.7050140034262,False
4415,1000000.0,case_292,-4.0,case_320,10.0,1529.8835527136398,False
4418,100000.0,case_321,-4.0,case_325,-2.0,2.2773993122245884,False
4418,100000.0,case_321,-4.0,case_329,0.0,4.227639153774362,False
4418,100000.0,case_321,-4.0,case_333,2.0,5.9855924768635305,False
4418,100000.0,case_321,-4.0,case_337,4.0,7.289818284203648,False
4418,100000.0,case_321,-4.0,case_341,6.0,8.135413023381261,False
4418,100000.0,case_321,-4.0,case_345,8.0,10.437776498132735,False
4418,100000.0,case_321,-4.0,case_349,10.0,12.846790703522856,False
4418,200000.0,case_322,-4.0,case_326,-2.0,9.143868158600526,False
4418,200000.0,case_322,-4.0,case_330,0.0,16.98555315642443,False
4418,200000.0,case_322,-4.0,case_334,2.0,24.01178335135046,False
4418,200000.0,case_322,-4.0,case_338,4.0,29.225422056697425,False
4418,200000.0,case_322,-4.0,case_342,6.0,32.86114640918095,False
4418,200000.0,case_322,-4.0,case_346,8.0,40.56952929290128,False
4418,200000.0,case_322,-4.0,case_350,10.0,49.74741584873118,False
4418,500000.0,case_323,-4.0,case_327,-2.0,57.558418527580216,False
4418,500000.0,case_323,-4.0,case_331,0.0,106.82641453320684,False
4418,500000.0,case_323,-4.0,case_335,2.0,150.99252728189458,False
4418,500000.0,case_323,-4.0,case_339,4.0,183.6195067701192,False
4418,500000.0,case_323,-4.0,case_343,6.0,205.68662697325635,False
4418,500000.0,case_323,-4.0,case_347,8.0,255.78601386329683,False
4418,500000.0,case_323,-4.0,case_351,10.0,313.7184508681821,False
4418,1000000.0,case_324,-4.0,case_328,-2.0,230.77893580192176,False
4418,1000000.0,case_324,-4.0,case_332,0.0,434.74389028576843,False
4418,1000000.0,case_324,-4.0,case_336,2.0,605.1948362979601,False
4418,1000000.0,case_324,-4.0,case_340,4.0,735.7578070143209,False
4418,1000000.0,case_324,-4.0,case_344,6.0,827.371665621351,False
4418,1000000.0,case_324,-4.0,case_348,8.0,1026.1376805540058,False
4418,1000000.0,case_324,-4.0,case_352,10.0,1258.71501153383,False
4421,100000.0,case_353,-4.0,case_357,-2.0,2.3454918784700567,False
4421,100000.0,case_353,-4.0,case_361,0.0,4.3914314925496,False
4421,100000.0,case_353,-4.0,case_365,2.0,6.109055841734516,False
4421,100000.0,case_353,-4.0,case_369,4.0,7.417041065447847,False
4421,100000.0,case_353,-4.0,case_373,6.0,9.078825639531715,False
4421,100000.0,case_353,-4.0,case_377,8.0,11.648276321036974,False
4421,100000.0,case_353,-4.0,case_381,10.0,14.33680386703054,False
4421,200000.0,case_354,-4.0,case_358,-2.0,9.591186800113064,False
4421,200000.0,case_354,-4.0,case_362,0.0,17.788951365306275,False
4421,200000.0,case_354,-4.0,case_366,2.0,24.920046545710647,False
4421,200000.0,case_354,-4.0,case_370,4.0,30.045344128098805,False
4421,200000.0,case_354,-4.0,case_374,6.0,36.86699806980323,False
4421,200000.0,case_354,-4.0,case_378,8.0,47.324370433037984,False
4421,200000.0,case_354,-4.0,case_382,10.0,58.27146535925567,False
4421,500000.0,case_355,-4.0,case_359,-2.0,57.78685853119532,False
4421,500000.0,case_355,-4.0,case_363,0.0,105.97637248647516,False
4421,500000.0,case_355,-4.0,case_367,2.0,151.03250653897703,False
4421,500000.0,case_355,-4.0,case_371,4.0,183.11237585930212,False
4421,500000.0,case_355,-4.0,case_375,6.0,224.84578087237605,False
4421,500000.0,case_355,-4.0,case_379,8.0,287.89482000448334,False
4421,500000.0,case_355,-4.0,case_383,10.0,353.3759678931965,False
4421,1000000.0,case_356,-4.0,case_360,-2.0,231.99392632269883,False
4421,1000000.0,case_356,-4.0,case_364,0.0,425.14198763463355,False
4421,1000000.0,case_356,-4.0,case_368,2.0,605.9923114960111,False
4421,1000000.0,case_356,-4.0,case_372,4.0,734.3776274528354,False
4421,1000000.0,case_356,-4.0,case_376,6.0,903.021368312824,False
4421,1000000.0,case_356,-4.0,case_380,8.0,1156.4495929699915,False
4421,1000000.0,case_356,-4.0,case_384,10.0,1419.6811377101258,False
