x,y
1.0001665353775024,0.00124894711188972
1.000124454498291,0.0012606175150722265
0.9999983310699463,0.001295622205361724
0.9997881054878235,0.0013539425563067198
0.9994937777519226,0.0014355472521856427
0.999115526676178,0.0015403927536681294
0.9986532330513,0.0016684228321537375
0.9981071352958679,0.001819568919017911
0.9974772334098816,0.0019937504548579454
0.9967635869979858,0.0021908741910010576
0.995966374874115,0.0024108351208269596
0.9950856566429138,0.00265351589769125
0.9941216111183167,0.002918787067756057
0.993074357509613,0.003206508234143257
0.9919440150260925,0.003516525961458683
0.990730881690979,0.003848676336929202
0.9894350171089172,0.004202783107757568
0.9880566596984863,0.004578659776598215
0.9865959882736206,0.004976107273250818
0.9850532412528992,0.005394916981458664
0.9834287166595459,0.005834868643432856
0.9817225337028503,0.006295731756836176
0.9799350500106812,0.0067772651091217995
0.9780665040016174,0.007279217708855867
0.9761171936988831,0.007801327388733625
0.9740874171257019,0.008343324065208435
0.9719774127006531,0.008904926478862762
0.96978759765625,0.00948584545403719
0.9675182700157166,0.010085780173540115
0.9651697278022766,0.010704423300921917
0.9627424478530884,0.0113414591178298
0.960236668586731,0.011996560730040073
0.9576528668403625,0.0126693956553936
0.9549914002418518,0.013359622098505497
0.9522526264190674,0.014066892676055431
0.9494370818138123,0.014790848828852177
0.9465451836585999,0.015531128272414207
0.9435772895812988,0.016287360340356827
0.9405339360237122,0.017059169709682465
0.9374155402183533,0.01784616895020008
0.9342226386070251,0.018647970631718636
0.930955708026886,0.01946417987346649
0.927615225315094,0.020294396206736565
0.9242017865180969,0.021138209849596024
0.920715868473053,0.021995212882757187
0.9171580672264099,0.022864988073706627
0.9135289192199707,0.023747112601995468
0.9098289012908936,0.024641163647174835
0.9060587882995605,0.025546710938215256
0.9022189974784851,0.02646332047879696
0.8983102440834045,0.027390556409955025
0.8943330645561218,0.028327977284789085
0.8902881741523743,0.029275141656398773
0.8861761689186096,0.030231604352593422
0.8819977045059204,0.03119691275060177
0.877753496170044,0.032170619815588
0.873444139957428,0.033152271062135696
0.8690704107284546,0.034141406416893005
0.8646329641342163,0.03513757511973381
0.8601325154304504,0.0361403189599514
0.8555697798728943,0.03714917227625847
0.8509455323219299,0.0381636768579483
0.8462604880332947,0.0391833670437336
0.8415153622627258,0.04020778834819794
0.836711049079895,0.04123646765947342
0.8318482041358948,0.04226894676685333
0.8269277215003967,0.04330476000905037
0.8219503164291382,0.04434344172477722
0.816916823387146,0.04538452625274658
0.811828076839447,0.04642755165696144
0.8066849112510681,0.04747205600142479
0.8014881610870361,0.04851756989955902
0.7962387204170227,0.04956363886594772
0.7909373641014099,0.05060979351401329
0.7855851054191589,0.05165557935833931
0.7801826596260071,0.052700527012348175
0.7747310400009155,0.05374418944120407
0.7692310810089111,0.05478610098361969
0.7636837959289551,0.05582580715417862
0.7580899596214294,0.056862857192754745
0.7524505853652954,0.05789679288864136
0.7467666268348694,0.05892716720700264
0.7410390377044678,0.05995352938771248
0.7352687120437622,0.06097542867064476
0.7294566631317139,0.061992425471544266
0.7236038446426392,0.06300407648086548
0.7177112102508545,0.06400993466377258
0.7117798328399658,0.06500956416130066
0.7058106660842896,0.06600253283977509
0.6998046636581421,0.06698840856552124
0.6937629580497742,0.0679667517542839
0.6876864433288574,0.06893713772296906
0.6815762519836426,0.06989914178848267
0.675433337688446,0.07085233926773071
0.6692587733268738,0.07179632037878036
0.6630536913871765,0.0727306604385376
0.6568189859390259,0.07365494966506958
0.6505558490753174,0.07456877082586288
0.6442652940750122,0.07547172904014587
0.6379483938217163,0.07636341452598572
0.6316062808036804,0.07724342495203018
0.6252400279045105,0.07811137288808823
0.6188507080078125,0.07896687090396881
0.6124393939971924,0.0798095166683197
0.6060072183609009,0.08063893765211105
0.5995553135871887,0.08145475387573242
0.5930848121643066,0.08225658535957336
0.5865967273712158,0.08304406702518463
0.5800923109054565,0.08381683379411697
0.5735726356506348,0.08457452058792114
0.5670388340950012,0.08531677722930908
0.5604920387268066,0.08604324609041214
0.5539333820343018,0.08675359189510345
0.5473640561103821,0.08744746446609497
0.5407851338386536,0.08812453597784042
0.5341978669166565,0.08878447115421295
0.5276033878326416,0.08942694962024689
0.5210027694702148,0.09005165845155716
0.5143972635269165,0.0906582847237587
0.5077880024909973,0.09124652296304703
0.5011761784553528,0.09181607514619827
0.49456289410591125,0.09236665070056915
0.487949401140213,0.09289796650409698
0.4813368022441864,0.09340974688529968
0.4747263193130493,0.09390172362327576
0.46811914443969727,0.09437362849712372
0.4615163803100586,0.09482520818710327
0.4549192786216736,0.09525622427463531
0.44832897186279297,0.09566643089056015
0.44174665212631226,0.09605559706687927
0.43517348170280457,0.09642351418733597
0.4286106824874878,0.09676995128393173
0.42205938696861267,0.09709472209215164
0.4155208170413971,0.09739761799573898
0.4089961051940918,0.09767846018075943
0.4024864435195923,0.09793707728385925
0.39592909812927246,0.09817102551460266
0.389349102973938,0.09837145358324051
0.38278728723526,0.09853744506835938
0.3762448728084564,0.09866895526647568
0.3697231709957123,0.09876599162817001
0.3632234036922455,0.09882855415344238
0.3567468523979187,0.09885668009519577
0.3502947688102722,0.09885040670633316
0.3438684344291687,0.09880980849266052
0.33746910095214844,0.09873497486114502
0.3310979902744293,0.09862600266933441
0.324756383895874,0.09848301857709885
0.31844550371170044,0.09830617904663086
0.31216660141944885,0.09809563308954239
0.30592089891433716,0.09785156697034836
0.29970961809158325,0.09757418185472488
0.29353398084640503,0.09726370126008987
0.2873952388763428,0.09692037105560303
0.2812945544719696,0.09654442965984344
0.27523311972618103,0.096136175096035
0.26921218633651733,0.09569589048624039
0.26323285698890686,0.09522388875484467
0.2572963833808899,0.0947205126285553
0.25140389800071716,0.09418610483407974
0.2455565482378006,0.09362102299928665
0.23975549638271332,0.09302566945552826
0.23400186002254486,0.0924004390835762
0.22829678654670715,0.09174574911594391
0.22264137864112854,0.0910620391368866
0.21703673899173737,0.09034974873065948
0.21148397028446198,0.08960936218500137
0.20598414540290833,0.08884135633707047
0.20053830742835999,0.08804622292518616
0.1951475441455841,0.08722448348999023
0.18981288373470306,0.08637666702270508
0.18453533947467804,0.08550330251455307
0.1793159395456314,0.08460495620965958
0.17415566742420197,0.08368219435214996
0.1690555214881897,0.08273559808731079
0.1640164703130722,0.08176575601100922
0.1590394526720047,0.08077327162027359
0.1541254222393036,0.07975876331329346
0.1492752879858017,0.07872285693883896
0.14448995888233185,0.07766617834568024
0.13977032899856567,0.07658939063549042
0.1351172775030136,0.07549312710762024
0.1305316537618637,0.07437805831432343
0.12601429224014282,0.0732448548078537
0.12156602740287781,0.07209418714046478
0.11718766391277313,0.070926733314991
0.11287997663021088,0.06974319368600845
0.10864375531673431,0.06854424625635147
0.10447974503040314,0.06733059138059616
0.10038867592811584,0.06610292941331863
0.09637127071619034,0.0648619681596756
0.09242822974920273,0.06360840052366257
0.08856023848056793,0.062342941761016846
0.08476794511079788,0.061066292226314545
0.0810520127415657,0.05977916345000267
0.07741305977106094,0.05848225578665733
0.07385168969631195,0.05717627704143524
0.07036850601434708,0.055861931294202805
0.06696406751871109,0.054539911448955536
0.06363894045352936,0.053210917860269547
0.060393646359443665,0.05187563970685005
0.05722871050238609,0.05053476244211197
0.05414463207125664,0.049188971519470215
0.0511418841779232,0.04783893749117851
0.04822093993425369,0.04648532718420029
0.04538223147392273,0.045128799974918365
0.04262619465589523,0.04377001151442528
0.03995323181152344,0.04240959510207176
0.03736373409628868,0.041048187762498856
0.03485807031393051,0.0396864078938961
0.03243660181760788,0.03832486644387245
0.0300996582955122,0.036964163184165955
0.027847561985254288,0.03560488298535347
0.02568061277270317,0.03424759581685066
0.02359909564256668,0.0328928679227829
0.021603278815746307,0.031541235744953156
0.01969340816140175,0.030193230137228966
0.017869718372821808,0.028849370777606964
0.016132423654198647,0.027510153129696846
0.014481725171208382,0.026176059618592262
0.012917802669107914,0.02484755590558052
0.0114408228546381,0.023525089025497437
0.010050934739410877,0.022209089249372482
0.008748269639909267,0.020899968221783638
0.007532945834100246,0.01959811896085739
0.006405062973499298,0.018303915858268738
0.005364704877138138,0.017017710953950882
0.0044119409285485744,0.015739841386675835
0.00354682351462543,0.014470618218183517
0.0027693898882716894,0.013210336677730083
0.002079661702737212,0.01195926871150732
0.0014776450116187334,0.010717666707932949
0.0009633305598981678,0.0094857607036829
0.0005366940167732537,0.008263758383691311
0.00019769569917116314,0.007051847409456968
-5.371902443584986e-05,0.005850193090736866
-0.00021761989046353847,0.004658938385546207
-0.00029409152921289206,0.0034782039001584053
-0.0002832334430422634,0.002308088820427656
-0.00018515992269385606,0.0011486695148050785
-3.493612865668183e-08,1.746806361779818e-07
0.0002708323299884796,-0.0011315359733998775
0.0006259084912016988,-0.0022395686246454716
0.001065055257640779,-0.0033240856137126684
0.0015880850842222571,-0.004385080188512802
0.0021947957575321198,-0.005422550719231367
0.002884970512241125,-0.00643650209531188
0.0036583784967660904,-0.007426943629980087
0.004514774307608604,-0.008393890224397182
0.0054538981057703495,-0.009337363764643669
0.006475477013736963,-0.010257390327751637
0.0075792232528328896,-0.011154000647366047
0.008764836005866528,-0.012027233839035034
0.01003200002014637,-0.012877130880951881
0.011380387470126152,-0.013703742995858192
0.01280965656042099,-0.014507122337818146
0.01431945338845253,-0.015287330374121666
0.015909409150481224,-0.016044432297348976
0.01757914572954178,-0.016778500750660896
0.019328266382217407,-0.017489612102508545
0.021156370639801025,-0.018177852034568787
0.023063037544488907,-0.018843308091163635
0.025047840550541878,-0.01948607712984085
0.02711033821105957,-0.020106259733438492
0.029250076040625572,-0.020703967660665512
0.031466592103242874,-0.021279310807585716
0.03375941142439842,-0.021832413971424103
0.036128051578998566,-0.02236340381205082
0.03857201337814331,-0.02287241257727146
0.041090790182352066,-0.02335958369076252
0.043683867901563644,-0.023825064301490784
0.046350717544555664,-0.02426900714635849
0.04909081012010574,-0.02469157613813877
0.05190359428524971,-0.025092938914895058
0.05478852242231369,-0.025473270565271378
0.05774502456188202,-0.025832753628492355
0.06077253818511963,-0.026171579957008362
0.06387047469615936,-0.026489945128560066
0.06703826040029526,-0.026788055896759033
0.07027528434991837,-0.027066122740507126
0.07358095049858093,-0.027324369177222252
0.07695464789867401,-0.02756301872432232
0.08039576560258865,-0.02778230793774128
0.08390367031097412,-0.027982482686638832
0.08747773617506027,-0.028163790702819824
0.09111732989549637,-0.02832649089396
0.09482179582118988,-0.028470851480960846
0.09859050065279007,-0.028597144410014153
0.10242277383804321,-0.02870565466582775
0.10631795972585678,-0.028796670958399773
0.11027538776397705,-0.028870491310954094
0.1142943948507309,-0.02892742119729519
0.1183742955327034,-0.028967775404453278
0.12251441180706024,-0.028991874307394028
0.1267140507698059,-0.029000047594308853
0.13097253441810608,-0.028992632403969765
0.13528914749622345,-0.02896997332572937
0.1396632045507431,-0.028932420536875725
0.14409397542476654,-0.02888033725321293
0.14858077466487885,-0.02881408855319023
0.1531228870153427,-0.028734048828482628
0.15771958231925964,-0.02864059992134571
0.16237014532089233,-0.02853412926197052
0.16707384586334229,-0.028415031731128693
0.1718299388885498,-0.02828371152281761
0.17663772404193878,-0.02814057655632496
0.18149642646312714,-0.027986040338873863
0.18640533089637756,-0.0278205256909132
0.19136367738246918,-0.027644457295536995
0.19637072086334229,-0.027458271011710167
0.2014256864786148,-0.027262402698397636
0.20652785897254944,-0.02705729566514492
0.2116764336824417,-0.026843398809432983
0.21687066555023193,-0.026621166616678238
0.22210979461669922,-0.026391053572297096
0.2273930162191391,-0.026153525337576866
0.23271958529949188,-0.025909043848514557
0.2380886971950531,-0.025658080354332924
0.24349957704544067,-0.025401104241609573
0.24895142018795013,-0.025138594210147858
0.2544434666633606,-0.02487102523446083
0.259974867105484,-0.024598879739642143
0.2655448615550995,-0.02432263456285
0.2711526155471802,-0.024042775854468346
0.2767973244190216,-0.023759786039590836
0.2824781835079193,-0.02347414940595627
0.28819435834884644,-0.023186352103948593
0.2939450442790985,-0.02289687655866146
0.2997293770313263,-0.02260620892047882
0.30554652214050293,-0.022314829751849174
0.31139567494392395,-0.022023219615221024
0.3172759711742401,-0.02173186093568802
0.3231865465641022,-0.021441226825118065
0.3291265666484833,-0.021151795983314514
0.3350951373577118,-0.020864035934209824
0.34109142422676086,-0.02057841420173645
0.34711456298828125,-0.0202953964471817
0.3531636595726013,-0.02001544088125229
0.35923781991004944,-0.019739000126719475
0.365336149930954,-0.019466523081064224
0.3714577853679657,-0.019198451191186905
0.37760183215141296,-0.018935224041342735
0.38376736640930176,-0.01867726631462574
0.38995346426963806,-0.018425004556775093
0.39615923166275024,-0.018178852275013924
0.402423232793808,-0.017938414588570595
0.4087683856487274,-0.017695993185043335
0.415129691362381,-0.01744980923831463
0.4215061366558075,-0.017200160771608353
0.4278967082500458,-0.016947345808148384
0.4343003034591675,-0.016691656783223152
0.4407159686088562,-0.01643338054418564
0.4471425712108612,-0.016172807663679123
0.4535791277885437,-0.01591021567583084
0.46002453565597534,-0.015645885840058327
0.46647775173187256,-0.015380087308585644
0.4729377031326294,-0.015113091096282005
0.47940337657928467,-0.014845157973468304
0.48587366938591003,-0.014576547779142857
0.49234750866889954,-0.01430751197040081
0.4988238513469696,-0.014038296416401863
0.5053015947341919,-0.01376914232969284
0.5117796659469604,-0.013500284403562546
0.5182570219039917,-0.01323195081204176
0.5247325897216797,-0.01296436320990324
0.5312052369117737,-0.012697737663984299
0.5376739501953125,-0.0124322809278965
0.5441375970840454,-0.012168196961283684
0.5505951046943665,-0.011905679479241371
0.5570454001426697,-0.01164491567760706
0.5634874105453491,-0.011386086232960224
0.569920003414154,-0.011129365302622318
0.5763421654701233,-0.010874918662011623
0.5827527642250061,-0.010622904635965824
0.5891507267951965,-0.010373474098742008
0.5955349802970886,-0.010126772336661816
0.6019044518470764,-0.009882934391498566
0.608258068561554,-0.009642090648412704
0.6145946979522705,-0.009404361248016357
0.6209132671356201,-0.009169862605631351
0.6272127628326416,-0.008938699029386044
0.6334920525550842,-0.008710972964763641
0.639750063419342,-0.008486773818731308
0.6459857225418091,-0.008266189135611057
0.6521980166435242,-0.008049296215176582
0.6583858132362366,-0.007836166769266129
0.6645480394363403,-0.0076268636621534824
0.670683741569519,-0.0074214451014995575
0.6767917275428772,-0.007219961378723383
0.6828709840774536,-0.00702245719730854
0.6889204978942871,-0.006828969810158014
0.694939136505127,-0.006639530416578054
0.7009260058403015,-0.00645416509360075
0.7068799138069153,-0.006272892002016306
0.7127998471260071,-0.0060957251116633415
0.7186848521232605,-0.005922672338783741
0.7245338559150696,-0.005753735546022654
0.7303457856178284,-0.005588911939412355
0.7361197471618652,-0.005428193602710962
0.7418546080589294,-0.00527156749740243
0.7475494146347046,-0.005119015462696552
0.7532030940055847,-0.00497051514685154
0.758814811706543,-0.004826040472835302
0.7643834352493286,-0.004685559775680304
0.7699080109596252,-0.0045490385964512825
0.7753875851631165,-0.00441643875092268
0.7808211445808411,-0.0042877173982560635
0.7862077951431274,-0.004162830300629139
0.7915465235710144,-0.004041727632284164
0.7968364357948303,-0.003924358636140823
0.802076518535614,-0.003810669295489788
0.8072658777236938,-0.0037006023339927197
0.8124035596847534,-0.0035940988454967737
0.8174887299537659,-0.0034910975955426693
0.82252037525177,-0.00339153571985662
0.8274976015090942,-0.003295348258689046
0.8324195742607117,-0.0032024686224758625
0.8372853398323059,-0.0031128288246691227
0.8420941233634949,-0.0030263604130595922
0.8468449711799622,-0.0029429926071316004
0.8515369892120361,-0.0028626550920307636
0.8561694622039795,-0.0027852761559188366
0.8607414364814758,-0.002710783388465643
0.8652520775794983,-0.0026391048450022936
0.8697006702423096,-0.0025701674167066813
0.874086320400238,-0.002503898460417986
0.8784082531929016,-0.0024402253329753876
0.8826656341552734,-0.00237907562404871
0.886857807636261,-0.00232037715613842
0.8909838795661926,-0.002264058217406273
0.895043134689331,-0.00221004756167531
0.8990347981452942,-0.002158275106921792
0.9029582142829895,-0.0021086710039526224
0.9068126082420349,-0.0020611663348972797
0.9105973243713379,-0.0020156933460384607
0.9143115282058716,-0.001972185680642724
0.917954683303833,-0.001930577214807272
0.9215260148048401,-0.0018908038036897779
0.9250249266624451,-0.0018528022337704897
0.9284507036209106,-0.0018165108049288392
0.9318027496337891,-0.0017818689811974764
0.9350804686546326,-0.0017488179728388786
0.9382832050323486,-0.0017173001542687416
0.9414103627204895,-0.0016872595297172666
0.9444613456726074,-0.0016586418496444821
0.9474356174468994,-0.001631394145078957
0.9503326416015625,-0.0016054651932790875
0.9531518220901489,-0.001580805517733097
0.9558926224708557,-0.0015573669224977493
0.9585545659065247,-0.0015351033071056008
0.9611371159553528,-0.00151396996807307
0.9636397957801819,-0.001493923831731081
0.9660621881484985,-0.0014749234542250633
0.968403697013855,-0.0014569292543455958
0.9706640839576721,-0.0014399031642824411
0.9728426933288574,-0.0014238087460398674
0.9749392867088318,-0.0014086110750213265
0.976953387260437,-0.0013942770892754197
0.9788846373558044,-0.0013807750074192882
0.9807326793670654,-0.0013680749107152224
0.9824970960617065,-0.0013561482774093747
0.9841776490211487,-0.0013449680991470814
0.9857739210128784,-0.001334508997388184
0.9872856736183167,-0.0013247468741610646
0.9887126088142395,-0.0013156592613086104
0.9900544285774231,-0.0013072250876575708
0.9913108944892883,-0.001299424679018557
0.9924817085266113,-0.0012922397581860423
0.9935667514801025,-0.0012856535613536835
0.9945657253265381,-0.001279650372453034
0.9954785108566284,-0.0012742159888148308
0.9963048696517944,-0.001269337721168995
0.9970446825027466,-0.0012650036951527
0.9976977705955505,-0.0012612036662176251
0.9982640743255615,-0.001257928553968668
0.9987434148788452,-0.001255170558579266
0.9991357326507568,-0.0012529229279607534
0.9994409680366516,-0.0012511804234236479
0.99965900182724,-0.0012499387376010418
0.999789834022522,-0.0012491948436945677
0.9998334646224976,-0.00124894711188972
