seed,model,metric,value
17,unet,p_mae,15.728555051911846
17,unet,p_rmse,33.695608176926534
17,unet,p_r2,0.42507832775183074
17,unet,Cp_mae,0.023498083148505006
17,unet,Cp_rmse,0.03828678273775099
17,unet,Cp_r2,0.9501815266687645
17,pinn,p_mae,4.553639877190146
17,pinn,p_rmse,11.236926433811917
17,pinn,p_r2,0.9360622783627295
17,pinn,Cp_mae,0.0213113952159807
17,pinn,Cp_rmse,0.044060017424824786
17,pinn,Cp_r2,0.9340246054552066
17,fno,p_mae,13.101205238588703
17,fno,p_rmse,26.745633101931283
17,fno,p_r2,0.6377838196363744
17,fno,Cp_mae,0.04047167125291913
17,fno,Cp_rmse,0.0654130568997486
17,fno,Cp_r2,0.8545808649116475
17,deeponet,p_mae,3.2277594704207826
17,deeponet,p_rmse,9.360644691151352
17,deeponet,p_r2,0.9556316168447382
17,deeponet,Cp_mae,0.018173737185894764
17,deeponet,Cp_rmse,0.03743666777306556
17,deeponet,Cp_r2,0.9523692919371748
17,deeponet,Cl_mae,0.028405697148087033
17,deeponet,Cl_rmse,0.036940479537696316
17,deeponet,Cl_pearson_r,0.9982275064225253
17,deeponet,Cd_mae,0.003356251490479038
17,deeponet,Cd_rmse,0.004132476139412057
17,deeponet,Cd_pearson_r,0.9835291268668753
17,fno,Cl_mae,0.2058710981353712
17,fno,Cl_rmse,0.2556081047251899
17,fno,Cl_pearson_r,0.8730025838699806
17,fno,Cd_mae,0.008638594908195584
17,fno,Cd_rmse,0.010662296659229405
17,fno,Cd_pearson_r,0.6947796942978336
17,pinn,Cl_mae,0.02566367205876172
17,pinn,Cl_rmse,0.03166628696611862
17,pinn,Cl_pearson_r,0.9983350686136683
17,pinn,Cd_mae,0.0025118242130723603
17,pinn,Cd_rmse,0.002939691310766953
17,pinn,Cd_pearson_r,0.9905401117611877
17,unet,Cl_mae,0.09768819823870659
17,unet,Cl_rmse,0.11948555443587915
17,unet,Cl_pearson_r,0.9839638925689619
17,unet,Cd_mae,0.006177121838555634
17,unet,Cd_rmse,0.007919240860605525
17,unet,Cd_pearson_r,0.9139554784511857
17,deeponet,cavitation_precision,0.9558610709117221
17,deeponet,cavitation_recall,0.8430121250797703
17,deeponet,cavitation_f1,0.8958969142082062
17,fno,cavitation_precision,0.5980914959303958
17,fno,cavitation_recall,0.906615613699213
17,fno,cavitation_f1,0.7207237676502917
17,pinn,cavitation_precision,0.9542138364779874
17,pinn,cavitation_recall,0.8068496064667092
17,pinn,cavitation_f1,0.8743660673121254
17,unet,cavitation_precision,0.8193722318505681
17,unet,cavitation_recall,0.9051265688151457
17,unet,cavitation_f1,0.8601172427733981
17,unet,inference_seconds,0.009627539549546782
17,unet,speedup_vs_openfoam,528.6916739012111
17,fno,inference_seconds,0.011097531249833991
17,fno,speedup_vs_openfoam,458.6605692212979
17,deeponet,inference_seconds,0.013302618749730755
17,deeponet,speedup_vs_openfoam,382.6314273723752
17,pinn,inference_seconds,0.005882760449458147
17,pinn,speedup_vs_openfoam,865.2400592767351
17,pinn,training_seconds,65.7186366669921
17,pinn,parameter_count,9930.0
17,deeponet,training_seconds,51.70532620800077
17,deeponet,parameter_count,100746.0
17,fno,training_seconds,235.40649125000346
17,fno,parameter_count,595914.0
17,unet,training_seconds,698.659902415995
17,unet,parameter_count,485178.0
27,unet,p_mae,17.167196319379116
27,unet,p_rmse,39.01839392815181
27,unet,p_r2,0.2290950055418478
27,unet,Cp_mae,0.06522333374635444
27,unet,Cp_rmse,0.10816373514099195
27,unet,Cp_r2,0.6023911714120371
27,pinn,p_mae,4.7603896266952805
27,pinn,p_rmse,12.108684605565127
27,pinn,p_r2,0.9257569139459817
27,pinn,Cp_mae,0.02306188559024202
27,pinn,Cp_rmse,0.04586049341460424
27,pinn,Cp_r2,0.9285223751242198
27,fno,p_mae,13.934914452022577
27,fno,p_rmse,28.886640810975738
27,fno,p_r2,0.5774713483441647
27,fno,Cp_mae,0.041531092346772276
27,fno,Cp_rmse,0.06765289966951497
27,fno,Cp_r2,0.8444516179346195
27,deeponet,p_mae,3.785654835837057
27,deeponet,p_rmse,10.557007577478155
27,deeponet,p_r2,0.943565621341878
27,deeponet,Cp_mae,0.018542069259126895
27,deeponet,Cp_rmse,0.039630427368543546
27,deeponet,Cp_r2,0.9466234894900842
27,deeponet,Cl_mae,0.027294841401613958
27,deeponet,Cl_rmse,0.03307074943716595
27,deeponet,Cl_pearson_r,0.9983553266740862
27,deeponet,Cd_mae,0.0030656482025442277
27,deeponet,Cd_rmse,0.003628194647326065
27,deeponet,Cd_pearson_r,0.9802869658575829
27,fno,Cl_mae,0.2137731034933704
27,fno,Cl_rmse,0.2636388598625436
27,fno,Cl_pearson_r,0.8781595853389481
27,fno,Cd_mae,0.008624838319656401
27,fno,Cd_rmse,0.010584877554307766
27,fno,Cd_pearson_r,0.7053843664369869
27,pinn,Cl_mae,0.025047117861847285
27,pinn,Cl_rmse,0.03215966667811864
27,pinn,Cl_pearson_r,0.9981659846368853
27,pinn,Cd_mae,0.0028123674231862283
27,pinn,Cd_rmse,0.0034537539547217517
27,pinn,Cd_pearson_r,0.9857744123763886
27,unet,Cl_mae,0.41865654944538355
27,unet,Cl_rmse,0.48782194093256376
27,unet,Cl_pearson_r,0.45242017334411394
27,unet,Cd_mae,0.010945122960932852
27,unet,Cd_rmse,0.0142820772334942
27,unet,Cd_pearson_r,0.22103909298948124
27,deeponet,cavitation_precision,0.9559202813599063
27,deeponet,cavitation_recall,0.8672622846202935
27,deeponet,cavitation_f1,0.9094356457729199
27,fno,cavitation_precision,0.5194139194139195
27,fno,cavitation_recall,0.9049138481174218
27,fno,cavitation_f1,0.6599953455899464
27,pinn,cavitation_precision,0.943358395989975
27,pinn,cavitation_recall,0.8006807062327165
27,pinn,cavitation_f1,0.866183408123346
27,unet,cavitation_precision,0.7319819819819819
27,unet,cavitation_recall,0.4148053605615826
27,unet,cavitation_f1,0.5295315682281059
27,unet,inference_seconds,0.0092043750002631
27,unet,speedup_vs_openfoam,552.9978950069403
27,fno,inference_seconds,0.010835404200042831
27,fno,speedup_vs_openfoam,469.75635666456077
27,deeponet,inference_seconds,0.013260310400073649
27,deeponet,speedup_vs_openfoam,383.85225129961736
27,pinn,inference_seconds,0.005867466649942798
27,pinn,speedup_vs_openfoam,867.4953440169314
27,pinn,training_seconds,64.94976925000083
27,pinn,parameter_count,9930.0
27,deeponet,training_seconds,46.981437416994595
27,deeponet,parameter_count,100746.0
27,fno,training_seconds,207.12380245799432
27,fno,parameter_count,595914.0
27,unet,training_seconds,309.37813875000575
27,unet,parameter_count,485178.0
7,unet,p_mae,6.403288954707588
7,unet,p_rmse,12.231361585751243
7,unet,p_r2,0.924244932171413
7,unet,Cp_mae,0.03166269009632108
7,unet,Cp_rmse,0.050667925171411596
7,unet,Cp_r2,0.9127513114137703
7,pinn,p_mae,4.612831492287943
7,pinn,p_rmse,11.323248848015503
7,pinn,p_r2,0.9350761620826751
7,pinn,Cp_mae,0.021833222913129054
7,pinn,Cp_rmse,0.04364612172883994
7,pinn,Cp_r2,0.9352583168355257
7,fno,p_mae,13.960130128713939
7,fno,p_rmse,27.733577683098503
7,fno,p_r2,0.6105301195576625
7,fno,Cp_mae,0.036787307270648946
7,fno,Cp_rmse,0.059846689354698945
7,fno,Cp_r2,0.8782769212510529
7,deeponet,p_mae,4.322749680297507
7,deeponet,p_rmse,12.31009342449304
7,deeponet,p_r2,0.9232665404188901
7,deeponet,Cp_mae,0.022824592719613273
7,deeponet,Cp_rmse,0.04615901090478273
7,deeponet,Cp_r2,0.927588814903472
7,deeponet,Cl_mae,0.01786433052280665
7,deeponet,Cl_rmse,0.021303831115606915
7,deeponet,Cl_pearson_r,0.9993913964430212
7,deeponet,Cd_mae,0.0018738417910100526
7,deeponet,Cd_rmse,0.002394638152095162
7,deeponet,Cd_pearson_r,0.9896854132904955
7,fno,Cl_mae,0.18929086968649628
7,fno,Cl_rmse,0.22505829723626247
7,fno,Cl_pearson_r,0.9061368082855382
7,fno,Cd_mae,0.007467440990540013
7,fno,Cd_rmse,0.009697269301331019
7,fno,Cd_pearson_r,0.748709636767472
7,pinn,Cl_mae,0.0323905164888531
7,pinn,Cl_rmse,0.04166447479743813
7,pinn,Cl_pearson_r,0.9981931535674937
7,pinn,Cd_mae,0.00304516922938712
7,pinn,Cd_rmse,0.003440612047996478
7,pinn,Cd_pearson_r,0.9845495261848278
7,unet,Cl_mae,0.13454487705840945
7,unet,Cl_rmse,0.16728031903522805
7,unet,Cl_pearson_r,0.9741521401551684
7,unet,Cd_mae,0.0032092296098180867
7,unet,Cd_rmse,0.00393667972711622
7,unet,Cd_pearson_r,0.9808144508679592
7,deeponet,cavitation_precision,0.9536169190098533
7,deeponet,cavitation_recall,0.8440757285683897
7,deeponet,cavitation_f1,0.8955089144662605
7,fno,cavitation_precision,0.7290021536252692
7,fno,cavitation_recall,0.8640714741544352
7,fno,cavitation_f1,0.7908108634284046
7,pinn,cavitation_precision,0.9793140990745781
7,pinn,cavitation_recall,0.7653690704105509
7,pinn,cavitation_f1,0.8592238805970149
7,unet,cavitation_precision,0.9002422373926448
7,unet,cavitation_recall,0.8696022122952564
7,unet,cavitation_f1,0.8846570006492102
7,unet,inference_seconds,0.009261935399990762
7,unet,speedup_vs_openfoam,549.5611640743118
7,fno,inference_seconds,0.011000393750146031
7,fno,speedup_vs_openfoam,462.7107097809503
7,deeponet,inference_seconds,0.013197412499721395
7,deeponet,speedup_vs_openfoam,385.68166298563847
7,pinn,inference_seconds,0.005869327050459105
7,pinn,speedup_vs_openfoam,867.2203740293965
7,pinn,training_seconds,68.98128304100828
7,pinn,parameter_count,9930.0
7,deeponet,training_seconds,42.63939733299776
7,deeponet,parameter_count,100746.0
7,fno,training_seconds,367.82346916699316
7,fno,parameter_count,595914.0
7,unet,training_seconds,659.7726822080003
7,unet,parameter_count,485178.0
