AoA,Cd,Cl,L_over_D,cache_key,case_id,error,evaluation,m,min_cavitation_margin,objective,p,risky_cell_fraction,start,status,t,wall_seconds
4.0,0.02125727,0.3590274,16.888834321889785,78213162c270,start_0012_eval_001_78213162c270,,1,0.0,98877.956458,16.888834321889785,0.4,0.0,0012,ok,0.12,7.378599209005188
4.0,0.02220063,0.3578906,16.120014611539784,5277aafacc33,start_0012_eval_002_5277aafacc33,,2,0.00025,98879.676283,16.120014611539784,0.4,0.0,0012,ok,0.12,7.063256041001296
4.0,0.02125727,0.3590274,16.888834321889785,35c53414ca93,start_0012_eval_003_35c53414ca93,,3,0.0,98877.956458,16.888834321889785,0.42000000000000004,0.0,0012,ok,0.12,7.098449125005573
4.0,0.02259659,0.3458975,15.306831392197132,cab119c2b230,start_0012_eval_004_cab119c2b230,,4,0.0,98884.723097,15.306831392197132,0.4,0.0,0012,ok,0.126,7.10154454199801
4.2,0.02214011,0.3795439,17.142044820697787,828d9a950471,start_0012_eval_005_828d9a950471,,5,0.0,98870.603583,17.142044820697787,0.4,0.0,0012,ok,0.12,7.314268083995557
4.1,0.02142523,0.3731424,17.415214902481676,c1966090948c,start_0012_eval_006_c1966090948c,,6,0.000125,98874.751103,17.415214902481676,0.41000000000000003,0.0,0012,ok,0.11399999999999999,7.610688916000072
4.149999999999999,0.02270167,0.3831157,16.875358713314338,c5d46809af4c,start_0012_eval_007_c5d46809af4c,,7,0.0001875,98872.493895,16.875358713314338,0.41500000000000004,0.0,0012,ok,0.10799999999999998,7.074755333000212
4.15,0.02489789,0.3707999,14.892226119316966,b5df4c950070,start_0012_eval_008_b5df4c950070,,8,0.0,98876.047203,14.892226119316966,0.4149999999999999,0.0,0012,ok,0.11699999999999999,7.315092082993942
4.0375,0.02172674,0.3648704,16.79283717496619,9494d79d1919,start_0012_eval_009_9494d79d1919,,9,0.00014062500000000002,98878.48088,16.79283717496619,0.40375,0.0,0012,ok,0.11925,8.29277683300461
4.112500000000001,0.02228462,0.3702487,16.613794007077207,517b6b583518,start_0012_eval_010_517b6b583518,,10,0.0,98874.384207,16.613794007077207,0.41124999999999995,0.0,0012,ok,0.11775,9.33827575000032
4.05625,0.02177991,0.3662109,16.813388421328586,540cdc330190,start_0012_eval_011_540cdc330190,,11,8.593750000000001e-05,98877.565634,16.813388421328586,0.405625,0.0,0012,ok,0.118875,7.924931708002987
4.09375,0.02221931,0.3682436,16.572388053992047,68a3017f1294,start_0012_eval_012_68a3017f1294,,12,0.0,98875.225675,16.572388053992047,0.40937499999999993,0.0,0012,ok,0.118125,7.291696125001181
4.065625000000001,0.02206058,0.3802789,17.23715617829729,8682b03e81e0,start_0012_eval_013_8682b03e81e0,,13,5.8593750000000005e-05,98874.786995,17.23715617829729,0.4065625,0.0,0012,ok,0.1186875,7.094968416000484
4.182812500000001,0.02501402,0.3778094,15.103301936196733,a5f81f66cd2e,start_0012_eval_014_a5f81f66cd2e,,14,9.1796875e-05,98874.705241,15.103301936196733,0.38828125,0.0,0012,ok,0.11634375,7.2584950829987065
4.045703125,0.02173677,0.3642808,16.757965513481835,991962a2c951,start_0012_eval_015_991962a2c951,,15,2.294921875e-05,98878.057155,16.757965513481835,0.41207031250000004,0.0,0012,ok,0.11908593749999999,7.387301666996791
4.0828125,0.02452216,0.367744,14.9957835776466,95e3cc5a9cad,start_0012_eval_016_95e3cc5a9cad,,16,9.1796875e-05,98877.710199,14.9957835776466,0.40828125000000004,0.0,0012,ok,0.11634375,7.429775958000391
4.15,0.02489062,0.3716013,14.928771208945019,b4e646b16f9c,start_0012_eval_017_b4e646b16f9c,,17,6.25e-05,98875.983395,14.928771208945019,0.405,0.0,0012,ok,0.11699999999999999,9.267561458000273
4.05,0.02440927,0.3615472,14.811274107168826,e8eaa55b5541,start_0012_eval_018_e8eaa55b5541,,18,6.25e-05,98878.998323,14.811274107168826,0.405,0.0,0012,ok,0.11699999999999999,7.495502457997645
4.05,0.02440952,0.3615519,14.811314957649405,b9d8e863d9c7,start_0012_eval_019_b9d8e863d9c7,,19,6.25e-05,98878.997326,14.811314957649405,0.41500000000000004,0.0,0012,ok,0.11699999999999999,7.1067495419993065
4.14140625,0.02289452,0.388738,16.978780128164807,35f8c374521e,start_0012_eval_020_35f8c374521e,,20,0.00010839843750000001,98873.013332,16.978780128164807,0.41414062500000004,0.0,0012,ok,0.11517187499999998,7.472011792000558
4.1871093749999995,0.02297289,0.3866347,16.82930927239575,d8b89a719319,start_0012_eval_021_d8b89a719319,,21,0.00013134765625,98872.420117,16.82930927239575,0.4037109375,0.0,0012,ok,0.1142578125,7.192939332999231
4.105664062499999,0.02297814,0.3796392,16.521036035291136,017d9ceaeca6,start_0012_eval_022_017d9ceaeca6,,22,0.000165771484375,98876.692262,16.521036035291136,0.41306640625,0.0,0012,ok,0.11288671875,7.136835084005725
4.18427734375,0.02301414,0.3854538,16.74783642419729,2e1ed19c1f28,start_0012_eval_023_2e1ed19c1f28,,23,0.0001734619140625,98870.793013,16.74783642419729,0.41217773437500005,0.0,0012,ok,0.11181445312499999,7.11396537499968
4.200732421875001,0.02315706,0.3947633,17.046475395607402,7b46c7f037e3,start_0012_eval_024_7b46c7f037e3,,24,0.00010333251953125003,98870.767091,17.046475395607402,0.40694824218750014,0.0,0012,ok,0.11473535156249998,7.0685771250064136
4.1303466796874995,0.0228102,0.3753006,16.45247071613944,5aa8f9e2da7f,start_0012_eval_025_5aa8f9e2da7f,,25,6.057739257812504e-05,98878.354261,16.45247071613944,0.4052221679687501,0.0,0012,ok,0.11726806640624998,7.151288084001862
4.170794677734374,0.02251951,0.3742917,16.620036579988643,895b84149afc,start_0012_eval_026_895b84149afc,,26,0.00014524078369140627,98871.145951,16.620036579988643,0.41043884277343756,0.0,0012,ok,0.11317785644531249,7.18200620800053
4.1503662109375,0.02279559,0.3826818,16.786800131072233,1c8faf407a34,start_0012_eval_027_1c8faf407a34,,27,0.00011416625976562502,98873.758091,16.786800131072233,0.4084741210937501,0.0,0012,ok,0.11436767578124998,7.232092874997761
4.120703125,0.02281018,0.3881879,17.01744057080782,d6c043cb4682,start_0012_eval_028_d6c043cb4682,,28,0.00011669921875000001,98873.378234,17.01744057080782,0.41207031250000004,0.0,0012,ok,0.11458593749999998,7.075683292001486
4.1435546875,0.02152639,0.3782538,17.57081559817516,11e235db38d6,start_0012_eval_029_11e235db38d6,,29,0.000128173828125,98873.348324,17.57081559817516,0.40685546875,0.0,0012,ok,0.11412890625,7.441106250000303
4.142138671874999,0.02314756,0.3832464,16.555949916539085,f65b2a5f7547,start_0012_eval_030_f65b2a5f7547,,30,0.00014923095703125002,98875.580607,16.555949916539085,0.41108886718750004,0.0,0012,ok,0.11290722656249999,7.5999130830023205
4.11517333984375,0.02278945,0.3851478,16.89952589790899,e672b9b94873,start_0012_eval_031_e672b9b94873,,31,9.278869628906249e-05,98873.503856,16.89952589790899,0.40761108398437507,0.0,0012,ok,0.11563403320312496,7.56776470800105
4.089349365234375,0.02255332,0.3767191,16.702746968208306,1db61b2e7736,start_0012_eval_032_1db61b2e7736,,32,0.00011716461181640622,98876.064152,16.702746968208306,0.40979431152343754,0.0,0012,ok,0.11480676269531245,7.089153458997316
4.135111999511719,0.02272404,0.3812566,16.776938566444766,31e8fe9f85f3,start_0012_eval_033_31e8fe9f85f3,,33,0.00011491584777832032,98874.272543,16.776938566444766,0.408804168701172,0.0,0012,ok,0.1144774475097656,7.557636666999315
4.12177734375,0.02142891,0.3758343,17.53783846969026,14be8c4ef371,start_0012_eval_034_14be8c4ef371,,34,0.0001265869140625,98874.170849,17.53783846969026,0.408427734375,0.0,0012,ok,0.11406445312499999,7.739118792000227
4.13212890625,0.02270744,0.3809137,16.774102492289213,88bf7535a7f9,start_0012_eval_035_88bf7535a7f9,,35,0.00012243652343750001,98874.418105,16.774102492289213,0.409462890625,0.0,0012,ok,0.11435742187499999,7.631867208001495
4.129364013671875,0.02274679,0.3807524,16.737995207446524,d3183e0fc3b8,start_0012_eval_036_d3183e0fc3b8,,36,0.00011048126220703125,98874.62249,16.737995207446524,0.40723327636718754,0.0,0012,ok,0.11488146972656248,8.394513292005286
4.14696044921875,0.02277657,0.3824008,16.78848094858231,bb80373aa325,start_0012_eval_037_bb80373aa325,,37,0.00012117004394531251,98873.862776,16.78848094858231,0.407664794921875,0.0,0012,ok,0.11424829101562499,7.196877624999615
4.1428466796875,0.02244916,0.3815359,16.994796473610876,3586792cb781,start_0012_eval_038_3586792cb781,,38,0.000138702392578125,98869.819941,16.994796473610876,0.4089721679687499,0.0,0012,ok,0.11351806640624999,7.476826874997641
4.1454406738281255,0.02246698,0.381725,16.98973383455032,51519dedfba9,start_0012_eval_039_51519dedfba9,,39,0.0001348800659179687,98869.742175,16.98973383455032,0.4064971923828124,0.0,0012,ok,0.1136224365234375,7.38871300000028
4.129849243164062,0.02226855,0.3685938,16.551470505690506,4015f686f879,start_0012_eval_040_4015f686f879,,40,0.00014300155639648433,98872.88771,16.551470505690506,0.4077114868164061,0.0,0012,ok,0.11341864013671875,7.12298733300122
4.142682647705078,0.02162071,0.3774881,17.458753262346036,3a929f341c09,start_0012_eval_041_3a929f341c09,,41,0.00012662792205810547,98873.215723,17.458753262346036,0.4076764678955078,0.0,0012,ok,0.11404087829589843,7.2750613749958575
4.1299900054931635,0.02269607,0.3807095,16.773508651116643,8bade0d91a3d,start_0012_eval_042_8bade0d91a3d,,42,0.00012516546249389653,98874.48291,16.773508651116643,0.40946872711181653,0.0,0012,ok,0.11425371551513673,8.432530916994438
4.1415780067443855,0.02247284,0.3811563,16.959998825300882,6f83600e5a64,start_0012_eval_043_6f83600e5a64,,43,0.00013245141506195067,98872.127996,16.959998825300882,0.4072400760650634,0.0,0012,ok,0.1137802562713623,7.793286334002914
4.132666015625,0.02147438,0.3771397,17.56149134497271,a7bed61550cd,start_0012_eval_044_a7bed61550cd,,44,0.00012738037109374998,98873.734163,17.56149134497271,0.4076416015625,0.0,0012,ok,0.1140966796875,7.3423864579963265
4.143118667602539,0.0215285,0.3780446,17.5593766692213,99e5570f8aa5,start_0012_eval_045_99e5570f8aa5,,45,0.00012740087509155272,98873.397177,17.5593766692213,0.4072659683227539,0.0,0012,ok,0.11408489227294921,7.281430625000212
4.14320068359375,0.02247845,0.3812376,16.959382903051452,d985775facfd,start_0012_eval_046_d985775facfd,,46,0.00013343811035156252,98872.124008,16.959382903051452,0.40791381835937496,0.0,0012,ok,0.113823486328125,8.47076687500521
4.144497680664063,0.02252,0.3823488,16.977434394565073,a8cb5d4763be,start_0012_eval_047_a8cb5d4763be,,47,0.00013152694702148437,98871.929593,16.977434394565073,0.4066763305664062,0.0,0012,ok,0.11387567138671875,7.116878917004215
4.138717842102051,0.02273825,0.3816525,16.783864903196015,2d899a4b4d79,start_0012_eval_048_2d899a4b4d79,,48,0.000123802900314331,98874.165864,16.783864903196015,0.4063058662414551,0.0,0012,ok,0.11426958847045898,7.5510164170045755
4.1420799732208256,0.02197182,0.3774322,17.17723077875302,1ac930b04f96,start_0012_eval_049_1ac930b04f96,,49,0.00013102930784225463,98872.075155,17.17723077875302,0.407511830329895,0.0,0012,ok,0.1139350118637085,7.6653385419995175
4.13621199131012,0.02272508,0.3813486,16.780219025894475,e32dd6d9da8d,start_0012_eval_050_e32dd6d9da8d,,50,0.00012546524405479428,98874.255594,16.780219025894475,0.40796110391616835,0.0,0012,ok,0.1142470736503601,7.712876666999364
4.142426258325577,0.02197619,0.3774171,17.173128138765694,35c1756bf34f,start_0012_eval_051_35c1756bf34f,,51,0.00013001152127981185,98872.077149,17.173128138765694,0.4069975239038467,0.0,0012,ok,0.11396852195262909,8.001884125005745
4.1382834136486055,0.02250697,0.3817045,16.958637318247714,276b2b793c9e,start_0012_eval_052_276b2b793c9e,,52,0.0001269806697964668,98872.234675,16.958637318247714,0.40763991057872784,0.0,0012,ok,0.11415422308444977,7.323474584001815
4.141390547156334,0.02161702,0.3774619,17.460521361345766,eaf03fd62482,start_0012_eval_053_eaf03fd62482,,53,0.00012925380840897558,98873.243639,17.460521361345766,0.40715812057256695,0.0,0012,ok,0.11401494723558425,7.216483000003791
4.138284985721111,0.02273365,0.381563,16.78332413298643,45b21d166436,start_0012_eval_054_45b21d166436,,54,0.00012507513351738448,98874.172843,16.78332413298643,0.4069487492740155,0.0,0012,ok,0.11422770085930822,7.214547167001001
4.141131226345896,0.02161528,0.3774423,17.46102012002065,945d78a6525f,start_0012_eval_055_945d78a6525f,,55,0.0001295407642610371,98873.249621,17.46102012002065,0.40737106006592516,0.0,0012,ok,0.11400818411260843,7.159441167001205
4.1388447513803825,0.02250901,0.3817674,16.959894731277327,a03a84233ed4,start_0012_eval_056_a03a84233ed4,,56,0.00012699411087669428,98872.210747,16.959894731277327,0.4074089287780227,0.0,0012,ok,0.11414438392594456,7.0837606670029345
4.140754098212346,0.02161223,0.3773085,17.457293518830827,5b63e4dfc806,start_0012_eval_057_5b63e4dfc806,,57,0.00012868888402590525,98873.291495,17.457293518830827,0.4072208226239309,0.0,0012,ok,0.11404730640817433,7.126666999996814
4.1381103515625,0.02150049,0.3776986,17.566159368490275,5309be06a848,start_0012_eval_058_5309be06a848,,58,0.00012777709960937498,98873.539748,17.566159368490275,0.40724853515625004,0.0,0012,ok,0.11411279296874999,7.140773541999806
4.14333667755127,0.02152416,0.3782392,17.571957653276442,03ac9e13eb95,start_0012_eval_059_03ac9e13eb95,,59,0.00012778735160827638,98873.347327,17.571957653276442,0.40706071853637693,0.0,0012,ok,0.1141068992614746,7.195854582998436
4.142342956922948,0.02152373,0.37798,17.560266725761483,9830f218dace,start_0012_eval_060_9830f218dace,,60,0.00012885729619301853,98873.423099,17.560266725761483,0.4071132644079626,0.0,0012,ok,0.11406854518130422,7.19578116699995
4.142472617328167,0.02152479,0.3779975,17.56021497933409,94e70dcbb6a4,start_0012_eval_061_94e70dcbb6a4,,61,0.00012871381826698778,98873.417117,17.56021497933409,0.4070067946612835,0.0,0012,ok,0.11407192674279212,7.244589750000159
4.141199719440193,0.02151607,0.377998,17.56735466306518,3d7835c18c3c,start_0012_eval_062_3d7835c18c3c,,62,0.00012758396950084719,98873.438054,17.56735466306518,0.40713219876401124,0.0,0012,ok,0.11413664508797228,7.168783584005723
4.140757761104033,0.02252011,0.3819409,16.95923957566923,288cc3cd77e2,start_0012_eval_063_288cc3cd77e2,,63,0.00012680382822873075,98872.151924,16.95923957566923,0.40703519619535655,0.0,0012,ok,0.11417407660279422,7.063282291004725
4.141946657968219,0.02151695,0.3781094,17.571813300058786,62394344b1b5,start_0012_eval_064_62394344b1b5,,64,0.0001283439292019466,98873.392192,17.571813300058786,0.4070937473548111,0.0,0012,ok,0.11409492803667672,7.071607417004998
4.146908519667341,0.02154196,0.3785996,17.574168080895102,d5663182aebb,start_0012_eval_065_d5663182aebb,,65,0.00012816743960866007,98873.222702,17.574168080895102,0.4068225315463496,0.0,0012,ok,0.1141208963493118,7.128609207997215
4.151307603719761,0.02156256,0.3790535,17.5784286082632,6f18ef920473,start_0012_eval_066_6f18ef920473,,66,0.00012836260960830261,98873.066173,17.5784286082632,0.4066095297413994,0.0,0012,ok,0.11412494803959272,7.125726958001906
4.148873093929433,0.02154864,0.378831,17.57945840394549,4ef9da81324c,start_0012_eval_067_4ef9da81324c,,67,0.00012874988977091558,98873.137957,17.57945840394549,0.40667753342728236,0.0,0012,ok,0.11409119570589973,7.281372625002405
4.152709781174053,0.02157162,0.3790542,17.57107852453712,6a80b2445c00,start_0012_eval_068_6a80b2445c00,,68,0.00012933284990594978,98873.039254,17.57107852453712,0.406450200758918,0.0,0012,ok,0.11406847101486345,7.0680501669994555
4.149177329084342,0.02155622,0.3786816,17.566346681065554,d4d6583f2ea6,start_0012_eval_069_d4d6583f2ea6,,69,0.0001284480619697206,98873.172852,17.566346681065554,0.4068652957799349,0.0,0012,ok,0.11408007927182187,7.164970040998014
4.1449603478960855,0.02153227,0.3784082,17.573187908757006,b83c166ee9cb,start_0012_eval_070_b83c166ee9cb,,70,0.00012824238658618015,98873.292492,17.573187908757006,0.40685792550748373,0.0,0012,ok,0.11411669950545547,7.152396875004342
4.152292203580057,0.02156709,0.3791533,17.579363773055473,06d0525fd75a,start_0012_eval_071_06d0525fd75a,,71,0.0001282271895848908,98873.030281,17.579363773055473,0.4065091062514601,0.0,0012,ok,0.11412494321953455,7.080492083005083
4.155379947011399,0.02158118,0.3794825,17.583140350048048,fa46129b929d,start_0012_eval_072_fa46129b929d,,72,0.0001290036861668682,98872.914629,17.583140350048048,0.40626632892743586,0.0,0012,ok,0.11412199397376666,7.1160798339988105
4.161401581741464,0.02160955,0.380106,17.588909120776655,bd1d01729957,start_0012_eval_073_bd1d01729957,,73,0.00012961185344616413,98872.700274,17.588909120776655,0.40586913412296544,0.0,0012,ok,0.11412954132991271,7.210304749998613
4.161976893589272,0.02161149,0.3801708,17.590328555386257,7f62562341c3,start_0012_eval_074_7f62562341c3,,74,0.00012923338461895645,98872.670364,17.590328555386257,0.4059747262640699,0.0,0012,ok,0.1141186146420144,7.079631082997366
4.170485166435865,0.02165095,0.3810488,17.59882135327303,ec165c348bad,start_0012_eval_075_ec165c348bad,,75,0.0001297288836353446,98872.360297,17.59882135327303,0.4055331266423631,0.0,0012,ok,0.11411957221029384,7.097253208994516
4.165218419123647,0.02162532,0.3805182,17.595143325355398,1f2fd99db750,start_0012_eval_076_1f2fd99db750,,76,0.00012979629861035492,98872.547733,17.595143325355398,0.4056849204806361,0.0,0012,ok,0.11410767819322767,7.1464023330045165
4.170696927035149,0.02165014,0.381099,17.60179833486828,7d867c1d1cb2,start_0012_eval_077_7d867c1d1cb2,,77,0.00013071627314649884,98872.342351,17.60179833486828,0.4053732510851634,0.0,0012,ok,0.11409905050013246,7.098600040997553
4.1798992887626945,0.02169219,0.3820668,17.61229215251422,89c10e752b4b,start_0012_eval_078_89c10e752b4b,,78,0.00013196081492730286,98872.002374,17.61229215251422,0.40480532350201504,0.0,0012,ok,0.11408610414043138,7.09800520799763
4.189629134102402,0.02174069,0.3830389,17.61771509022528,43391d3d89dc,start_0012_eval_079_43391d3d89dc,,79,0.0001317990355386677,98871.664391,17.61771509022528,0.4042687189467074,0.0,0012,ok,0.11413025223103307,7.110456124995835
4.210007154188887,0.02183787,0.3851641,17.636631382484534,604cd65bd4db,start_0012_eval_080_604cd65bd4db,,80,0.00013332360842254376,98870.925614,17.636631382484534,0.40306431170642,0.0,0012,ok,0.11414978049359975,7.120664166999632
4.201403432514082,0.02179334,0.3842829,17.632233873565337,07989b462ce8,start_0012_eval_081_07989b462ce8,,81,0.00013279294935160895,98871.219729,17.632233873565337,0.40367470704275166,0.0,0012,ok,0.11410202618886361,7.235131832996558
4.215679101827117,0.02186163,0.38575,17.644263293117067,07f2a1681660,start_0012_eval_082_07f2a1681660,,82,0.00013410682955804513,98870.707271,17.644263293117067,0.40285381396613884,0.0,0012,ok,0.11412106332336663,7.192786999999953
4.240909443178852,0.02198221,0.3883819,17.667206017683498,3d83fa5849b8,start_0012_eval_083_3d83fa5849b8,,83,0.00013626209503189024,98869.786043,17.667206017683498,0.4014382607088902,0.0,0012,ok,0.1141277558884361,7.079659125003673
4.245624492886392,0.02200224,0.3888728,17.673433548877348,5d5459cac887,start_0012_eval_084_5d5459cac887,,84,0.00013744085023132828,98869.60758,17.673433548877348,0.4009581748376754,0.0,0012,ok,0.11411326114537157,7.168635375004669
4.283194156111655,0.0221812,0.3927747,17.706751359197913,51a76183a92c,start_0012_eval_085_51a76183a92c,,85,0.00014129683352932012,98868.233714,17.706751359197913,0.39867069893533147,0.0,0012,ok,0.11411010561291046,7.058501917003014
4.287857804234044,0.02220753,0.3932318,17.70634076186042,91629b233c74,start_0012_eval_086_91629b233c74,,86,0.00013987692824037865,98868.075191,17.70634076186042,0.3986186656946815,0.0,0012,ok,0.11415872995147358,7.267244208000193
4.3095808463426355,0.02231414,0.3954753,17.72228630427593,f1fa1295d5ed,start_0012_eval_087_f1fa1295d5ed,,87,0.0001425867832604574,98867.283573,17.72228630427593,0.3972212614799099,0.0,0012,ok,0.11417115978434633,7.080206875005388
4.363669553256912,0.02384459,0.4049047,16.98027601749422,9a351bbc3f60,start_0012_eval_088_9a351bbc3f60,,88,0.00014748370021488164,98865.983485,16.98027601749422,0.3939945386984889,0.0,0012,ok,0.11420572658208772,7.091543832997559
4.3507639707447066,0.02251536,0.399742,17.75340241495517,d1bc2c88d5f3,start_0012_eval_089_d1bc2c88d5f3,,89,0.00014668771160847944,98865.754175,17.75340241495517,0.3949101317029865,0.0,0012,ok,0.11413409512498349,7.051513250000426
4.421142379022616,0.02286689,0.4069855,17.7972475816527,10e3001cfdac,start_0012_eval_090_10e3001cfdac,,90,0.0001533697632014473,98863.162972,17.7972475816527,0.39083304170126976,0.0,0012,ok,0.11412625244067537,7.133821959003399
4.0,0.02317617,0.600062,25.89021869365414,144a3e882b7f,start_2412_eval_001_144a3e882b7f,,1,0.02,98886.918491,25.89021869365414,0.4,0.0,2412,ok,0.12,7.1040324159985175
4.0,0.02574747,0.6020344,23.38136596077359,09430d5ed230,start_2412_eval_002_09430d5ed230,,2,0.021,98885.333261,23.38136596077359,0.4,0.0,2412,ok,0.12,7.0358415829978185
4.0,0.0251384,0.5958888,23.703381942289788,5edde118a115,start_2412_eval_003_5edde118a115,,3,0.02,98887.570529,23.703381942289788,0.42000000000000004,0.0,2412,ok,0.12,7.033321250004519
4.0,0.02528855,0.5924925,23.428352817665793,b8261842f92f,start_2412_eval_004_b8261842f92f,,4,0.02,98888.3113,23.428352817665793,0.4,0.0,2412,ok,0.126,7.12770791699586
4.2,0.02399759,0.6206935,25.863748661900555,a596b00d5bd7,start_2412_eval_005_a596b00d5bd7,,5,0.02,98880.397114,25.863748661900555,0.4,0.0,2412,ok,0.12,7.303471790997719
4.1,0.02665848,0.5909311,22.165889957343506,75a6ac21a35f,start_2412_eval_006_75a6ac21a35f,,6,0.019,98882.202681,22.165889957343506,0.41000000000000003,0.0,2412,ok,0.123,7.1772764999986975
4.025,0.02479866,0.6004553,24.21223920005355,c5d62a2f3f9c,start_2412_eval_007_c5d62a2f3f9c,,7,0.0205,98890.961326,24.21223920005355,0.4025,0.0,2412,ok,0.12075,7.206163542003196
4.112500000000001,0.02539215,0.613021,24.141195558644753,ef1618c3466f,start_2412_eval_008_ef1618c3466f,,8,0.02025,98876.447997,24.141195558644753,0.41125,0.0,2412,ok,0.114375,7.244806292001158
4.168749999999999,0.02365046,0.61111,25.838151217726093,35bc359a9c9e,start_2412_eval_009_35bc359a9c9e,,9,0.020375,98886.771932,25.838151217726093,0.38687499999999997,0.0,2412,ok,0.11756250000000001,7.159681042001466
4.084374999999998,0.02577098,0.5991625,23.24860177603739,e0815eb7350e,start_2412_eval_010_e0815eb7350e,,10,0.0201875,98885.162774,23.24860177603739,0.3834375000000001,0.0,2412,ok,0.12478125000000001,7.151912583998637
4.10546875,0.0231379,0.6148903,26.573877755640932,2bc0a3cf2148,start_2412_eval_011_2bc0a3cf2148,,11,0.020234375,98881.577562,26.573877755640932,0.404296875,0.0,2412,ok,0.1169765625,7.205029667005874
4.212109374999999,0.0247159,0.6096083,24.66362286532696,1c90f8e134ab,start_2412_eval_012_1c90f8e134ab,,12,0.019804687500000005,98883.414036,24.66362286532696,0.39308593750000004,0.0,2412,ok,0.11651953125,7.271271500001603
4.165332031249999,0.02439677,0.6098238,24.995063073387442,656ea88cdd53,start_2412_eval_013_656ea88cdd53,,13,0.019978515625000005,98884.621403,24.995063073387442,0.39543945312499995,0.0,2412,ok,0.11757714843750001,7.276007541993749
4.07177734375,0.0231529,0.6099644,26.343916143716605,058f0989fec6,start_2412_eval_014_058f0989fec6,,14,0.020326171875,98883.978338,26.343916143716605,0.4001464843750001,0.0,2412,ok,0.11969238281249998,10.124963209003909
4.019873046875,0.02342849,0.5873727,25.06980305589238,24b264e070ef,start_2412_eval_015_24b264e070ef,,15,0.0199052734375,98885.218606,25.06980305589238,0.41534667968750016,0.0,2412,ok,0.12077197265624998,10.069374082995637
4.13153076171875,0.02387361,0.6066812,25.41114598311763,51a53c4bbc5d,start_2412_eval_016_51a53c4bbc5d,,16,0.020257568359375,98886.804833,25.41114598311763,0.393992919921875,0.0,2412,ok,0.1183648681640625,10.036314042001322
4.088623046875,0.02495869,0.6026072,24.14321652232059,7b98f58bed46,start_2412_eval_017_7b98f58bed46,,17,0.0202802734375,98885.474835,24.14321652232059,0.40222167968750006,0.0,2412,ok,0.11833447265625,10.015304041997297
4.052734375,0.02473758,0.594242,24.02086134289034,b186c99e6749,start_2412_eval_018_b186c99e6749,,18,0.0201171875,98886.972329,24.02086134289034,0.4021484375,0.0,2412,ok,0.11848828125,10.215027833000931
4.152734375,0.02517234,0.6044913,24.013154392702752,f36523fe59c2,start_2412_eval_019_f36523fe59c2,,19,0.0201171875,98883.793893,24.013154392702752,0.4021484375,0.0,2412,ok,0.11848828125,10.228955833001237
4.137109375,0.02431049,0.6124449,25.191582251848814,8c9fd631267f,start_2412_eval_020_8c9fd631267f,,20,0.0203046875,98884.924491,25.191582251848814,0.3955859375,0.0,2412,ok,0.11726953125,10.075157833998674
4.039233398437501,0.02299245,0.6081237,26.44769271248986,f15058c09e13,start_2412_eval_021_f15058c09e13,,21,0.020351074218749994,98884.8218,26.44769271248986,0.39997802734374993,0.0,2412,ok,0.11704614257812501,9.915678249999473
4.13248291015625,0.02311412,0.6196517,26.807202385278554,9da2e65ec158,start_2412_eval_022_9da2e65ec158,,22,0.020468017578124997,98884.085017,26.807202385278554,0.3988928222656249,0.0,2412,ok,0.1163250732421875,9.896853416998056
4.172357177734376,0.02362041,0.6208216,26.28215673831494,07aab6ad6fcc,start_2412_eval_023_07aab6ad6fcc,,23,0.0206434326171875,98883.925497,26.28215673831494,0.39726501464843744,0.0,2412,ok,0.11524346923828122,9.926787749995128
4.118524169921876,0.02335855,0.6127384,26.230745027194445,8fa93e617cde,start_2412_eval_024_8fa93e617cde,,24,0.020398803710937493,98885.492781,26.230745027194445,0.3971551513671873,0.0,2412,ok,0.11547418212890626,10.099683833002928
4.060745239257814,0.02328479,0.6101404,26.202263268714525,ed7526a4d991,start_2412_eval_025_ed7526a4d991,,25,0.02042144775390624,98884.136861,26.202263268714525,0.4045755004882811,0.0,2412,ok,0.11564144897460937,10.188154791998386
4.079836273193361,0.02285221,0.6142901,26.87981688349251,9c6271324902,start_2412_eval_026_9c6271324902,,26,0.02039225769042968,98886.482802,26.87981688349251,0.4023281097412108,0.0,2412,ok,0.11604846954345702,10.093950957998459
4.059986495971678,0.02299547,0.6113522,26.584610594582557,db90c212305c,start_2412_eval_027_db90c212305c,,27,0.02032405853271484,98882.535679,26.584610594582557,0.4055927658081055,0.0,2412,ok,0.11772394180297852,9.925174000003608
4.149653816223143,0.02487288,0.6180525,24.84745041786806,ed8793904038,start_2412_eval_028_ed8793904038,,28,0.020358280181884764,98881.677262,24.84745041786806,0.4055772590637207,0.0,2412,ok,0.11649088096618648,10.263425041994196
4.066838502883911,0.02299632,0.6065523,26.37491238109484,e05b50f4e4c0,start_2412_eval_029_e05b50f4e4c0,,29,0.020352875709533688,98884.399072,26.37491238109484,0.4013778352737426,0.0,2412,ok,0.11690732717514038,10.052448875001573
4.106159591674805,0.02298754,0.6169817,26.838663960390697,b085d264050b,start_2412_eval_030_b085d264050b,,30,0.02043013763427734,98884.81183,26.838663960390697,0.4006104660034179,0.0,2412,ok,0.11618677139282226,9.998727791004058
4.06991138458252,0.02237705,0.6108603,27.29729802194561,a35c942042bb,start_2412_eval_031_a35c942042bb,,31,0.02035815811157226,98886.306333,27.29729802194561,0.4039604377746582,0.0,2412,ok,0.11688620567321777,9.574668583998573
4.092652511596681,0.02390919,0.6059386,25.342274569963685,ea6149ed4a97,start_2412_eval_032_ea6149ed4a97,,32,0.02031331634521484,98883.419021,25.342274569963685,0.4033124923706054,0.0,2412,ok,0.11651251602172852,9.721794916004
4.05953483581543,0.02386368,0.6021352,25.231228744739084,ab6804062859,start_2412_eval_033_ab6804062859,,33,0.020371665954589835,98882.363198,25.231228744739084,0.40115306854248034,0.0,2412,ok,0.11654730606079101,9.853813499998068
4.114745044708252,0.02305001,0.6179615,26.808434858168905,5e389ed9c8bb,start_2412_eval_034_5e389ed9c8bb,,34,0.020375268936157223,98884.201666,26.808434858168905,0.4039526844024658,0.0,2412,ok,0.11626967525482175,9.714383040998655
4.092673635482788,0.02294103,0.6164557,26.870146190202,3bbe1353bd5b,start_2412_eval_035_3bbe1353bd5b,,35,0.02046459484100341,98885.159783,26.870146190202,0.4021133565902709,0.0,2412,ok,0.11618304491043085,9.936156250005297
4.059545397758484,0.0226959,0.6066903,26.73009529935806,39d5297db8a1,start_2412_eval_036_39d5297db8a1,,36,0.02044730520248412,98887.546601,26.73009529935806,0.4005535006523132,0.0,2412,ok,0.11638257050514218,9.874210541005596
4.100945132970811,0.02288652,0.6108821,26.690620040965555,42c230cc374c,start_2412_eval_037_42c230cc374c,,37,0.02039327800273895,98885.741034,26.690620040965555,0.40310288846492764,0.0,2412,ok,0.11629789906740186,9.761264333006693
4.07487382888794,0.02382093,0.6048757,25.391548879540824,003f8c9f44d1,start_2412_eval_038_003f8c9f44d1,,38,0.020375207901000968,98884.092993,25.391548879540824,0.4031442737579345,0.0,2412,ok,0.11646733760833738,9.867836500001431
4.081292510032654,0.02456373,0.6109601,24.871435590784024,a38e48aedf4f,start_2412_eval_039_a38e48aedf4f,,39,0.020411376476287834,98883.441952,24.871435590784024,0.40303689718246455,0.0,2412,ok,0.11653462529182432,10.039288874999329
4.0880354881286625,0.02401051,0.6054961,25.21691055664554,99ff29453d24,start_2412_eval_040_99ff29453d24,,40,0.0203941478729248,98881.475868,25.21691055664554,0.402285451889038,0.0,2412,ok,0.11653648853302001,9.774131375001161
4.092328214645386,0.02465578,0.6132117,24.86990190933285,60366fc1400c,start_2412_eval_041_60366fc1400c,,41,0.02036671352386474,98882.979344,24.86990190933285,0.403956561088562,0.0,2412,ok,0.11657794046401976,9.95877845799987
4.064728391170503,0.02451362,0.6106019,24.907663263799318,2bbeb0c1e504,start_2412_eval_042_2bbeb0c1e504,,42,0.020402731657028193,98883.717124,24.907663263799318,0.4022569692134856,0.0,2412,ok,0.11663438808917997,9.952647707999859
4.067482036352159,0.02446632,0.6087567,24.88039965145345,fea3726e34b0,start_2412_eval_043_fea3726e34b0,,43,0.020353746294975276,98883.797881,24.88039965145345,0.4027866691350936,0.0,2412,ok,0.11672758466005326,9.985611583004356
4.070934654772282,0.02448492,0.6090369,24.872943307827516,60e5908b1bc6,start_2412_eval_044_60e5908b1bc6,,44,0.020368153840303417,98883.728091,24.872943307827516,0.4028492261469363,0.0,2412,ok,0.11667934481799604,9.922008167006425
4.07239260673523,0.02449578,0.6092888,24.872199529897394,b08c3f3a0777,start_2412_eval_045_b08c3f3a0777,,45,0.020366683006286614,98883.669268,24.872199529897394,0.40355235576629633,0.0,2412,ok,0.11667677164077758,10.196188916997926
4.078973436355591,0.02452234,0.6099422,24.87190570289365,1952fbe557e6,start_2412_eval_046_1952fbe557e6,,46,0.020376152992248528,98883.526697,24.87190570289365,0.4031229448318481,0.0,2412,ok,0.1167113471031189,9.852938333999191
4.067319887876511,0.02235482,0.610786,27.321118169675728,e0977c6d93e3,start_2412_eval_047_e0977c6d93e3,,47,0.020380444884300228,98886.398057,27.321118169675728,0.4031087034940719,0.0,2412,ok,0.11676029688119888,9.799570916999073
4.075601947307587,0.02450927,0.6098413,24.881051901917033,e71c6e10269c,start_2412_eval_048_e71c6e10269c,,48,0.020384767293930045,98883.590505,24.881051901917033,0.40349866747856133,0.0,2412,ok,0.11671041548252103,10.01091712500056
4.063639476895334,0.02235138,0.6105025,27.312639638374076,b013b1854c12,start_2412_eval_049_b013b1854c12,,49,0.020368873655796045,98886.472832,27.312639638374076,0.40393713742494586,0.0,2412,ok,0.11680549773573876,9.88519533300132
4.065843741595746,0.02300578,0.6071051,26.388095161513256,038e6f24d13a,start_2412_eval_050_038e6f24d13a,,50,0.020379438966512675,98884.250519,26.388095161513256,0.40370011731982225,0.0,2412,ok,0.11690443624556063,10.006576792002306
4.057755298167469,0.02297666,0.6060328,26.374870200011664,3562105b0daa,start_2412_eval_051_3562105b0daa,,51,0.02035869051516056,98884.574544,26.374870200011664,0.40385453052818776,0.0,2412,ok,0.11696780278533697,10.020525374995486
4.062216960452499,0.02299121,0.6065764,26.381822365053203,ae5b6f9ee1e6,start_2412_eval_052_ae5b6f9ee1e6,,52,0.02036520970985293,98884.376141,26.381822365053203,0.4037655647657811,0.0,2412,ok,0.11690345595963297,9.831564416999754
4.071140285022556,0.02237835,0.6112548,27.313340199782385,9800f6817d49,start_2412_eval_053_9800f6817d49,,53,0.020378248099237675,98886.230561,27.313340199782385,0.40358763324096797,0.0,2412,ok,0.11677476230822503,9.983935541997198
4.070161775592716,0.02448297,0.6090925,24.877195160752116,fcfa0c9064b9,start_2412_eval_054_fcfa0c9064b9,,54,0.02036342340894043,98883.701172,24.877195160752116,0.40359683864749973,0.0,2412,ok,0.11670894505362958,10.405557875004888
4.066923250094988,0.02236115,0.6107116,27.310057396091164,791b674ba1ac,start_2412_eval_055_791b674ba1ac,,55,0.020375435077119614,98886.428964,27.310057396091164,0.4036742976517416,0.0,2412,ok,0.11685556344757786,10.266191583999898
4.064600065362175,0.02445819,0.6086609,24.884752929267073,3c1fe906f851,start_2412_eval_056_3c1fe906f851,,56,0.020393342746654518,98883.911539,24.884752929267073,0.4031934481312055,0.0,2412,ok,0.11671185451315248,10.161066708998987
4.068583554777433,0.02236691,0.6107981,27.306891882165118,b65805a92a2e,start_2412_eval_057_b65805a92a2e,,57,0.020366954270342824,98886.351198,27.306891882165118,0.40376869036379504,0.0,2412,ok,0.11684261788320144,10.103723458996683
4.0659278951672615,0.02234983,0.6107432,27.325302908214145,328d02550ef7,start_2412_eval_058_328d02550ef7,,58,0.020384546587883953,98886.423979,27.325302908214145,0.40338519554206864,0.0,2412,ok,0.11675544230316881,10.286391834000824
4.0670905223858425,0.02447198,0.608844,24.87821262469875,bda31b5b4e12,start_2412_eval_060_bda31b5b4e12,,60,0.02038062153648934,98883.809845,24.87821262469875,0.4033350371992856,0.0,2412,ok,0.11669243616658787,10.243503917001362
4.066965068167702,0.02236481,0.6108642,27.312411220519174,f16afb8308a4,start_2412_eval_061_f16afb8308a4,,61,0.020376731691962045,98886.390081,27.312411220519174,0.4035894825386276,0.0,2412,ok,0.11681478162733036,9.995184332998178
4.0670487043131285,0.02432136,0.6098692,25.0744253435933,e376271f726d,start_2412_eval_062_e376271f726d,,62,0.02037932492164691,98884.326291,25.0744253435933,0.40341985231239963,0.0,2412,ok,0.11673321798683536,10.13560537500598
4.066985977204059,0.02236381,0.6108846,27.314544590363163,b1061ca8233b,start_2412_eval_063_b1061ca8233b,,63,0.02037737999938326,98886.381108,27.314544590363163,0.4035470749820706,0.0,2412,ok,0.11679439071720661,10.13722520799638
4.07204754573986,0.02434327,0.6104448,25.07550236667602,04188e8aa9fa,start_2412_eval_064_04188e8aa9fa,,64,0.020391436129606512,98884.198675,25.07550236667602,0.40287716620464376,0.0,2412,ok,0.1167369483691609,9.891023750002205
4.065741494106465,0.02235739,0.6107237,27.315191299552424,dddfffd140d4,start_2412_eval_065_dddfffd140d4,,65,0.020374514274248662,98886.413012,27.315191299552424,0.40367214461987033,0.0,2412,ok,0.11678836039409429,10.45788100000209
4.061847342154591,0.02233794,0.6103394,27.321770862896805,d2f0182bad61,start_2412_eval_066_d2f0182bad61,,66,0.020380194773670375,98886.581505,27.321770862896805,0.4032689260780728,0.0,2412,ok,0.11677448283960926,9.901244374996168
4.063432332448356,0.02429587,0.6095236,25.08650702744839,ce065a9ce537,start_2412_eval_067_ce065a9ce537,,67,0.020382470260668344,98884.430976,25.08650702744839,0.40317040988497127,0.0,2412,ok,0.11674490049182902,9.93562679200113
4.066097566015133,0.02235849,0.6107948,27.317027356169568,add430eab600,start_2412_eval_068_add430eab600,,68,0.02037865256470453,98886.416003,27.317027356169568,0.40345290870779577,0.0,2412,ok,0.11678201816086221,9.826878624997335
4.064854851500282,0.02430008,0.6096301,25.086543478726043,2883765eec4d,start_2412_eval_069_2883765eec4d,,69,0.020387405131030878,98884.406051,25.086543478726043,0.4029357222911343,0.0,2412,ok,0.11674775969832529,9.887568582998938
4.065519833454919,0.02235486,0.6107096,27.317651837146947,bc5bc0044691,start_2412_eval_070_bc5bc0044691,,70,0.020377736988444216,98886.434946,27.317651837146947,0.4034880390376863,0.0,2412,ok,0.11677821022015204,9.67607529200177
4.06420991331151,0.02430094,0.609568,25.08310036153492,96da9837d5fb,start_2412_eval_071_96da9837d5fb,,71,0.020382809052444856,98884.410039,25.08310036153492,0.40317252336815407,0.0,2412,ok,0.1167521979612023,9.803191999999399
4.065625652839227,0.02235455,0.6107267,27.31879555636072,426a6b16da35,start_2412_eval_072_426a6b16da35,,72,0.02037969168663961,98886.438934,27.31879555636072,0.4033828123728853,0.0,2412,ok,0.11677456311094724,9.811277999993763
4.064840555563876,0.02447387,0.619332,25.304812650690277,e45923f5ca89,start_2412_eval_073_e45923f5ca89,,73,0.020384701977802865,98883.068077,25.304812650690277,0.40308477970586304,0.0,2412,ok,0.11675418234731007,10.110761332995025
4.065350013982158,0.02235114,0.6106326,27.318753372160337,564092880526,start_2412_eval_074_564092880526,,74,0.020379478235783878,98886.455883,27.318753372160337,0.4033872242047305,0.0,2412,ok,0.11677220325194154,10.38308266599779
4.065010375036637,0.02234449,0.6105627,27.32375526336634,1c1768bbd263,start_2412_eval_075_1c1768bbd263,,75,0.020382960730463202,98886.478814,27.32375526336634,0.40318559453881886,0.0,2412,ok,0.11676018931552057,10.258965624998382
4.064427097278273,0.02430333,0.6095233,25.078794601620366,8129adedcfa9,start_2412_eval_076_8129adedcfa9,,76,0.020384381801519268,98884.418015,25.078794601620366,0.40309139745363076,0.0,2412,ok,0.1167506425588015,10.10459141600586
4.065326013948988,0.02235006,0.6106313,27.32001524759899,fb18c8d28fd6,start_2412_eval_077_fb18c8d28fd6,,77,0.020380864215359527,98886.461865,27.32001524759899,0.4033099586430717,0.0,2412,ok,0.1167685829729108,9.916680249996716
4.064726736168511,0.02234357,0.6105608,27.324795241080942,485ecf67a72e,start_2412_eval_078_485ecf67a72e,,78,0.020383209272799352,98886.48679,27.324795241080942,0.4031642511834444,0.0,2412,ok,0.11675662269683794,9.965529542001605
4.061436286386989,0.02233246,0.6102918,27.326343522230772,582caa3bc5dd,start_2412_eval_079_582caa3bc5dd,,79,0.020385010798108213,98886.595463,27.326343522230772,0.4033932801771304,0.0,2412,ok,0.1167630716963694,9.785717874998227
4.058494485642228,0.02232073,0.6100376,27.3293154249245,4cc0909b67d4,start_2412_eval_080_4cc0909b67d4,,80,0.020387293755012206,98886.692172,27.3293154249245,0.4035355685186597,0.0,2412,ok,0.11676445910395467,9.79763529200136
4.065232403852727,0.02430625,0.6098213,25.088041633668965,98f6cc0e8031,start_2412_eval_081_98f6cc0e8031,,81,0.02038881039940898,98884.36318,25.088041633668965,0.403366378813423,0.0,2412,ok,0.11674387387013174,10.014822459001152
4.0,0.03147063,0.8047052,25.569225362652013,3b83c1e9e34f,start_4415_eval_001_3b83c1e9e34f,,1,0.04,98876.550688,25.569225362652013,0.4,0.0,4415,ok,0.15,9.942608459001349
4.0,0.03003862,0.8404606,27.978403188855253,e72db0d47318,start_4415_eval_002_e72db0d47318,,2,0.042,98873.223699,27.978403188855253,0.4,0.0,4415,ok,0.15,9.942838374998246
4.0,0.02775953,0.8206578,29.56203645967854,8fa017cb9bfb,start_4415_eval_003_8fa017cb9bfb,,3,0.04,98874.377228,29.56203645967854,0.42000000000000004,0.0,4415,ok,0.15,10.044901833003678
4.0,0.03131143,0.8051146,25.71230019516211,6d0bcab57994,start_4415_eval_004_6d0bcab57994,,4,0.04,98871.128005,25.71230019516211,0.4,0.0,4415,ok,0.1575,10.076546832999156
4.2,0.03236021,0.8249072,25.490616698201332,2e64cf0c2ed3,start_4415_eval_005_2e64cf0c2ed3,,5,0.04,98873.526787,25.490616698201332,0.4,0.0,4415,ok,0.15,10.445860957996047
3.8,0.02873755,0.8016939,27.89611514846782,47f3ceb1bca9,start_4415_eval_006_47f3ceb1bca9,,6,0.041,98877.016287,27.89611514846782,0.41000000000000003,0.0,4415,ok,0.15375000000000003,10.051317208002729
3.9000000000000004,0.03079166,0.8526783,27.690959468912396,087a7cbe6b14,start_4415_eval_007_087a7cbe6b14,,7,0.0415,98869.626523,27.690959468912396,0.4149999999999999,0.0,4415,ok,0.15562499999999999,10.350169916993764
3.8500000000000005,0.03005702,0.8337216,27.737076494060485,63f8248590fd,start_4415_eval_008_63f8248590fd,,8,0.04225,98876.200741,27.737076494060485,0.4225,0.0,4415,ok,0.1471875,10.092467125003168
3.9250000000000007,0.02771055,0.8242036,29.742241051114068,e1eec353d747,start_4415_eval_009_e1eec353d747,,9,0.041125,98877.444,29.742241051114068,0.41125,0.0,4415,ok,0.14484375000000002,9.944674500002293
3.9375,0.02929199,0.8090783,27.620201966409027,fa98e4e8a78b,start_4415_eval_010_fa98e4e8a78b,,10,0.0409375,98881.062113,27.620201966409027,0.40937500000000004,0.0,4415,ok,0.139453125,9.904569124999398
4.0125,0.03065844,0.8284065,27.01962266760254,1a74590bbfbf,start_4415_eval_011_1a74590bbfbf,,11,0.03981250000000001,98871.536775,27.01962266760254,0.3981250000000002,0.0,4415,ok,0.15210937500000002,10.018753374999505
3.8906250000000004,0.03034889,0.812964,26.786390329586037,2e5ac04b043e,start_4415_eval_012_2e5ac04b043e,,12,0.041640625,98877.831833,26.786390329586037,0.41640625000000003,0.0,4415,ok,0.14841796875000002,10.157095875001687
3.9625000000000004,0.02805274,0.8137706,29.007561915095813,12c002a07aa4,start_4415_eval_013_12c002a07aa4,,13,0.0405625,98876.371228,29.007561915095813,0.415625,0.0,4415,ok,0.147421875,10.24435787499533
3.9625000000000004,0.03085946,0.8351023,27.060591449382155,61959fa60238,start_4415_eval_014_61959fa60238,,14,0.0415625,98875.530757,27.060591449382155,0.405625,0.0,4415,ok,0.147421875,9.920919958000013
3.8625000000000003,0.03059085,0.8042812,26.290701608434926,f0f93d55ae64,start_4415_eval_015_f0f93d55ae64,,15,0.0410625,98878.846779,26.290701608434926,0.410625,0.0,4415,ok,0.14929687500000002,10.047140457994828
3.8875000000000006,0.0305298,0.8299136,27.182831763334075,6cb8aedeac6f,start_4415_eval_016_6cb8aedeac6f,,16,0.0416875,98877.057164,27.182831763334075,0.416875,0.0,4415,ok,0.146015625,9.963951666999492
4.006250000000001,0.02816623,0.8281998,29.40295513616355,f3e8bdfcad37,start_4415_eval_017_f3e8bdfcad37,,17,0.041406250000000006,98878.405108,29.40295513616355,0.4140625,0.0,4415,ok,0.14355468750000003,10.219823041996278
3.9281250000000014,0.02809137,0.8251312,29.37207505098359,e59e4c8192fd,start_4415_eval_018_e59e4c8192fd,,18,0.04082812499999999,98879.50779,29.37207505098359,0.42328124999999994,0.0,4415,ok,0.14349609375000003,9.747798582997348
4.023437500000002,0.02954731,0.8261183,27.95822502200633,9c42b528fe43,start_4415_eval_019_9c42b528fe43,,19,0.040273437499999995,98875.814902,27.95822502200633,0.41523437499999993,0.0,4415,ok,0.14364257812500006,9.705416042001161
3.9894531250000007,0.02786064,0.8310866,29.829062467248878,384865dd2395,start_4415_eval_020_384865dd2395,,20,0.040626953125,98877.168828,29.829062467248878,0.41564453124999995,0.0,4415,ok,0.14423583984375005,9.86824208300095
3.9619140625000018,0.02890094,0.8339191,28.853395308411823,984d6381c247,start_4415_eval_021_984d6381c247,,21,0.0414306640625,98878.846779,28.853395308411823,0.4164941406249999,0.0,4415,ok,0.14064331054687504,9.638182292001147
3.9623535156250007,0.02800813,0.8195864,29.261401550137403,478045ae0211,start_4415_eval_022_478045ae0211,,22,0.040779541015625004,98877.724157,29.261401550137403,0.41584228515625,0.0,4415,ok,0.14572723388671877,9.940420458005974
3.9620605468750014,0.02809108,0.8275322,29.457847193942207,50e3541c1d9c,start_4415_eval_023_50e3541c1d9c,,23,0.041213623046874995,98878.774995,29.457847193942207,0.41627685546874993,0.0,4415,ok,0.14233795166015628,9.952679750000243
4.013256835937501,0.02919431,0.8323391,28.50934276772536,6bc6d61ae0f9,start_4415_eval_024_6bc6d61ae0f9,,24,0.041357788085937514,98876.352285,28.50934276772536,0.405335693359375,0.0,4415,ok,0.14399002075195313,9.828748291998636
3.9494079589843762,0.02925579,0.8201928,28.034271702397973,344b94b7a019,start_4415_eval_025_344b94b7a019,,25,0.04096054077148437,98877.980386,28.034271702397973,0.41879486083984374,0.0,4415,ok,0.14361957550048832,9.778287708999414
3.9572265625000007,0.02768267,0.8254846,29.8184669879391,8c675e73c216,start_4415_eval_026_8c675e73c216,,26,0.0408759765625,98877.378198,29.8184669879391,0.413447265625,0.0,4415,ok,0.14453979492187502,9.864564750001591
3.975756835937501,0.02815759,0.8286524,29.42805019711569,2564dbb07190,start_4415_eval_027_2564dbb07190,,27,0.04092028808593749,98878.298429,29.42805019711569,0.4159606933593749,0.0,4415,ok,0.14328689575195316,9.900499750001472
3.997851562500001,0.02952522,0.8197123,27.76218222312236,f21772be04a9,start_4415_eval_028_f21772be04a9,,28,0.041016601562500005,98878.306405,27.76218222312236,0.41485351562499995,0.0,4415,ok,0.14389526367187505,9.981933625000238
3.958789062500001,0.02794441,0.8261983,29.56472279347485,6b8e8b07f1d4,start_4415_eval_029_6b8e8b07f1d4,,29,0.0407275390625,98878.573601,29.56472279347485,0.419462890625,0.0,4415,ok,0.14386596679687502,9.959473834001983
3.9427612304687507,0.02770171,0.8225657,29.692607690727726,7d92cdfdde48,start_4415_eval_030_7d92cdfdde48,,30,0.04055877685546874,98878.665325,29.692607690727726,0.4174041748046875,0.0,4415,ok,0.1440689849853516,9.94613141699665
3.9483581542968755,0.02775994,0.8246224,29.704412026393918,981f76586a5b,start_4415_eval_031_981f76586a5b,,31,0.040474334716796886,98877.701226,29.704412026393918,0.41701873779296883,0.0,4415,ok,0.14506839752197268,10.019718374998774
3.960110473632813,0.02774503,0.8219196,29.622962276044536,2ed5c36e5c94,start_4415_eval_032_2ed5c36e5c94,,32,0.04054048156738281,98877.456961,29.622962276044536,0.4122944641113282,0.0,4415,ok,0.14509054183959963,10.125929542002268
3.9597801208496106,0.02793447,0.8223868,29.438803070075426,e0a50db5fca7,start_4415_eval_033_e0a50db5fca7,,33,0.04058724594116211,98877.617478,29.438803070075426,0.4140865707397462,0.0,4415,ok,0.14478439807891846,9.880269374996715
3.9733398437500007,0.02775203,0.8277863,29.826880164075774,84a95c841681,start_4415_eval_034_84a95c841681,,34,0.04075146484375,98877.298438,29.826880164075774,0.4145458984375,0.0,4415,ok,0.14438781738281253,9.778985666998778
3.968905639648438,0.02778508,0.8283858,29.812978297046577,d3f1edb52706,start_4415_eval_035_d3f1edb52706,,35,0.04055064392089844,98877.403123,29.812978297046577,0.41633163452148436,0.0,4415,ok,0.14465211868286137,9.96236879099888
3.9661071777343757,0.02790941,0.8270292,29.631567576398915,e81f40274d0a,start_4415_eval_036_e81f40274d0a,,36,0.04059286499023437,98878.048182,29.631567576398915,0.4165243530273437,0.0,4415,ok,0.14415241241455082,9.930399832999683
3.974121093750001,0.0278472,0.8264647,29.677490825259802,d8aebbe395d9,start_4415_eval_037_d8aebbe395d9,,37,0.040677246093749994,98878.152867,29.677490825259802,0.41755371093749993,0.0,4415,ok,0.14405090332031253,9.926427957994747
3.986802673339845,0.027827,0.8285133,29.772649849072874,b6c5adc57e1f,start_4415_eval_038_b6c5adc57e1f,,38,0.04071028900146484,98877.211699,29.772649849072874,0.41551353454589846,0.0,4415,ok,0.1445109272003174,9.834998540995002
3.9851295471191417,0.02806634,0.8244671,29.37460764005424,689f232c5908,start_4415_eval_039_689f232c5908,,39,0.04064242935180665,98877.198738,29.37460764005424,0.41346408843994154,0.0,4415,ok,0.14484244823455814,10.048249874998874
3.976873207092286,0.02774754,0.8287975,29.868148017877694,9b7b2df83eca,start_4415_eval_040_9b7b2df83eca,,40,0.04066854190826416,98877.496841,29.868148017877694,0.41653130531311033,0.0,4415,ok,0.14424878954887393,9.730202041995653
3.9674832344055178,0.02776978,0.8283783,29.82913335527486,79210c36b39f,start_4415_eval_041_79210c36b39f,,41,0.04058851289749146,98877.556661,29.82913335527486,0.41601315021514873,0.0,4415,ok,0.14425135552883153,10.190892375001567
3.984669065475464,0.02906036,0.8266209,28.443985415685983,52d16070d42b,start_4415_eval_042_52d16070d42b,,42,0.04076709246635438,98877.840806,28.443985415685983,0.41503580808639506,0.0,4415,ok,0.14390978246927266,10.269567916999222
3.972846496105195,0.02782882,0.8290724,29.7907927539596,614c66963953,start_4415_eval_043_614c66963953,,43,0.04060475605726242,98877.371219,29.7907927539596,0.41600767791271204,0.0,4415,ok,0.14446653462946418,10.203044791996945
3.972178220748902,0.02781105,0.8295254,29.826114939387782,c96c510adb17,start_4415_eval_044_c96c510adb17,,44,0.04062852740287781,98877.456961,29.826114939387782,0.41627222776412953,0.0,4415,ok,0.14425007253885275,10.078341042004467
3.9831631660461433,0.02785132,0.8308466,29.830427052396352,92df0c97edd1,start_4415_eval_045_92df0c97edd1,,45,0.04064774751663208,98877.26454,29.830427052396352,0.4160879182815551,0.0,4415,ok,0.144242314696312,10.282403416997113
3.9751065254211433,0.02785039,0.8299199,29.79815011028175,6606aa580f99,start_4415_eval_046_6606aa580f99,,46,0.04071000337600708,98877.297441,29.79815011028175,0.41553860187530517,0.0,4415,ok,0.14431830346584323,10.245268124999711
3.972889423370362,0.02783182,0.8289632,29.783658285434246,259b5cf9e454,start_4415_eval_047_259b5cf9e454,,47,0.0406095929145813,98877.431039,29.783658285434246,0.41643146991729735,0.0,4415,ok,0.14445045411586765,10.096653332999267
3.9807711362838747,0.02798745,0.829557,29.639261909823514,524d4c87eaf2,start_4415_eval_048_524d4c87eaf2,,48,0.04071781718730927,98877.719172,29.639261909823514,0.4157835566997527,0.0,4415,ok,0.14407928600907327,10.099902750000183
3.9748598515987403,0.02783261,0.8301865,29.826763398639272,bbab5ff34c2a,start_4415_eval_049_bbab5ff34c2a,,49,0.04063664898276329,98877.325357,29.826763398639272,0.41626949161291116,0.0,4415,ok,0.14435766208916906,10.330058415995154
3.978430697321892,0.02790391,0.8274384,29.652071983030943,830af2032e76,start_4415_eval_050_830af2032e76,,50,0.04058072952926159,98877.918572,29.652071983030943,0.41704186961054796,0.0,4415,ok,0.1442311159707606,10.121299416998227
3.9759375683963305,0.02780562,0.8299549,29.84738526293379,f1a7d382ab6d,start_4415_eval_051_f1a7d382ab6d,,51,0.04067768491432071,98877.331339,29.84738526293379,0.41591441880911584,0.0,4415,ok,0.14429650659207258,10.019123541998852
3.9832386758178484,0.02783834,0.8305242,29.83275465582158,4de5d526a220,start_4415_eval_052_4de5d526a220,,52,0.04068678425811231,98877.247591,29.83275465582158,0.4161293392442167,0.0,4415,ok,0.144322563924361,10.17924320900056
3.9847464570775637,0.02787603,0.8310094,29.809825508671477,c950e0a07d8d,start_4415_eval_053_c950e0a07d8d,,53,0.04070373031590135,98877.399135,29.809825508671477,0.4160619992110879,0.0,4415,ok,0.14419742529164065,10.015060416997585
3.977331502968446,0.02783614,0.829788,29.808665689075816,bf254eb79a63,start_4415_eval_054_bf254eb79a63,,54,0.04065341931604781,98877.36424,29.808665689075816,0.4162176185124553,0.0,4415,ok,0.14431760288978696,9.884707124998386
3.9764053877443084,0.02782687,0.8303027,29.837091376379146,d60d25254e79,start_4415_eval_055_d60d25254e79,,55,0.040673113411292434,98877.343303,29.837091376379146,0.4162228620611131,0.0,4415,ok,0.14427264807047324,9.976325208001072
3.980055941455067,0.02784656,0.8305175,29.82370807352601,c380b0ef5262,start_4415_eval_056_c380b0ef5262,,56,0.04067766308318824,98877.312396,29.82370807352601,0.4163303222786635,0.0,4415,ok,0.14428567673661746,9.697129457999836
3.9800181865692146,0.02785238,0.8306413,29.82192107385172,757c31aade3c,start_4415_eval_057_757c31aade3c,,57,0.04065814471244812,98877.327351,29.82192107385172,0.4163096117973327,0.0,4415,ok,0.14424555212259296,9.767684665996057
3.975866529345513,0.02782626,0.8298645,29.821998285134793,324a875f547c,start_4415_eval_058_324a875f547c,,58,0.04065259544551372,98877.389165,29.821998285134793,0.41640039846301075,0.0,4415,ok,0.1443032258190215,9.879458709001483
3.974582346249372,0.0277564,0.829055,29.86789108489988,1572db18d163,start_4415_eval_059_1572db18d163,,59,0.04067781221168115,98877.444,29.86789108489988,0.4164328322606161,0.0,4415,ok,0.14430961796490013,9.792288000004191
3.978091911925004,0.02786487,0.8308281,29.81525787639144,eaa5f08365c7,start_4415_eval_060_eaa5f08365c7,,60,0.040695969861699266,98877.318378,29.81525787639144,0.4163582624937407,0.0,4415,ok,0.1442551403414109,10.156479457997193
3.976422874990386,0.02781911,0.8299316,29.832074711422777,acc18b99f213,start_4415_eval_061_acc18b99f213,,61,0.04066343904956011,98877.383183,29.832074711422777,0.41638986447069326,0.0,4415,ok,0.14429120444961885,10.26075570800458
3.9720859665831094,0.02781843,0.8295395,29.818709441566558,2909b22b160f,start_4415_eval_062_2909b22b160f,,62,0.040663790207210684,98877.465934,29.818709441566558,0.4164581097741028,0.0,4415,ok,0.1442754532803156,10.067405957997835
3.9780634477370773,0.02783011,0.8302206,29.830667910837903,42e8e6c97ddb,start_4415_eval_063_42e8e6c97ddb,,63,0.04067419486419385,98877.350282,29.830667910837903,0.41636226915252333,0.0,4415,ok,0.144283120872542,10.446260582997638
3.974078460301099,0.02782679,0.8297928,29.81885374296701,390f152e6de5,start_4415_eval_064_390f152e6de5,,64,0.04066725842620507,98877.426054,29.81885374296701,0.416426162900243,0.0,4415,ok,0.14427800914439107,9.980149874994822
3.977067200878083,0.02782565,0.8300976,29.831028887774846,dc38435395e3,start_4415_eval_065_dc38435395e3,,65,0.04067246075469666,98877.368228,29.831028887774846,0.4163782425894532,0.0,4415,ok,0.14428184294050428,9.792988125002012
3.9750747071600934,0.02783124,0.8299055,29.81813537106607,8cace6366942,start_4415_eval_066_8cace6366942,,66,0.04066899253570226,98877.409105,29.81813537106607,0.4164101894633131,0.0,4415,ok,0.14427928707642879,9.812398209003732
3.976569077448586,0.02782984,0.8303097,29.83415879650057,e89b59f42ab9,start_4415_eval_067_e89b59f42ab9,,67,0.040671593699948064,98877.358258,29.83415879650057,0.4163862293079182,0.0,4415,ok,0.1442812039744854,9.979626332999032
3.9757921342768907,0.02784272,0.830417,29.8242117073437,7537d5943e79,start_4415_eval_068_7537d5943e79,,68,0.0406820915660328,98877.371219,29.8242117073437,0.41639675000068554,0.0,4415,ok,0.1442649253297475,7.687552625000535
3.976265189812012,0.02782185,0.8299701,29.830520597278856,237198c05859,start_4415_eval_069_237198c05859,,69,0.04066810217867828,98877.386174,29.830520597278856,0.41639158585319136,0.0,4415,ok,0.14428463466965102,7.346912209002767
3.975727776670829,0.02773683,0.8287853,29.879240733683922,77d51dff15ed,start_4415_eval_070_77d51dff15ed,,70,0.04067317705997266,98877.477898,29.879240733683922,0.4164820687868632,0.0,4415,ok,0.14427920375688702,7.338873207998404
3.976639297418297,0.02784108,0.8303572,29.823820634090556,9e33392befcf,start_4415_eval_071_9e33392befcf,,71,0.040670827659778294,98877.367231,29.823820634090556,0.4163770836871117,0.0,4415,ok,0.1442607188096736,7.3674361249941285
3.976721142270436,0.02783141,0.8303297,29.833194466451157,f10edcfcea80,start_4415_eval_072_f10edcfcea80,,72,0.04067006780410611,98877.37421,29.833194466451157,0.41645876731051423,0.0,4415,ok,0.14426499676167967,7.290354582997679
3.9766480410413356,0.02783589,0.8303603,29.829492446893315,3143aaf98aea,start_4415_eval_073_3143aaf98aea,,73,0.04066599047891213,98877.371219,29.829492446893315,0.4164605848919018,0.0,4415,ok,0.1442699969992464,7.291332291999424
3.9763457861191465,0.02773471,0.8287441,29.880039126454665,edd3947200c4,start_4415_eval_074_edd3947200c4,,74,0.040668060965849226,98877.497838,29.880039126454665,0.4165892794640831,0.0,4415,ok,0.14427077472366992,7.339685916005692
3.976199030469572,0.02775062,0.828579,29.856959701812,8320e21caf16,start_4415_eval_075_8320e21caf16,,75,0.04066667761888469,98877.518775,29.856959701812,0.4166953773525688,0.0,4415,ok,0.14427580268066809,7.580232583997713
3.976185915035013,0.0277342,0.8287946,29.882409357062507,b9240b51c19f,start_4415_eval_076_b9240b51c19f,,76,0.04067393339018395,98877.49385,29.882409357062507,0.4165701255453836,0.0,4415,ok,0.14426188539630888,7.3184796670029755
3.975954852031853,0.02773425,0.8288308,29.88366068450798,290f72adb6e2,start_4415_eval_077_290f72adb6e2,,77,0.04067790484581986,98877.498835,29.88366068450798,0.4166248958721245,0.0,4415,ok,0.14425782959484013,7.290901082997152
3.975729668686621,0.02773839,0.8288545,29.88005504086427,9d8c6299f1f7,start_4415_eval_078_9d8c6299f1f7,,78,0.040673774585846846,98877.50382,29.88005504086427,0.4166550074075763,0.0,4415,ok,0.14426330205045582,7.379697250005847
3.975005834661939,0.02775835,0.8289687,29.86268410463501,af01a28bc8b6,start_4415_eval_079_af01a28bc8b6,,79,0.04067791682048014,98877.484877,29.86268410463501,0.4166443204522132,0.0,4415,ok,0.14428676551405245,7.299409291001211
3.976406363984699,0.02773965,0.8288564,29.878766359115595,a534ae947c12,start_4415_eval_080_a534ae947c12,,80,0.040670885636318155,98877.488865,29.878766359115595,0.41655955909788606,0.0,4415,ok,0.14425828354016856,7.367492457997287
3.9754726777695257,0.02774916,0.828885,29.869557508857607,7ae7b4e6ef2d,start_4415_eval_081_7ae7b4e6ef2d,,81,0.04067557309242614,98877.486871,29.869557508857607,0.4166160666674375,0.0,4415,ok,0.14427727152275782,7.358392707996245
3.976172942430906,0.02773938,0.8288579,29.879111245051437,c1b9d1592e64,start_4415_eval_082_c1b9d1592e64,,82,0.04067205750034515,98877.487868,29.879111245051437,0.4165736859902739,0.0,4415,ok,0.14426303053581588,7.2944075419945875
3.975706099323319,0.02773875,0.8288377,29.879061635378832,516c14f8dcd7,start_4415_eval_083_516c14f8dcd7,,83,0.040674401228399146,98877.490859,29.879061635378832,0.41660193977504967,0.0,4415,ok,0.1442725245271105,7.325587042003463
3.976056231654009,0.02773903,0.8288525,29.879293569617623,cb7bfa0dd403,start_4415_eval_084_cb7bfa0dd403,,84,0.04067264343235865,98877.494847,29.879293569617623,0.41658074943646783,0.0,4415,ok,0.14426540403363952,7.294519416995172
3.9763154925749857,0.02786375,0.8268507,29.67371679272199,e2fe731cdc46,start_4415_eval_085_e2fe731cdc46,,85,0.040673014854964634,98877.984374,29.67371679272199,0.41674289730326264,0.0,4415,ok,0.14424945144441564,7.289811083006498
3.975874705646868,0.02773266,0.8287301,29.881742979469713,6f15a6aa4b36,start_4415_eval_086_6f15a6aa4b36,,86,0.04067313650872065,98877.492853,29.881742979469713,0.4165472759159631,0.0,4415,ok,0.14427176567876918,7.391954999999143
3.975896274588236,0.02773377,0.82878,29.88234623903497,eefa6fea9da6,start_4415_eval_087_eefa6fea9da6,,87,0.040673795020759636,98877.500829,29.88234623903497,0.41662747989340565,0.0,4415,ok,0.14426643199022798,7.301699625000765
3.975381964357642,0.0277439,0.8292102,29.886941383821892,34c0541b6934,start_4415_eval_088_34c0541b6934,,88,0.04068124451472427,98877.471916,29.886941383821892,0.4166380500804516,0.0,4415,ok,0.1442588899334766,7.291150416000164
3.9749000534768895,0.02775759,0.8293006,29.875458371624784,73f6bbf44ce3,start_4415_eval_089_73f6bbf44ce3,,89,0.04068783628916178,98877.47391,29.875458371624784,0.4166624353886359,0.0,4415,ok,0.14425294753837997,7.353331541002262
3.975824229625678,0.02773402,0.828816,29.883374881287263,bb55a5e72cf4,start_4415_eval_090_bb55a5e72cf4,,90,0.04067926585916536,98877.494847,29.883374881287263,0.41656384347339603,0.0,4415,ok,0.1442641565482011,7.318975750000391
3.9756539546548355,0.02777249,0.8292192,29.85649984931674,a626d223827a,start_4415_eval_091_a626d223827a,,91,0.04068296861151391,98877.482883,29.85649984931674,0.4166798587437258,0.0,4415,ok,0.1442518883546037,7.456073792003735
3.9758195178988602,0.02773879,0.828864,29.87996664718803,c168202e3dff,start_4415_eval_092_c168202e3dff,,92,0.04067559453441896,98877.492853,29.87996664718803,0.41658042162290376,0.0,4415,ok,0.14426679634772782,7.272850082998048
3.975668408194747,0.0277389,0.8289096,29.8814920024946,e644225ed11c,start_4415_eval_093_e644225ed11c,,93,0.040679574680272064,98877.498835,29.8814920024946,0.41663147297628805,0.0,4415,ok,0.14425835976415835,7.263483458002156
3.9756030969916596,0.02774985,0.8292997,29.88375851550493,c20bc9e4e0d6,start_4415_eval_094_c20bc9e4e0d6,,94,0.04068025518694482,98877.459952,29.88375851550493,0.41660094677692383,0.0,4415,ok,0.14426152324083885,7.303356500000518
3.975639119472939,0.02773326,0.8287987,29.88356999609869,195bdadb26d8,start_4415_eval_095_195bdadb26d8,,95,0.04067751976774195,98877.499832,29.88356999609869,0.41663276498692864,0.0,4415,ok,0.1442626609618523,7.29549270899588
3.9756283350022548,0.02773295,0.8287816,29.88328745094009,3993c44e13f7,start_4415_eval_096_3993c44e13f7,,96,0.04067719051172246,98877.499832,29.88328745094009,0.41659266299820735,0.0,4415,ok,0.1442653278061229,7.24362691600254
