AoA,Cp_mae,Cp_pred_min,Cp_rmse,Cp_truth_min,Re,U_inf,case,cavitation_indicator_mae,cavitation_indicator_pred_min,cavitation_indicator_rmse,cavitation_indicator_truth_min,cavitation_margin_mae,cavitation_margin_pred_min,cavitation_margin_rmse,cavitation_margin_truth_min,model,naca,p_mae,p_pred_min,p_rmse,p_truth_min
-4.0,0.019670141860842705,-0.22942058742046356,0.028610631823539734,-0.20554691553115845,100000.0,0.09999999999999999,case_001,1.9111885407596674e-08,1.879590462154526e-15,4.834847686652211e-07,0.0,0.3568968176841736,99021.4375,0.4957125186920166,99023.9765625,dnn,0006,0.35692182183265686,101321.4375,0.4957408308982849,101323.9765625
-4.0,0.021115068346261978,-0.26147007942199707,0.030940376222133636,-0.20992682874202728,500000.0,0.5,case_003,3.9114488004088344e-07,7.575297819281665e-19,3.2916764212131966e-06,0.0,2.661410331726074,98995.546875,3.896049737930298,98998.8359375,dnn,0006,2.661421775817871,101295.546875,3.89603853225708,101298.8359375
2.0,0.02059028670191765,-0.2646178901195526,0.030434973537921906,-0.20992682874202728,500000.0,0.5,case_015,4.0255508793052286e-07,1.7896458388072788e-19,3.3217304462596076e-06,0.0,2.567272663116455,98993.28125,3.7772016525268555,98998.8359375,dnn,0006,2.567312240600586,101293.28125,3.7772183418273926,101298.8359375
-4.0,0.018401382490992546,-0.3240694999694824,0.02540876530110836,-0.29554709792137146,500000.0,0.5,case_035,4.18241370425676e-07,3.7474272523554416e-19,3.5809273413178744e-06,0.0,2.3028290271759033,98988.3671875,3.170825481414795,98988.1640625,dnn,0008,2.302849292755127,101288.3671875,3.1708340644836426,101288.1640625
0.0,0.017730457708239555,-0.34635236859321594,0.0243962612003088,-0.2933560013771057,200000.0,0.19999999999999998,case_042,3.067071219220452e-08,4.31219775061285e-17,1.1307451330822005e-07,0.0,0.49873557686805725,99016.34375,0.7406978607177734,99019.1484375,dnn,0008,0.4986930787563324,101316.34375,0.740652859210968,101319.1484375
4.0,0.01765608973801136,-0.33872857689857483,0.023963406682014465,-0.2962748110294342,1000000.0,1.0,case_052,1.4796007974382519e-08,7.010437479160523e-28,6.024072263244307e-08,0.0,8.647604942321777,98866.828125,11.77914047241211,98877.3046875,dnn,0008,8.647649765014648,101166.828125,11.779191970825195,101177.3046875
6.0,0.017876969650387764,-0.3390900194644928,0.02432866208255291,-0.2962748110294342,1000000.0,1.0,case_056,1.4161711803239996e-08,4.7389778878982315e-28,6.296925647575335e-08,0.0,8.759952545166016,98867.625,11.97079086303711,98877.3046875,dnn,0008,8.759993553161621,101167.625,11.97083568572998,101177.3046875
8.0,0.017540905624628067,-0.3456907272338867,0.024549825116991997,-0.2933560013771057,200000.0,0.19999999999999998,case_058,2.8925205342034133e-08,1.823379535977383e-17,1.1339560757051004e-07,0.0,0.4833955466747284,99015.5703125,0.7440522313117981,99019.1484375,dnn,0008,0.48335787653923035,101315.5703125,0.7440207600593567,101319.1484375
8.0,0.01788877695798874,-0.3147706091403961,0.02519741654396057,-0.29554709792137146,500000.0,0.5,case_059,3.778545760724228e-07,1.5694524276971942e-20,2.2003384856361663e-06,0.0,2.176872730255127,98983.7109375,3.0400781631469727,98988.1640625,dnn,0008,2.176910400390625,101283.7109375,3.04010009765625,101288.1640625
10.0,0.017540600150823593,-0.34458330273628235,0.024683021008968353,-0.2933560013771057,200000.0,0.19999999999999998,case_062,2.876455873490613e-08,1.4592365977941866e-17,1.1629852991745793e-07,0.0,0.4842320382595062,99015.40625,0.7559424042701721,99019.1484375,dnn,0008,0.4842030704021454,101315.3984375,0.7559313178062439,101319.1484375
10.0,0.018441950902342796,-0.34612226486206055,0.025301799178123474,-0.2962748110294342,1000000.0,1.0,case_064,1.341090349882279e-08,2.227809352037727e-28,9.245920296052645e-08,0.0,9.052461624145508,98862.109375,12.477246284484863,98877.3046875,dnn,0008,9.052518844604492,101162.109375,12.477296829223633,101177.3046875
-2.0,0.01598387025296688,-0.3522184491157532,0.021284285932779312,-0.35309284925460815,200000.0,0.19999999999999998,case_070,2.291683998123517e-08,2.149161849176341e-18,8.71752803277559e-08,0.0,0.46256622672080994,99016.5859375,0.6681739687919617,99017.9609375,dnn,0010,0.4625284671783447,101316.5859375,0.6681234836578369,101317.9609375
8.0,0.01553729921579361,-0.3459540009498596,0.021049777045845985,-0.3512571156024933,100000.0,0.09999999999999999,case_089,3.424604599899794e-08,4.537247125508927e-17,1.5282417962225736e-06,0.0,0.3330218493938446,99021.5859375,0.45861899852752686,99023.25,dnn,0010,0.3330315351486206,101321.5859375,0.4586372971534729,101323.25
-4.0,0.01645735278725624,-0.3875757157802582,0.021521423012018204,-0.4368973970413208,1000000.0,1.0,case_100,1.7907785476722893e-08,4.310937791086981e-29,2.6805042807609425e-07,0.0,7.9151201248168945,98836.1484375,10.45579719543457,98807.203125,dnn,0012,7.915127277374268,101136.1484375,10.455808639526367,101107.203125
-2.0,0.0145453792065382,-0.4036620259284973,0.018531063571572304,-0.43041038513183594,100000.0,0.09999999999999999,case_101,1.1698940483029219e-08,6.346982648154493e-17,5.403439331530535e-07,0.0,0.31981173157691956,99018.671875,0.5022652745246887,99022.8515625,dnn,0012,0.31982627511024475,101318.671875,0.5023127198219299,101322.8515625
-2.0,0.014957928098738194,-0.4168926179409027,0.01944316364824772,-0.43347975611686707,200000.0,0.19999999999999998,case_102,1.675203264994707e-08,7.484616076679008e-19,5.1699341696576084e-08,0.0,0.4387189447879791,99012.046875,0.6590375304222107,99016.359375,dnn,0012,0.43869563937187195,101312.046875,0.6590105295181274,101316.359375
6.0,0.015478484332561493,-0.3933856785297394,0.02035435661673546,-0.43604427576065063,500000.0,0.5,case_119,2.3650899549920723e-07,8.671729574396018e-23,6.709673243676662e-07,0.0,1.8529046773910522,98973.9921875,2.428274154663086,98970.65625,dnn,0012,1.8529250621795654,101273.9921875,2.428276300430298,101270.65625
10.0,0.014967050403356552,-0.42224830389022827,0.019512619823217392,-0.43347975611686707,200000.0,0.19999999999999998,case_126,1.555237183481495e-08,2.8696048332443276e-19,9.162140202079172e-08,0.0,0.4405609369277954,99011.1640625,0.6916875839233398,99016.359375,dnn,0012,0.4405376613140106,101311.1640625,0.6916841864585876,101316.359375
10.0,0.015613445080816746,-0.3996160328388214,0.020574502646923065,-0.43604427576065063,500000.0,0.5,case_127,2.321831686913356e-07,3.27156394613258e-23,6.793253533032839e-07,0.0,1.8376466035842896,98971.421875,2.4212563037872314,98970.65625,dnn,0012,1.8376775979995728,101271.421875,2.421283483505249,101270.65625
10.0,0.017372533679008484,-0.40433451533317566,0.022117583081126213,-0.4368973970413208,1000000.0,1.0,case_128,2.1347034362406703e-08,5.035478128075066e-30,7.8571559924967e-07,0.0,8.417482376098633,98822.75,10.771819114685059,98807.203125,dnn,0012,8.417500495910645,101122.75,10.771852493286133,101107.203125
4.0,0.013067887164652348,-0.49961304664611816,0.016050342470407486,-0.526039183139801,500000.0,0.5,case_147,1.6540036540391156e-07,6.771416842665135e-26,4.994613505004963e-07,0.0,1.567428708076477,98953.71875,1.958229422569275,98959.4453125,dnn,0015,1.5674169063568115,101253.71875,1.9582170248031616,101259.4453125
6.0,0.0157199427485466,-0.5554583072662354,0.01870325207710266,-0.5272224545478821,1000000.0,1.0,case_152,9.45807521191e-09,2.1750596253257036e-33,2.9411143742663626e-08,0.0,7.645557403564453,98755.640625,9.143136978149414,98762.1796875,dnn,0015,7.645586013793945,101055.640625,9.143160820007324,101062.1796875
8.0,0.015764269977808,-0.5599462985992432,0.018795175477862358,-0.5272224545478821,1000000.0,1.0,case_156,8.75265460109631e-09,1.930395353552422e-33,2.4833250122924255e-08,0.0,7.682673931121826,98753.734375,9.200289726257324,98762.1796875,dnn,0015,7.682694435119629,101053.734375,9.200311660766602,101062.1796875
10.0,0.012924532406032085,-0.4877818524837494,0.016264084726572037,-0.523880660533905,100000.0,0.09999999999999999,case_157,2.527496656412609e-09,2.2952261255239905e-19,9.929153321763806e-08,0.0,0.3693103790283203,99016.984375,0.5218066573143005,99022.390625,dnn,0015,0.3693172037601471,101316.984375,0.5218116641044617,101322.390625
10.0,0.012427471578121185,-0.48920780420303345,0.01567213051021099,-0.5225052833557129,200000.0,0.19999999999999998,case_158,1.016293182942718e-08,9.56970521515622e-22,2.231073814584761e-08,0.0,0.44177305698394775,99012.234375,0.6651725172996521,99014.578125,dnn,0015,0.4417496621608734,101312.234375,0.6651519536972046,101314.578125
-4.0,0.018650785088539124,-0.5928729772567749,0.023357117548584938,-0.6588394045829773,100000.0,0.09999999999999999,case_161,1.029969554089405e-09,1.3979874893609786e-22,3.092442080188107e-09,0.0,0.3715554475784302,99011.15625,0.5693323016166687,99021.71875,dnn,0018,0.37154072523117065,101311.1484375,0.5693262219429016,101321.71875
-4.0,0.02262314036488533,-0.6279682517051697,0.028361722826957703,-0.6674858927726746,1000000.0,1.0,case_164,1.1963946278115145e-08,2.1306388417518313e-34,2.6015291254566364e-08,0.0,11.238920211791992,98724.8359375,14.269675254821777,98692.2578125,dnn,0018,11.238951683044434,101024.8359375,14.26968002319336,100992.2578125
-2.0,0.02249412052333355,-0.6318721771240234,0.028094666078686714,-0.6674858927726746,1000000.0,1.0,case_168,1.1260978816096667e-08,2.2371875323380347e-34,2.4103782081397185e-08,0.0,11.190714836120605,98723.2421875,14.15092945098877,98692.2578125,dnn,0018,11.190740585327148,101023.234375,14.1509370803833,100992.2578125
0.0,0.018948379904031754,-0.6034039258956909,0.023534005507826805,-0.6609063744544983,200000.0,0.19999999999999998,case_170,8.550177454935692e-09,1.3117792471368794e-24,1.5736469904936712e-08,0.0,0.5576017498970032,99006.859375,0.8336325287818909,99011.8203125,dnn,0018,0.5575762391090393,101306.859375,0.833609938621521,101311.8203125
4.0,0.018919436261057854,-0.5982911586761475,0.023485183715820312,-0.6588394045829773,100000.0,0.09999999999999999,case_177,9.651549559563932e-10,5.911418176783761e-23,3.4208889054809788e-09,0.0,0.39855316281318665,99010.875,0.6083911061286926,99021.71875,dnn,0018,0.39853551983833313,101310.875,0.6083629727363586,101321.71875
4.0,0.0039005158469080925,-0.5669389367103577,0.005979934707283974,-0.6007119417190552,200000.0,0.19999999999999998,case_242,1.1780915798453861e-08,2.000099844439405e-19,2.0090881847067976e-08,0.0,0.3511422276496887,99007.5390625,0.5787084698677063,99013.0234375,dnn,2415,0.35116758942604065,101307.5390625,0.5787312984466553,101313.0234375
8.0,0.004617080558091402,-0.5702707767486572,0.007183244451880455,-0.6007119417190552,200000.0,0.19999999999999998,case_250,1.1753653161861166e-08,1.2787973163173992e-19,2.032556167819166e-08,0.0,0.37482935190200806,99007.6953125,0.6094688177108765,99013.0234375,dnn,2415,0.374851793050766,101307.6953125,0.6094972491264343,101313.0234375
8.0,0.0042344434186816216,-0.5974711179733276,0.006986804772168398,-0.588989794254303,500000.0,0.5,case_251,1.0598601107858485e-07,2.4052626484388114e-22,2.5131831193903054e-07,0.0,0.6633214354515076,98955.1171875,1.0701512098312378,98951.59375,dnn,2415,0.6633496880531311,101255.109375,1.0702177286148071,101251.59375
10.0,0.005043468903750181,-0.5717489123344421,0.007988042198121548,-0.6007119417190552,200000.0,0.19999999999999998,case_254,1.1784973885653471e-08,1.0254045589581013e-19,2.054743752921695e-08,0.0,0.3899121880531311,99007.7890625,0.6296231150627136,99013.0234375,dnn,2415,0.38993754982948303,101307.7890625,0.6296383738517761,101313.0234375
-2.0,0.02246994525194168,-0.5919756293296814,0.027158087119460106,-0.6808620691299438,500000.0,0.5,case_263,9.976782422427277e-08,4.887081803648911e-19,2.790879705116822e-07,0.0,2.643773078918457,98945.9921875,3.2604219913482666,98940.1484375,dnn,4412,2.6437692642211914,101245.9921875,3.2604215145111084,101240.1484375
2.0,0.02249966561794281,-0.568282425403595,0.026713905856013298,-0.6737068891525269,100000.0,0.09999999999999999,case_269,1.4932673986223222e-09,1.55494483573792e-16,7.3765304975381696e-09,0.0,0.33097606897354126,99016.984375,0.5365314483642578,99021.640625,dnn,4412,0.33099547028541565,101316.984375,0.5365390181541443,101321.640625
8.0,0.02238515578210354,-0.5781679153442383,0.026734311133623123,-0.6737068891525269,100000.0,0.09999999999999999,case_281,1.707196384259646e-09,8.202333541987663e-17,1.3805316001480605e-08,0.0,0.34235408902168274,99017.21875,0.5451051592826843,99021.640625,dnn,4412,0.34234243631362915,101317.21875,0.5450735688209534,101321.640625
8.0,0.021726224571466446,-0.6055203676223755,0.026240674778819084,-0.6808620691299438,500000.0,0.5,case_283,8.463834433314332e-08,4.4537614303054175e-20,2.2599063242978445e-07,0.0,2.656611204147339,98946.6640625,3.277902841567993,98940.1484375,dnn,4412,2.6566402912139893,101246.6640625,3.2779316902160645,101240.1484375
10.0,0.02237224020063877,-0.5809579491615295,0.0268419086933136,-0.6737068891525269,100000.0,0.09999999999999999,case_285,1.808600602615229e-09,6.736973822427114e-17,1.7027877774467015e-08,0.0,0.3498287498950958,99017.3125,0.5555509924888611,99021.640625,dnn,4412,0.3498375117778778,101317.3125,0.555539071559906,101321.640625
-2.0,0.018316037952899933,-0.7421834468841553,0.021872276440262794,-0.7851275205612183,200000.0,0.19999999999999998,case_294,1.290999751546451e-08,6.391804504980475e-19,3.046432794917564e-08,0.0,0.4897163510322571,99001.59375,0.6909300088882446,99009.34375,dnn,4415,0.4897173047065735,101301.59375,0.6909297108650208,101309.34375
-2.0,0.016709163784980774,-0.7635489702224731,0.020754246041178703,-0.7829063534736633,1000000.0,1.0,case_296,1.2849412200921506e-08,3.0060314804312545e-29,2.5301101658214975e-08,0.0,8.362953186035156,98644.6875,10.440179824829102,98634.71875,dnn,4415,8.362897872924805,100944.6875,10.440123558044434,100934.71875
0.0,0.019130488857626915,-0.7272911071777344,0.022913124412298203,-0.7778218388557434,100000.0,0.09999999999999999,case_297,3.6178036122436197e-09,6.100294890178519e-17,9.467539285878956e-08,0.0,0.2862352430820465,99015.484375,0.4429517984390259,99021.125,dnn,4415,0.2862352430820465,101315.484375,0.4429439902305603,101321.125
4.0,0.019280938431620598,-0.7384718060493469,0.023194536566734314,-0.7778218388557434,100000.0,0.09999999999999999,case_305,5.02708719096745e-09,3.767570123907116e-17,1.5396886965390877e-07,0.0,0.29831886291503906,99015.109375,0.46137693524360657,99021.125,dnn,4415,0.29831692576408386,101315.109375,0.4613622725009918,101321.125
4.0,0.01876859925687313,-0.7975454330444336,0.022668804973363876,-0.789480984210968,500000.0,0.5,case_307,8.218385261216099e-08,1.3096370167782055e-20,2.1619410972562036e-07,0.0,2.4489259719848633,98922.421875,3.014592170715332,98926.609375,dnn,4415,2.448904514312744,101222.4296875,3.0145623683929443,101226.609375
6.0,0.018944954499602318,-0.7996196746826172,0.023003706708550453,-0.789480984210968,500000.0,0.5,case_311,7.855144446011764e-08,1.2292626877780408e-20,2.0184536708711676e-07,0.0,2.5115206241607666,98923.0625,3.086580753326416,98926.609375,dnn,4415,2.511481761932373,101223.0703125,3.0865421295166016,101226.609375
6.0,0.01675591617822647,-0.7707595825195312,0.02066219225525856,-0.7829063534736633,1000000.0,1.0,case_312,9.869574491006006e-09,5.523939100954741e-30,1.9261403139125832e-08,0.0,8.361804008483887,98639.6015625,10.370756149291992,98634.71875,dnn,4415,8.361760139465332,100939.6015625,10.370691299438477,100934.71875
8.0,0.018521446734666824,-0.7642897367477417,0.02255106344819069,-0.7851275205612183,200000.0,0.19999999999999998,case_314,1.3915929741870059e-08,2.3145077056026016e-19,3.294291062161392e-08,0.0,0.5507100224494934,99001.2421875,0.7798269987106323,99009.34375,dnn,4415,0.550711989402771,101301.2421875,0.7798507213592529,101309.34375
10.0,0.019416196271777153,-0.8026638031005859,0.023880667984485626,-0.789480984210968,500000.0,0.5,case_319,7.096721788002469e-08,1.1793101876265011e-20,1.7332830282157374e-07,0.0,2.6507067680358887,98924.3359375,3.2654805183410645,98926.609375,dnn,4415,2.6506764888763428,101224.34375,3.265479564666748,101226.609375
4.0,0.01750781759619713,-0.8171528577804565,0.022180557250976562,-0.8737464547157288,100000.0,0.09999999999999999,case_337,3.4286666839022928e-09,2.0510028074265108e-18,1.5891227178599365e-07,0.0,0.336996465921402,99017.7421875,0.5349498391151428,99020.640625,dnn,4418,0.33700332045555115,101317.7421875,0.534990131855011,101320.640625
6.0,0.0172437597066164,-0.8351263999938965,0.021963108330965042,-0.8808767199516296,200000.0,0.19999999999999998,case_342,1.2795597470471876e-08,2.6652308636084075e-20,2.8832307208404018e-08,0.0,0.5057122111320496,99004.75,0.7488210201263428,99007.4375,dnn,4418,0.5057288408279419,101304.7421875,0.7488499283790588,101307.4375
6.0,0.017431845888495445,-0.8555655479431152,0.022010255604982376,-0.885127604007721,500000.0,0.5,case_343,9.25370216009469e-08,1.158737967493205e-22,2.7415319436840946e-07,0.0,2.4341907501220703,98916.390625,3.0604782104492188,98914.6875,dnn,4418,2.4341800212860107,101216.3984375,3.0604803562164307,101214.6875
8.0,0.017660018056631088,-0.8221466541290283,0.022415218874812126,-0.8737464547157288,100000.0,0.09999999999999999,case_345,3.9494816306273606e-09,1.4468695858920288e-18,1.993502394270763e-07,0.0,0.36118143796920776,99017.703125,0.5744814872741699,99020.640625,dnn,4418,0.36116674542427063,101317.703125,0.5744636654853821,101320.640625
8.0,0.017284076660871506,-0.838171124458313,0.022096771746873856,-0.8808767199516296,200000.0,0.19999999999999998,case_346,1.3002565246722497e-08,2.2126242896071e-20,2.920019426255749e-08,0.0,0.5234512090682983,99004.828125,0.7700850367546082,99007.4375,dnn,4418,0.5234766602516174,101304.828125,0.7701030373573303,101307.4375
8.0,0.017388978973031044,-0.831963837146759,0.02259674109518528,-0.8865270018577576,1000000.0,1.0,case_348,8.972407705698515e-09,4.0226549673613775e-28,1.770733426553761e-08,0.0,8.568678855895996,98610.4765625,11.079753875732422,98583.0625,dnn,4418,8.568636894226074,100910.4765625,11.079708099365234,100883.0625
-2.0,0.02097059227526188,-0.913929283618927,0.0273609422147274,-0.9561296105384827,500000.0,0.5,case_359,2.1545740480632958e-07,1.9102499472264083e-26,1.840236450334487e-06,0.0,2.7889926433563232,98907.3984375,3.6706912517547607,98905.84375,dnn,4421,2.788987636566162,101207.3984375,3.670701265335083,101205.84375
-2.0,0.022076750174164772,-0.9219087958335876,0.029161689803004265,-0.9575648903846741,1000000.0,1.0,case_360,1.3433934853424034e-08,2.893164810216797e-38,4.063339886783979e-08,0.0,10.942642211914062,98562.2421875,14.77010440826416,98547.65625,dnn,4421,10.942622184753418,100862.2421875,14.770092964172363,100847.65625
2.0,0.022070931270718575,-0.9019427299499512,0.02861688658595085,-0.9575648903846741,1000000.0,1.0,case_368,1.4050180574542992e-08,2.008260944928015e-38,7.1196957662778e-08,0.0,10.867254257202148,98563.484375,14.447968482971191,98547.65625,dnn,4421,10.867219924926758,100863.484375,14.447919845581055,100847.65625
10.0,0.02221366949379444,-0.9232319593429565,0.028242848813533783,-0.9561296105384827,500000.0,0.5,case_383,2.9611726404255023e-07,1.613945317133641e-26,2.5612855552026303e-06,0.0,3.1614856719970703,98909.1171875,4.018853187561035,98905.84375,dnn,4421,3.1614372730255127,101209.1171875,4.0188446044921875,101205.84375
-4.0,0.016898393630981445,-0.29135316610336304,0.023743271827697754,-0.20554691553115845,100000.0,0.09999999999999999,case_001,3.5026863631770766e-09,1.32159116983388e-09,3.631761780198417e-09,0.0,0.5539970397949219,99015.6796875,0.7834516763687134,99023.9765625,pinn,0006,0.5432995557785034,101315.125,0.7747682332992554,101323.9765625
-4.0,0.016498619690537453,-0.29600146412849426,0.025791730731725693,-0.20992682874202728,500000.0,0.5,case_003,1.344363065314269e-09,2.897983242267088e-10,1.5137894271433083e-09,0.0,1.8994847536087036,98989.703125,3.1206095218658447,98998.8359375,pinn,0006,1.9057432413101196,101293.671875,3.135760545730591,101298.8359375
2.0,0.016315603628754616,-0.2849501073360443,0.02508680149912834,-0.20992682874202728,500000.0,0.5,case_015,1.3405790921794392e-09,3.138712900696561e-10,1.5023835508998218e-09,0.0,1.8862543106079102,98989.9609375,3.0304250717163086,98998.8359375,pinn,0006,1.8919780254364014,101293.59375,3.0438525676727295,101298.8359375
-4.0,0.015475275926291943,-0.34823739528656006,0.022302836179733276,-0.29554709792137146,500000.0,0.5,case_035,1.332233101614122e-09,2.3907689716828884e-10,1.527998505501671e-09,0.0,1.7607054710388184,98996.3984375,2.7078540325164795,98988.1640625,pinn,0008,1.774370551109314,101296.3203125,2.7553579807281494,101288.1640625
0.0,0.016167499125003815,-0.28742820024490356,0.021215535700321198,-0.2933560013771057,200000.0,0.19999999999999998,case_042,2.8673206031726295e-09,9.940090972548887e-10,2.976115576203142e-09,0.0,0.4891583323478699,99014.90625,0.7583421468734741,99019.1484375,pinn,0008,0.4869076907634735,101314.609375,0.76945561170578,101319.1484375
4.0,0.016169006004929543,-0.3581830859184265,0.022771574556827545,-0.2962748110294342,1000000.0,1.0,case_052,5.7257660834864055e-09,4.3322602449880065e-11,2.6068832426062727e-07,0.0,8.164371490478516,98868.1015625,11.547343254089355,98877.3046875,pinn,0008,8.166313171386719,101169.6484375,11.530919075012207,101177.3046875
6.0,0.016311852261424065,-0.34772300720214844,0.02301747165620327,-0.2962748110294342,1000000.0,1.0,case_056,4.940687414745071e-09,4.450240523312665e-11,2.4524641162315675e-07,0.0,8.232341766357422,98872.34375,11.673233985900879,98877.3046875,pinn,0008,8.234658241271973,101174.4140625,11.65626335144043,101177.3046875
8.0,0.01575777307152748,-0.2796485424041748,0.02050742320716381,-0.2933560013771057,200000.0,0.19999999999999998,case_058,2.8508586602526975e-09,1.0153266005730188e-09,2.946180854834779e-09,0.0,0.478333055973053,99014.2265625,0.7244646549224854,99019.1484375,pinn,0008,0.4766426682472229,101313.890625,0.7350404262542725,101319.1484375
8.0,0.015330944210290909,-0.3329616189002991,0.021590596064925194,-0.29554709792137146,500000.0,0.5,case_059,1.321985076963017e-09,2.5979485229754573e-10,1.4818763993673656e-09,0.0,1.7536503076553345,98996.3828125,2.606975793838501,98988.1640625,pinn,0008,1.765869379043579,101296.2578125,2.6467063426971436,101288.1640625
10.0,0.015677016228437424,-0.2777882516384125,0.020367862656712532,-0.2933560013771057,200000.0,0.19999999999999998,case_062,2.8468398749481594e-09,1.0260632343772613e-09,2.9399471745961137e-09,0.0,0.47715654969215393,99014.015625,0.7212936282157898,99019.1484375,pinn,0008,0.4754449129104614,101313.6640625,0.7312091588973999,101319.1484375
10.0,0.016634954139590263,-0.2910785377025604,0.023562384769320488,-0.2962748110294342,1000000.0,1.0,case_064,3.808752424561135e-09,3.724526242976367e-11,2.15364323707945e-07,0.0,8.389042854309082,98886.4296875,11.947237014770508,98877.3046875,pinn,0008,8.39201831817627,101188.484375,11.930143356323242,101177.3046875
-2.0,0.01631638966500759,-0.3098938763141632,0.02148856408894062,-0.35309284925460815,200000.0,0.19999999999999998,case_070,2.8485991343529804e-09,9.139652368261864e-10,2.9504625409515484e-09,0.0,0.5393404364585876,99011.671875,0.7843170166015625,99017.9609375,pinn,0010,0.537310779094696,101310.8984375,0.796721339225769,101317.9609375
8.0,0.01530545111745596,-0.33540967106819153,0.02008143626153469,-0.3512571156024933,100000.0,0.09999999999999999,case_089,3.3969931312327617e-09,1.2719658659676725e-09,3.494984524010647e-09,0.0,0.5575683116912842,99020.46875,0.7136518955230713,99023.25,pinn,0010,0.5506224632263184,101320.5546875,0.7176036238670349,101323.25
-4.0,0.017397744581103325,-0.435944139957428,0.021946147084236145,-0.4368973970413208,1000000.0,1.0,case_100,1.3774534401989058e-08,1.2444449637438737e-10,7.819762117833307e-07,0.0,8.436552047729492,98756.84375,10.782608032226562,98807.203125,pinn,0012,8.431270599365234,101060.25,10.772478103637695,101107.203125
-2.0,0.01727740652859211,-0.44661128520965576,0.022646425291895866,-0.43041038513183594,100000.0,0.09999999999999999,case_101,3.410204785225801e-09,1.1597584004263695e-09,3.548650262530373e-09,0.0,0.6201261878013611,99013.96875,0.8170086741447449,99022.8515625,pinn,0012,0.6129435300827026,101314.875,0.8132743239402771,101322.8515625
-2.0,0.01816699653863907,-0.4485459625720978,0.023852327838540077,-0.43347975611686707,200000.0,0.19999999999999998,case_102,2.8557753939395525e-09,8.732785605758409e-10,2.982250002503406e-09,0.0,0.6131182312965393,99011.1171875,0.8568620681762695,99016.359375,pinn,0012,0.6099398136138916,101311.59375,0.8614093065261841,101316.359375
6.0,0.01829889789223671,-0.4338722825050354,0.024294830858707428,-0.43604427576065063,500000.0,0.5,case_119,1.3163379275482612e-09,2.2581959913114957e-10,1.4675969328692418e-09,0.0,2.2332308292388916,98970.6875,3.056074380874634,98970.65625,pinn,0012,2.2327144145965576,101270.359375,3.0610508918762207,101270.65625
10.0,0.018099039793014526,-0.4656279385089874,0.023831957951188087,-0.43347975611686707,200000.0,0.19999999999999998,case_126,2.831656020774176e-09,9.415398460888014e-10,2.9449711558271474e-09,0.0,0.5945846438407898,99011.1015625,0.8283073902130127,99016.359375,pinn,0012,0.5908142328262329,101311.6875,0.8320024609565735,101316.359375
10.0,0.018482539802789688,-0.41987553238868713,0.024601494893431664,-0.43604427576065063,500000.0,0.5,case_127,1.312872921488406e-09,2.2773358199223992e-10,1.4518429791721132e-09,0.0,2.257875680923462,98971.703125,3.095984935760498,98970.65625,pinn,0012,2.256586790084839,101271.46875,3.1000328063964844,101270.65625
10.0,0.01823383942246437,-0.47501006722450256,0.023707173764705658,-0.4368973970413208,1000000.0,1.0,case_128,8.853963784360985e-09,1.2303971730354135e-10,4.827394377571181e-07,0.0,8.719249725341797,98790.75,11.599642753601074,98807.203125,pinn,0012,8.716228485107422,101092.1796875,11.592153549194336,101107.203125
4.0,0.020329441875219345,-0.5045015811920166,0.02522430568933487,-0.526039183139801,500000.0,0.5,case_147,1.3131583598280372e-09,3.004713422516403e-10,1.4800165537565135e-09,0.0,2.5593087673187256,98967.234375,3.2421977519989014,98959.4453125,pinn,0015,2.5517666339874268,101267.3203125,3.2407658100128174,101259.4453125
6.0,0.020194876939058304,-0.5157846212387085,0.02453877590596676,-0.5272224545478821,1000000.0,1.0,case_152,7.2742940560033276e-09,1.3489963313073616e-10,4.1352797097715666e-07,0.0,9.202400207519531,98784.609375,11.232945442199707,98762.1796875,pinn,0015,9.213624000549316,101085.53125,11.256866455078125,101062.1796875
8.0,0.020342392846941948,-0.5138234496116638,0.024753743782639503,-0.5272224545478821,1000000.0,1.0,case_156,6.780955352780893e-09,1.3501393059112132e-10,3.9329205492322217e-07,0.0,9.273634910583496,98784.46875,11.35483455657959,98762.1796875,pinn,0015,9.284863471984863,101085.4921875,11.378969192504883,101062.1796875
10.0,0.020864062011241913,-0.46251651644706726,0.026483861729502678,-0.523880660533905,100000.0,0.09999999999999999,case_157,3.3993068360160805e-09,1.3357370765021415e-09,3.512885760059703e-09,0.0,0.6517447233200073,99019.2109375,0.8067901134490967,99022.390625,pinn,0015,0.6449634432792664,101319.109375,0.8047273755073547,101322.390625
10.0,0.02165074273943901,-0.4599585235118866,0.026905754581093788,-0.5225052833557129,200000.0,0.19999999999999998,case_158,2.8481272895675147e-09,1.0973546515913313e-09,2.9447155824868787e-09,0.0,0.701500654220581,99003.875,0.93658447265625,99014.578125,pinn,0015,0.6981046199798584,101304.3046875,0.9397014379501343,101314.578125
-4.0,0.027418576180934906,-0.5648224353790283,0.03338606283068657,-0.6588394045829773,100000.0,0.09999999999999999,case_161,3.5090454986175246e-09,1.3181649105575843e-09,3.7786342943491036e-09,0.0,0.7652093768119812,99007.28125,0.9941157102584839,99021.71875,pinn,0018,0.7575047016143799,101307.515625,0.9939904808998108,101321.71875
-4.0,0.028588537126779556,-0.620261013507843,0.03511318936944008,-0.6674858927726746,1000000.0,1.0,case_164,2.377029240108186e-08,1.3487853889326828e-10,1.3197876569392974e-06,0.0,13.25783634185791,98712.4140625,16.517728805541992,98692.2578125,pinn,0018,13.268831253051758,101013.9609375,16.5416316986084,100992.2578125
-2.0,0.028538351878523827,-0.6183122396469116,0.03495536744594574,-0.6674858927726746,1000000.0,1.0,case_168,2.2803481769528844e-08,1.3491663342080074e-10,1.2418362302923924e-06,0.0,13.209356307983398,98713.53125,16.385910034179688,98692.2578125,pinn,0018,13.220259666442871,101015.1015625,16.40919303894043,100992.2578125
0.0,0.02953033708035946,-0.5593839883804321,0.035715293139219284,-0.6609063744544983,200000.0,0.19999999999999998,case_170,2.9305047277716767e-09,1.016805306619517e-09,3.0866360578585272e-09,0.0,0.9036797881126404,98994.1484375,1.2582308053970337,99011.8203125,pinn,0018,0.8993000984191895,101295.0078125,1.2540860176086426,101311.8203125
4.0,0.027471601963043213,-0.5610618591308594,0.033806212246418,-0.6588394045829773,100000.0,0.09999999999999999,case_177,3.4912090995931067e-09,1.3188892200588498e-09,3.727875341752451e-09,0.0,0.7531543970108032,99008.359375,0.967518150806427,99021.71875,pinn,0018,0.7459418177604675,101308.65625,0.9674055576324463,101321.71875
4.0,0.012432637624442577,-0.5752254128456116,0.015262993983924389,-0.6007119417190552,200000.0,0.19999999999999998,case_242,2.9830509173933706e-09,8.745669743959184e-10,3.1453710747086916e-09,0.0,0.6939424872398376,99003.875,0.9766924977302551,99013.0234375,pinn,2415,0.6878042221069336,101304.09375,0.9731507301330566,101313.0234375
8.0,0.01251938659697771,-0.5642128586769104,0.015961293131113052,-0.6007119417190552,200000.0,0.19999999999999998,case_250,2.975114377079535e-09,9.016956070695414e-10,3.133744375105607e-09,0.0,0.6929118037223816,99003.71875,0.9729517102241516,99013.0234375,pinn,2415,0.6869714856147766,101303.9296875,0.9702731966972351,101313.0234375
8.0,0.011839693412184715,-0.540549635887146,0.01553437765687704,-0.588989794254303,500000.0,0.5,case_251,1.3506700202725597e-09,2.9620481067915705e-10,1.530354731826833e-09,0.0,1.6414235830307007,98956.5703125,2.2713942527770996,98951.59375,pinn,2415,1.627597689628601,101256.6640625,2.250941276550293,101251.59375
10.0,0.012588470242917538,-0.5595405697822571,0.0164266936480999,-0.6007119417190552,200000.0,0.19999999999999998,case_254,2.971477730540073e-09,9.146906565504764e-10,3.1306808256914564e-09,0.0,0.6935641169548035,99003.6796875,0.9741837382316589,99013.0234375,pinn,2415,0.687802255153656,101303.890625,0.9718208312988281,101313.0234375
-2.0,0.02202298492193222,-0.5720943808555603,0.026589730754494667,-0.6808620691299438,500000.0,0.5,case_263,1.406123661951142e-09,2.910785501519797e-10,1.7889688619376898e-09,0.0,2.9492440223693848,98950.953125,3.6291134357452393,98940.1484375,pinn,4412,2.942631244659424,101251.078125,3.62164044380188,101240.1484375
2.0,0.021899307146668434,-0.6260968446731567,0.026508377864956856,-0.6737068891525269,100000.0,0.09999999999999999,case_269,3.812168802852511e-09,1.422674200668439e-09,4.432893607742017e-09,0.0,0.6705518960952759,99018.0703125,0.7970024347305298,99021.640625,pinn,4412,0.6649371385574341,101317.8359375,0.7946714758872986,101321.640625
8.0,0.021999593824148178,-0.6185722351074219,0.026795988902449608,-0.6737068891525269,100000.0,0.09999999999999999,case_281,3.794590419659016e-09,1.4383957358532484e-09,4.321194957412899e-09,0.0,0.6610997915267944,99018.90625,0.7821906208992004,99021.640625,pinn,4412,0.6552045345306396,101318.6484375,0.7797960638999939,101321.640625
8.0,0.022244509309530258,-0.556267499923706,0.026809798553586006,-0.6808620691299438,500000.0,0.5,case_283,1.395306759022219e-09,2.928443876282216e-10,1.6916611444983687e-09,0.0,3.0153017044067383,98955.6015625,3.6945412158966064,98940.1484375,pinn,4412,3.006570816040039,101255.2734375,3.684173583984375,101240.1484375
10.0,0.022029412910342216,-0.6163855195045471,0.02694147638976574,-0.6737068891525269,100000.0,0.09999999999999999,case_285,3.789013547361719e-09,1.4364355260809702e-09,4.290931610029247e-09,0.0,0.6578342318534851,99019.125,0.7783607244491577,99021.640625,pinn,4412,0.6519680619239807,101318.875,0.7761065363883972,101321.640625
-2.0,0.02095547318458557,-0.816946268081665,0.026198415085673332,-0.7851275205612183,200000.0,0.19999999999999998,case_294,3.571944962033058e-09,9.720261262557983e-10,7.965264892106916e-09,0.0,0.876964807510376,98987.0703125,1.307497262954712,99009.34375,pinn,4415,0.8740273118019104,101286.421875,1.3213903903961182,101309.34375
-2.0,0.020093265920877457,-0.6922126412391663,0.025615250691771507,-0.7829063534736633,1000000.0,1.0,case_296,1.8222687359070733e-08,5.139556488731323e-11,7.2056775479723e-07,0.0,9.674049377441406,98685.671875,12.124882698059082,98634.71875,pinn,4415,9.683263778686523,100985.046875,12.145301818847656,100934.71875
0.0,0.020882166922092438,-0.7728912830352783,0.02604462392628193,-0.7778218388557434,100000.0,0.09999999999999999,case_297,4.176120782517501e-09,1.2020883177754627e-09,7.874658258799627e-09,0.0,0.7050732374191284,99006.0546875,0.8895308971405029,99021.125,pinn,4415,0.6967943906784058,101304.9921875,0.8879358768463135,101321.125
4.0,0.0211388748139143,-0.7714190483093262,0.02639422006905079,-0.7778218388557434,100000.0,0.09999999999999999,case_305,4.148656973512743e-09,1.2297338702893512e-09,7.531204104793687e-09,0.0,0.6983524560928345,99006.1328125,0.8794532418251038,99021.125,pinn,4415,0.6902228593826294,101304.8046875,0.878567636013031,101321.125
4.0,0.021758155897259712,-0.7638406753540039,0.027189593762159348,-0.789480984210968,500000.0,0.5,case_307,1.6859047491379897e-09,2.6836646793704233e-10,7.459032502765695e-09,0.0,3.093078851699829,98933.84375,3.940357208251953,98926.609375,pinn,4415,3.074766159057617,101229.1640625,3.895124912261963,101226.609375
6.0,0.021801894530653954,-0.7746621370315552,0.02719273418188095,-0.789480984210968,500000.0,0.5,case_311,1.6698316063212815e-09,2.695509648820149e-10,6.894897541798173e-09,0.0,3.1047585010528564,98933.984375,3.957427501678467,98926.609375,pinn,4415,3.087038040161133,101229.2890625,3.9114792346954346,101226.609375
6.0,0.019559074193239212,-0.7016249299049377,0.024468598887324333,-0.7829063534736633,1000000.0,1.0,case_312,1.596850829344021e-08,4.046097831778006e-11,6.237733032321557e-07,0.0,9.401897430419922,98684.796875,11.597652435302734,98634.71875,pinn,4415,9.407955169677734,100984.1328125,11.617042541503906,100934.71875
8.0,0.021351976320147514,-0.7927190065383911,0.026788270100951195,-0.7851275205612183,200000.0,0.19999999999999998,case_314,3.4841787233119703e-09,9.769721698305034e-10,6.829321108625663e-09,0.0,0.8778828382492065,98984.3515625,1.3223870992660522,99009.34375,pinn,4415,0.8733932375907898,101284.0703125,1.3314216136932373,101309.34375
10.0,0.021909018978476524,-0.7863153219223022,0.027275996282696724,-0.789480984210968,500000.0,0.5,case_319,1.6348767895024707e-09,2.7379631895030343e-10,5.695033333807942e-09,0.0,3.1365909576416016,98934.1953125,4.006862163543701,98926.609375,pinn,4415,3.1183719635009766,101229.78125,3.959388494491577,101226.609375
4.0,0.02155257947742939,-0.8104197978973389,0.027844181284308434,-0.8737464547157288,100000.0,0.09999999999999999,case_337,4.659119756666996e-09,1.1884190298516728e-09,1.4280192139892733e-08,0.0,0.731339156627655,99010.3671875,0.9711689352989197,99020.640625,pinn,4418,0.7252145409584045,101309.109375,0.9737997055053711,101320.640625
6.0,0.02226964943110943,-0.8125428557395935,0.028527909889817238,-0.8808767199516296,200000.0,0.19999999999999998,case_342,3.860486597062618e-09,8.77158123913091e-10,1.0613153023086852e-08,0.0,0.9032180905342102,98993.6953125,1.2908519506454468,99007.4375,pinn,4418,0.8970954418182373,101292.984375,1.3024238348007202,101307.4375
6.0,0.022115973755717278,-0.8287153244018555,0.028334585949778557,-0.885127604007721,500000.0,0.5,case_343,2.1360002655512744e-09,3.17892906442907e-10,1.4953375426784987e-08,0.0,3.095431089401245,98918.921875,3.9937045574188232,98914.6875,pinn,4418,3.0796384811401367,101212.0234375,3.9567227363586426,101214.6875
8.0,0.021852919831871986,-0.8114627599716187,0.028523985296487808,-0.8737464547157288,100000.0,0.09999999999999999,case_345,4.6204253756343405e-09,1.2015679562438208e-09,1.3819863475816874e-08,0.0,0.7220621109008789,99010.2109375,0.95017009973526,99020.640625,pinn,4418,0.7165409326553345,101309.15625,0.9545953869819641,101320.640625
8.0,0.022378623485565186,-0.813193678855896,0.028834518045186996,-0.8808767199516296,200000.0,0.19999999999999998,case_346,3.847446361504581e-09,8.877584778410608e-10,1.0498776070733129e-08,0.0,0.9034335613250732,98994.2109375,1.291214942932129,99007.4375,pinn,4418,0.8974235653877258,101292.4140625,1.3032065629959106,101307.4375
8.0,0.020401285961270332,-0.81482994556427,0.026086613535881042,-0.8865270018577576,1000000.0,1.0,case_348,1.0258028204646052e-08,2.3612970953545975e-11,3.3265004617533123e-07,0.0,9.348265647888184,98624.375,12.16124439239502,98583.0625,pinn,4418,9.336736679077148,100925.15625,12.150712966918945,100883.0625
-2.0,0.026132022961974144,-0.8878458738327026,0.03395120054483414,-0.9561296105384827,500000.0,0.5,case_359,2.3210899868786328e-09,3.0145810847592713e-10,1.5155873001049258e-08,0.0,3.525374412536621,98902.6015625,4.6014084815979,98905.84375,pinn,4421,3.523074150085449,101199.640625,4.588973045349121,101205.84375
-2.0,0.026196448132395744,-0.893702507019043,0.0340409018099308,-0.9575648903846741,1000000.0,1.0,case_360,7.867549811635399e-08,1.3707104895566147e-10,1.681598632785608e-06,0.0,11.889039039611816,98596.03125,15.98291301727295,98547.65625,pinn,4421,11.860462188720703,100894.5,15.981992721557617,100847.65625
2.0,0.02587967924773693,-0.8838338851928711,0.03357032313942909,-0.9575648903846741,1000000.0,1.0,case_368,8.327769052129952e-08,1.3590296943366553e-10,1.6727185538911726e-06,0.0,11.722905158996582,98597.6875,15.7746000289917,98547.65625,pinn,4421,11.693990707397461,100896.1875,15.769861221313477,100847.65625
10.0,0.0267708171159029,-0.8706773519515991,0.03542926162481308,-0.9561296105384827,500000.0,0.5,case_383,2.261847154017005e-09,3.1224892116377134e-10,1.4128951342229357e-08,0.0,3.5739057064056396,98903.1953125,4.791263103485107,98905.84375,pinn,4421,3.57146954536438,101200.5546875,4.77317476272583,101205.84375
-4.0,0.0019614389166235924,-0.19603674113750458,0.0031003078911453485,-0.20554691553115845,100000.0,0.09999999999999999,case_001,1.6570875231991522e-05,4.296660596758706e-11,3.0029166737222113e-05,0.0,0.15385739505290985,99022.03125,0.2455996870994568,99023.9765625,fno,0006,0.15327078104019165,101322.015625,0.24571537971496582,101323.9765625
-4.0,0.003390394151210785,-0.2581651508808136,0.005860085133463144,-0.20992682874202728,500000.0,0.5,case_003,1.8259235730511136e-05,0.0,0.00017879651568364352,0.0,0.5196803212165833,98996.234375,0.8587548732757568,98998.8359375,fno,0006,0.519717812538147,101296.25,0.8587080836296082,101298.8359375
2.0,0.0033912118524312973,-0.258220911026001,0.005861016921699047,-0.20992682874202728,500000.0,0.5,case_015,1.8198028556071222e-05,0.0,0.00017834114260040224,0.0,0.5192321538925171,98996.2109375,0.8578611016273499,98998.8359375,fno,0006,0.5191927552223206,101296.21875,0.8577899932861328,101298.8359375
-4.0,0.0028664590790867805,-0.260324090719223,0.004808224271982908,-0.29554709792137146,500000.0,0.5,case_035,4.95477161166491e-06,2.1196457559835372e-27,1.530584631836973e-05,0.0,0.43092969059944153,98990.8671875,0.6767445802688599,98988.1640625,fno,0008,0.43145129084587097,101290.8671875,0.6775473952293396,101288.1640625
0.0,0.0041115074418485165,-0.2694568634033203,0.005923619959503412,-0.2933560013771057,200000.0,0.19999999999999998,case_042,1.954473873411189e-06,2.1096026401462575e-12,6.229379778233124e-06,0.0,0.18287315964698792,99020.875,0.3599250912666321,99019.1484375,fno,0008,0.18256503343582153,101320.875,0.3593684136867523,101319.1484375
4.0,0.0034543818328529596,-0.30532506108283997,0.004247467033565044,-0.2962748110294342,1000000.0,1.0,case_052,1.1491689544396166e-11,0.0,1.973453900294686e-10,0.0,0.9387643933296204,98875.7734375,1.3529514074325562,98877.3046875,fno,0008,0.9396212100982666,101175.7734375,1.353868007659912,101177.3046875
6.0,0.0034567960537970066,-0.30535081028938293,0.004249392077326775,-0.2962748110294342,1000000.0,1.0,case_056,1.1454366968810525e-11,0.0,1.966952434262481e-10,0.0,0.939125657081604,98875.7578125,1.353630781173706,98877.3046875,fno,0008,0.9398906826972961,101175.75,1.3543778657913208,101177.3046875
8.0,0.004105956759303808,-0.2692004442214966,0.005919791758060455,-0.2933560013771057,200000.0,0.19999999999999998,case_058,1.9552883259166265e-06,2.0326971442857777e-12,6.235355158423772e-06,0.0,0.1816415935754776,99020.859375,0.35765713453292847,99019.1484375,fno,0008,0.1813064068555832,101320.859375,0.3570917546749115,101319.1484375
8.0,0.002863063244149089,-0.26064789295196533,0.004801891278475523,-0.29554709792137146,500000.0,0.5,case_059,4.9231348384637386e-06,1.941678658728479e-27,1.5219367924146354e-05,0.0,0.42599567770957947,98990.796875,0.668034017086029,98988.1640625,fno,0008,0.4264979660511017,101290.796875,0.6687970757484436,101288.1640625
10.0,0.004104583989828825,-0.2691362202167511,0.005918842274695635,-0.2933560013771057,200000.0,0.19999999999999998,case_062,1.9555054677766748e-06,2.0140185092581975e-12,6.236939952941611e-06,0.0,0.18133924901485443,99020.8515625,0.35708120465278625,99019.1484375,fno,0008,0.1809944063425064,101320.8515625,0.3565099239349365,101319.1484375
10.0,0.003461642423644662,-0.30540236830711365,0.004253265913575888,-0.2962748110294342,1000000.0,1.0,case_064,1.1380119069315242e-11,0.0,1.9540843942955632e-10,0.0,0.9398134350776672,98875.7265625,1.354844570159912,98877.3046875,fno,0008,0.9405629634857178,101175.71875,1.35563063621521,101177.3046875
-2.0,0.0031701314728707075,-0.3475143313407898,0.004879551939666271,-0.35309284925460815,200000.0,0.19999999999999998,case_070,2.343147571082227e-06,2.0734912539125544e-13,7.1584354373044334e-06,0.0,0.21304264664649963,99018.9609375,0.41954636573791504,99017.9609375,fno,0010,0.21274536848068237,101318.9765625,0.41938138008117676,101317.9609375
8.0,0.002399842254817486,-0.339905321598053,0.003890994004905224,-0.3512571156024933,100000.0,0.09999999999999999,case_089,1.7835716789704747e-05,1.4844672366343126e-11,3.322557677165605e-05,0.0,0.15810726583003998,99022.859375,0.2364780157804489,99023.25,fno,0010,0.15739457309246063,101322.828125,0.23605769872665405,101323.25
-4.0,0.004723601043224335,-0.4080160856246948,0.008014537394046783,-0.4368973970413208,1000000.0,1.0,case_100,1.8040775470740122e-11,0.0,1.9344854884639773e-10,0.0,2.0016071796417236,98829.875,3.547269105911255,98807.203125,fno,0012,2.001826524734497,101129.8671875,3.5472607612609863,101107.203125
-2.0,0.002203017007559538,-0.4209272563457489,0.0034772742073982954,-0.43041038513183594,100000.0,0.09999999999999999,case_101,1.8259204807691276e-05,9.769682757015605e-14,3.770096373045817e-05,0.0,0.18058229982852936,99021.1171875,0.2910047173500061,99022.8515625,fno,0012,0.1800922006368637,101321.09375,0.2907316982746124,101322.8515625
-2.0,0.0030732774175703526,-0.42340511083602905,0.0044966754503548145,-0.43347975611686707,200000.0,0.19999999999999998,case_102,2.162729515475803e-06,2.8554806258504917e-15,5.547104137804126e-06,0.0,0.245524063706398,99017.0234375,0.4759300649166107,99016.359375,fno,0012,0.24513877928256989,101317.0234375,0.4757370054721832,101316.359375
6.0,0.00392764899879694,-0.3956320881843567,0.006547448690980673,-0.43604427576065063,500000.0,0.5,case_119,5.063390290160896e-06,4.377037140733374e-37,1.4905785974406172e-05,0.0,0.8693681955337524,98973.8828125,1.438477873802185,98970.65625,fno,0012,0.8704319000244141,101273.8828125,1.4393115043640137,101270.65625
10.0,0.0030741675291210413,-0.4232110381126404,0.004503926727920771,-0.43347975611686707,200000.0,0.19999999999999998,case_126,2.161405518563697e-06,2.6987232029174538e-15,5.55328233531327e-06,0.0,0.24322883784770966,99016.9921875,0.4709298610687256,99016.359375,fno,0012,0.2428823709487915,101316.9921875,0.47075310349464417,101316.359375
10.0,0.0039258794859051704,-0.3957555592060089,0.006543038412928581,-0.43604427576065063,500000.0,0.5,case_127,5.053384484199341e-06,4.242596341858297e-37,1.4875711713102646e-05,0.0,0.8661529421806335,98973.859375,1.4333691596984863,98970.65625,fno,0012,0.8672515749931335,101273.8515625,1.434279441833496,101270.65625
10.0,0.004721302073448896,-0.4082362949848175,0.007990471087396145,-0.4368973970413208,1000000.0,1.0,case_128,1.7615823730277036e-11,0.0,1.8903255349922432e-10,0.0,1.985826849937439,98829.703125,3.521008014678955,98807.203125,fno,0012,1.985965609550476,101129.6953125,3.5209014415740967,101107.203125
4.0,0.004435071721673012,-0.5057258009910583,0.007535059470683336,-0.526039183139801,500000.0,0.5,case_147,4.449210791790392e-06,0.0,2.497869536455255e-05,0.0,0.6549017429351807,98962.1640625,1.085697054862976,98959.4453125,fno,0015,0.6555397510528564,101262.15625,1.0861371755599976,101259.4453125
6.0,0.004392644390463829,-0.4879862070083618,0.006621393840759993,-0.5272224545478821,1000000.0,1.0,case_152,7.961081446850038e-12,0.0,1.746792294143873e-10,0.0,1.4373195171356201,98771.9375,2.5386857986450195,98762.1796875,fno,0015,1.4376404285430908,101071.9296875,2.5389933586120605,101062.1796875
8.0,0.004392856266349554,-0.4880480468273163,0.0066185942851006985,-0.5272224545478821,1000000.0,1.0,case_156,7.932620706141424e-12,0.0,1.7406616426018928e-10,0.0,1.435703992843628,98771.90625,2.5355937480926514,98762.1796875,fno,0015,1.4360531568527222,101071.890625,2.5358757972717285,101062.1796875
10.0,0.002530060475692153,-0.5118768811225891,0.004027076065540314,-0.523880660533905,100000.0,0.09999999999999999,case_157,1.508907644165447e-05,2.7398733340444886e-15,3.0479019187623635e-05,0.0,0.1703052818775177,99021.8125,0.2541388273239136,99022.390625,fno,0015,0.1696418821811676,101321.8203125,0.2536849081516266,101322.390625
10.0,0.002528210636228323,-0.4891037046909332,0.0038826288655400276,-0.5225052833557129,200000.0,0.19999999999999998,case_158,3.1397034945257474e-06,1.6960203155009103e-18,9.353167115477845e-06,0.0,0.22142603993415833,99012.9296875,0.36478397250175476,99014.578125,fno,0015,0.22101141512393951,101312.921875,0.36461129784584045,101314.578125
-4.0,0.003509666072204709,-0.7160869240760803,0.006431194022297859,-0.6588394045829773,100000.0,0.09999999999999999,case_161,1.5286666894098744e-05,6.446332897194824e-20,3.147911047562957e-05,0.0,0.2383822202682495,99019.4921875,0.3791351616382599,99021.71875,fno,0018,0.23777642846107483,101319.5078125,0.3786771595478058,101321.71875
-4.0,0.004496925976127386,-0.6783438920974731,0.006865539588034153,-0.6674858927726746,1000000.0,1.0,case_164,1.885791522937552e-11,0.0,5.764596022750368e-10,0.0,1.6401888132095337,98702.9375,2.617710590362549,98692.2578125,fno,0018,1.6408288478851318,101002.921875,2.6182973384857178,100992.2578125
-2.0,0.004496010486036539,-0.6783957481384277,0.006861357484012842,-0.6674858927726746,1000000.0,1.0,case_168,1.879218655687076e-11,0.0,5.745063313966625e-10,0.0,1.6385263204574585,98702.890625,2.6144049167633057,98692.2578125,fno,0018,1.639113426208496,101002.8828125,2.614987373352051,100992.2578125
0.0,0.003230837406590581,-0.6846656203269958,0.005136552266776562,-0.6609063744544983,200000.0,0.19999999999999998,case_170,5.35155413672328e-06,2.6418053045508458e-22,1.890896055556368e-05,0.0,0.28523075580596924,99012.828125,0.45731911063194275,99011.8203125,fno,0018,0.2848866879940033,101312.828125,0.45724114775657654,101311.8203125
4.0,0.0035101177636533976,-0.7159425616264343,0.006431776098906994,-0.6588394045829773,100000.0,0.09999999999999999,case_177,1.5230577446345706e-05,6.51702258912087e-20,3.138390093226917e-05,0.0,0.23824498057365417,99019.4765625,0.3788616359233856,99021.71875,fno,0018,0.23764115571975708,101319.4921875,0.37841081619262695,101321.71875
4.0,0.0033646714873611927,-0.5725493431091309,0.00512259267270565,-0.6007119417190552,200000.0,0.19999999999999998,case_242,6.278273758653086e-06,2.4064325173283406e-26,2.7504693207447417e-05,0.0,0.3067098557949066,99008.0,0.49851956963539124,99013.0234375,fno,2415,0.3057415783405304,101308.0078125,0.4973813593387604,101313.0234375
8.0,0.003365896176546812,-0.5725449919700623,0.005123783368617296,-0.6007119417190552,200000.0,0.19999999999999998,case_250,6.281457444856642e-06,2.34962960177177e-26,2.753939770627767e-05,0.0,0.30620571970939636,99007.984375,0.4975105822086334,99013.0234375,fno,2415,0.30530083179473877,101307.9921875,0.4963938593864441,101313.0234375
8.0,0.003796506440266967,-0.5532816648483276,0.00604174705222249,-0.588989794254303,500000.0,0.5,case_251,8.63588593347231e-06,0.0,6.1477352574002e-05,0.0,0.6305142045021057,98953.8671875,0.9879348278045654,98951.59375,fno,2415,0.6310836672782898,101253.859375,0.9881914258003235,101251.59375
10.0,0.003366511780768633,-0.572542667388916,0.0051243905909359455,-0.6007119417190552,200000.0,0.19999999999999998,case_254,6.283030415943358e-06,2.321857075676124e-26,2.755665991571732e-05,0.0,0.3059941232204437,99007.9765625,0.4970044791698456,99013.0234375,fno,2415,0.3050921559333801,101307.984375,0.49591952562332153,101313.0234375
-2.0,0.004307328723371029,-0.6427311897277832,0.007148188538849354,-0.6808620691299438,500000.0,0.5,case_263,9.082898031920195e-06,2.3791048734773133e-33,3.722240580827929e-05,0.0,0.7561302185058594,98943.9375,1.1079277992248535,98940.1484375,fno,4412,0.756415605545044,101243.9296875,1.107712745666504,101240.1484375
2.0,0.0029919601511210203,-0.6501249074935913,0.0045484513975679874,-0.6737068891525269,100000.0,0.09999999999999999,case_269,9.588941793481354e-06,2.9236021156092695e-12,2.241600668639876e-05,0.0,0.2054334133863449,99021.1796875,0.32021743059158325,99021.640625,fno,4412,0.20572172105312347,101321.1796875,0.32060110569000244,101321.640625
8.0,0.0029904297553002834,-0.6501442193984985,0.004545015748590231,-0.6737068891525269,100000.0,0.09999999999999999,case_281,9.564151696395129e-06,2.9011107752219267e-12,2.2351152438204736e-05,0.0,0.20511016249656677,99021.1640625,0.3195546865463257,99021.640625,fno,4412,0.2054537981748581,101321.1640625,0.31997552514076233,101321.640625
8.0,0.004297067876905203,-0.6431362628936768,0.007115988060832024,-0.6808620691299438,500000.0,0.5,case_283,9.0732055468834e-06,2.2044460657412992e-33,3.725273199961521e-05,0.0,0.7449104189872742,98943.796875,1.0908749103546143,98940.1484375,fno,4412,0.7452773451805115,101243.7890625,1.0907694101333618,101240.1484375
10.0,0.0029899240471422672,-0.6501508355140686,0.004543882794678211,-0.6737068891525269,100000.0,0.09999999999999999,case_285,9.555848919262644e-06,2.8936388875300256e-12,2.2329395505948924e-05,0.0,0.20499464869499207,99021.15625,0.3193480372428894,99021.640625,fno,4412,0.20534798502922058,101321.15625,0.3197958469390869,101321.640625
-2.0,0.003076930996030569,-0.7450866103172302,0.005011384841054678,-0.7851275205612183,200000.0,0.19999999999999998,case_294,3.833719802059932e-06,6.496546888407024e-27,1.0801071766763926e-05,0.0,0.3578442931175232,99005.328125,0.5761511325836182,99009.34375,fno,4415,0.3569604158401489,101305.34375,0.5760473608970642,101309.34375
-2.0,0.005580057855695486,-0.8203723430633545,0.008445816114544868,-0.7829063534736633,1000000.0,1.0,case_296,2.3250078129422036e-07,0.0,1.0315194231225178e-05,0.0,2.4729607105255127,98623.1953125,4.032973766326904,98634.71875,fno,4415,2.473231792449951,100923.1796875,4.033920764923096,100934.71875
0.0,0.0029744687490165234,-0.7616835236549377,0.0048737130127847195,-0.7778218388557434,100000.0,0.09999999999999999,case_297,8.63027435116237e-06,1.3936043822250851e-16,1.5551899195997976e-05,0.0,0.19430764019489288,99018.9453125,0.3055994212627411,99021.125,fno,4415,0.19439642131328583,101318.9453125,0.30548593401908875,101321.125
4.0,0.0029731793329119682,-0.7617005109786987,0.004871854092925787,-0.7778218388557434,100000.0,0.09999999999999999,case_305,8.623427675047424e-06,1.3846223919128413e-16,1.5546344002359547e-05,0.0,0.1943008154630661,99018.9453125,0.30550411343574524,99021.125,fno,4415,0.1943339854478836,101318.9453125,0.3053467869758606,101321.125
4.0,0.004152402747422457,-0.7801411151885986,0.0069613405503332615,-0.789480984210968,500000.0,0.5,case_307,5.346687885321444e-06,0.0,2.803970710374415e-05,0.0,0.6778426766395569,98925.296875,1.111376166343689,98926.609375,fno,4415,0.6779402494430542,101225.3125,1.1114485263824463,101226.609375
6.0,0.004152223933488131,-0.780238926410675,0.006961832754313946,-0.789480984210968,500000.0,0.5,case_311,5.3446265155798756e-06,0.0,2.804034375003539e-05,0.0,0.6771411895751953,98925.265625,1.1106417179107666,98926.609375,fno,4415,0.6772114634513855,101225.28125,1.1106328964233398,101226.609375
6.0,0.005608175881206989,-0.8207820653915405,0.008479354903101921,-0.7829063534736633,1000000.0,1.0,case_312,2.3131700288558932e-07,0.0,1.0266355275234673e-05,0.0,2.488391399383545,98622.9453125,4.058726787567139,98634.71875,fno,4415,2.488682270050049,100922.9375,4.059669494628906,100934.71875
8.0,0.0030810588505119085,-0.7450733184814453,0.005019279196858406,-0.7851275205612183,200000.0,0.19999999999999998,case_314,3.837114491034299e-06,5.818826007672755e-27,1.0815870155056473e-05,0.0,0.3548121750354767,99005.2421875,0.5705280900001526,99009.34375,fno,4415,0.35396048426628113,101305.25,0.5704662203788757,101309.34375
10.0,0.004151865374296904,-0.7804345488548279,0.006962889339774847,-0.789480984210968,500000.0,0.5,case_319,5.340506959328195e-06,0.0,2.804165706038475e-05,0.0,0.6756300330162048,98925.203125,1.1091126203536987,98926.609375,fno,4415,0.6756954193115234,101225.21875,1.109140157699585,101226.609375
4.0,0.003286967519670725,-0.9341486692428589,0.006546147633343935,-0.8737464547157288,100000.0,0.09999999999999999,case_337,1.4169933820085134e-05,2.4028440034277587e-20,4.981707752449438e-05,0.0,0.20605602860450745,99015.9453125,0.35231029987335205,99020.640625,fno,4418,0.20596590638160706,101315.984375,0.35171595215797424,101320.640625
6.0,0.0035634555388242006,-0.9383779764175415,0.0060712918639183044,-0.8808767199516296,200000.0,0.19999999999999998,case_342,6.072996711736778e-06,9.940310838339432e-34,2.2869353415444493e-05,0.0,0.33792221546173096,98999.921875,0.5333622097969055,99007.4375,fno,4418,0.33678194880485535,101299.9375,0.5324756503105164,101307.4375
6.0,0.0045454781502485275,-0.9366339445114136,0.007760439999401569,-0.885127604007721,500000.0,0.5,case_343,1.1569129128474742e-05,0.0,8.081543637672439e-05,0.0,0.6611618399620056,98917.1328125,1.0796246528625488,98914.6875,fno,4418,0.6604897975921631,101217.140625,1.079026222229004,101214.6875
8.0,0.00328743364661932,-0.9341810941696167,0.006547640543431044,-0.8737464547157288,100000.0,0.09999999999999999,case_345,1.4159429156279657e-05,2.349036227698611e-20,4.981065649189986e-05,0.0,0.20603938400745392,99015.9453125,0.3523174226284027,99020.640625,fno,4418,0.2059786468744278,101315.9765625,0.35178694128990173,101320.640625
8.0,0.003563700011000037,-0.9384058117866516,0.006071191746741533,-0.8808767199516296,200000.0,0.19999999999999998,case_346,6.075199507904472e-06,9.71975320063663e-34,2.288468931510579e-05,0.0,0.3376733958721161,98999.8984375,0.5332422256469727,99007.4375,fno,4418,0.33660951256752014,101299.9140625,0.5323688387870789,101307.4375
8.0,0.007390749640762806,-0.9685269594192505,0.012210977263748646,-0.8865270018577576,1000000.0,1.0,case_348,2.7163080673631157e-08,0.0,8.743659805077186e-07,0.0,1.8991496562957764,98571.7421875,3.0493099689483643,98583.0625,fno,4418,1.899472951889038,100871.734375,3.0507044792175293,100883.0625
-2.0,0.005022305995225906,-0.9763449430465698,0.008087328635156155,-0.9561296105384827,500000.0,0.5,case_359,3.3890912163769826e-05,0.0,0.0002700402110349387,0.0,0.9848181009292603,98896.1015625,1.7353466749191284,98905.84375,fno,4421,0.9849776029586792,101196.078125,1.7363771200180054,101205.84375
-2.0,0.005670677404850721,-1.035187005996704,0.008160761557519436,-0.9575648903846741,1000000.0,1.0,case_360,3.4975658480540517e-10,0.0,1.3318736336032089e-08,0.0,2.08028244972229,98534.0234375,3.3539113998413086,98547.65625,fno,4421,2.0811431407928467,100834.015625,3.3554930686950684,100847.65625
2.0,0.005680505186319351,-1.0354291200637817,0.008173918351531029,-0.9575648903846741,1000000.0,1.0,case_368,3.480874755101837e-10,0.0,1.3259264797227388e-08,0.0,2.086498737335205,98533.8828125,3.366600513458252,98547.65625,fno,4421,2.0873141288757324,100833.875,3.368234395980835,100847.65625
10.0,0.00503920204937458,-0.9770142436027527,0.00812349934130907,-0.9561296105384827,500000.0,0.5,case_383,3.368551915627904e-05,0.0,0.0002685548097360879,0.0,0.9961400032043457,98895.875,1.761073112487793,98905.84375,fno,4421,0.9963202476501465,101195.8515625,1.7620818614959717,101205.84375
-4.0,0.019702669233083725,-0.22690154612064362,0.02678346261382103,-0.20554691553115845,100000.0,0.09999999999999999,case_001,1.5602589442664794e-08,0.0,2.8361907311591494e-07,0.0,0.21355128288269043,99021.0859375,0.32147684693336487,99023.9765625,deeponet,0006,0.19652226567268372,101320.625,0.3116438388824463,101323.9765625
-4.0,0.02077111043035984,-0.3004642128944397,0.0282150786370039,-0.20992682874202728,500000.0,0.5,case_003,3.086257649442814e-08,0.0,4.3917893322031887e-07,0.0,2.669644832611084,98992.7578125,3.688384532928467,98998.8359375,deeponet,0006,2.6487154960632324,101291.78125,3.667163848876953,101298.8359375
2.0,0.019684702157974243,-0.34029847383499146,0.027239631861448288,-0.20992682874202728,500000.0,0.5,case_015,2.6433180977392112e-08,0.0,3.7210082837191294e-07,0.0,2.543236017227173,98992.921875,3.5306732654571533,98998.8359375,deeponet,0006,2.5241682529449463,101292.375,3.507018566131592,101298.8359375
-4.0,0.018359461799263954,-0.32651108503341675,0.023714495822787285,-0.29554709792137146,500000.0,0.5,case_035,1.8593345529893668e-08,0.0,2.295133896268453e-07,0.0,2.3307976722717285,98988.484375,3.0958008766174316,98988.1640625,deeponet,0008,2.308104991912842,101289.5390625,3.078979253768921,101288.1640625
0.0,0.01787170208990574,-0.31167730689048767,0.023196520283818245,-0.2933560013771057,200000.0,0.19999999999999998,case_042,1.720560227624901e-08,0.0,3.083850970142521e-07,0.0,0.4429575502872467,99017.96875,0.571855902671814,99019.1484375,deeponet,0008,0.44601666927337646,101317.6796875,0.5761374235153198,101319.1484375
4.0,0.017320794984698296,-0.3306868374347687,0.022333329543471336,-0.2962748110294342,1000000.0,1.0,case_052,3.7251854934083894e-08,0.0,6.490056421171175e-07,0.0,8.465468406677246,98875.734375,10.981289863586426,98877.3046875,deeponet,0008,8.489696502685547,101176.0859375,11.010017395019531,101177.3046875
6.0,0.017301304265856743,-0.3359034061431885,0.022327380254864693,-0.2962748110294342,1000000.0,1.0,case_056,3.704687046024446e-08,0.0,6.454730510085938e-07,0.0,8.512149810791016,98873.7265625,11.043573379516602,98877.3046875,deeponet,0008,8.537699699401855,101174.1171875,11.072102546691895,101177.3046875
8.0,0.017446089535951614,-0.32226887345314026,0.02283245138823986,-0.2933560013771057,200000.0,0.19999999999999998,case_058,1.6543204139907175e-08,0.0,2.994167118686164e-07,0.0,0.4319014251232147,99018.2265625,0.562379002571106,99019.1484375,deeponet,0008,0.42988261580467224,101318.25,0.5593865513801575,101319.1484375
8.0,0.016919506713747978,-0.3444468379020691,0.022300712764263153,-0.29554709792137146,500000.0,0.5,case_059,1.548515982108256e-08,0.0,2.044594822336876e-07,0.0,2.1480886936187744,98986.34375,2.8779003620147705,98988.1640625,deeponet,0008,2.1351327896118164,101287.140625,2.865264892578125,101288.1640625
10.0,0.01743612065911293,-0.3264288604259491,0.022858809679746628,-0.2933560013771057,200000.0,0.19999999999999998,case_062,1.6408140623980216e-08,0.0,2.975570225771662e-07,0.0,0.4284839332103729,99018.15625,0.5604576468467712,99019.1484375,deeponet,0008,0.4240493178367615,101318.1796875,0.5541371703147888,101319.1484375
10.0,0.017217792570590973,-0.3450564444065094,0.022280283272266388,-0.2962748110294342,1000000.0,1.0,case_064,3.708950657710375e-08,0.0,6.437912816181779e-07,0.0,8.5690279006958,98869.6953125,11.143638610839844,98877.3046875,deeponet,0008,8.597074508666992,101170.1171875,11.17325210571289,101177.3046875
-2.0,0.01646297238767147,-0.3929716944694519,0.0206286758184433,-0.35309284925460815,200000.0,0.19999999999999998,case_070,1.7339912616876063e-08,0.0,3.137517978757387e-07,0.0,0.4096633791923523,99016.0234375,0.5255442261695862,99017.9609375,deeponet,0010,0.4150356650352478,101316.15625,0.5292667746543884,101317.9609375
8.0,0.01550418883562088,-0.3799325227737427,0.019364511594176292,-0.3512571156024933,100000.0,0.09999999999999999,case_089,1.4255491898040873e-08,0.0,2.658826758761279e-07,0.0,0.1918700784444809,99020.71875,0.2942224442958832,99023.25,deeponet,0010,0.19059672951698303,101320.078125,0.296011358499527,101323.25
-4.0,0.01688827946782112,-0.4167068898677826,0.0200864989310503,-0.4368973970413208,1000000.0,1.0,case_100,3.783420154945816e-08,0.0,6.697558774249046e-07,0.0,8.118488311767578,98814.671875,9.672652244567871,98807.203125,deeponet,0012,8.146747589111328,101115.6015625,9.702106475830078,101107.203125
-2.0,0.015469872392714024,-0.41632553935050964,0.018997447565197945,-0.43041038513183594,100000.0,0.09999999999999999,case_101,1.519392611726289e-08,0.0,2.808715464652778e-07,0.0,0.1978144347667694,99019.90625,0.30980876088142395,99022.8515625,deeponet,0012,0.20644313097000122,101320.25,0.31601718068122864,101322.8515625
-2.0,0.01622237265110016,-0.4258958399295807,0.019764553755521774,-0.43347975611686707,200000.0,0.19999999999999998,case_102,1.7352604686493578e-08,0.0,3.1429590308107436e-07,0.0,0.40354815125465393,99014.6796875,0.5144756436347961,99016.359375,deeponet,0012,0.41136354207992554,101314.8203125,0.5220263004302979,101316.359375
6.0,0.015248971059918404,-0.443350225687027,0.018627142533659935,-0.43604427576065063,500000.0,0.5,case_119,1.3545543353643552e-08,0.0,2.1623085899591388e-07,0.0,1.9537713527679443,98968.8515625,2.4050772190093994,98970.65625,deeponet,0012,1.9508501291275024,101268.8515625,2.407336950302124,101270.65625
10.0,0.01587463729083538,-0.4428184926509857,0.019219789654016495,-0.43347975611686707,200000.0,0.19999999999999998,case_126,1.6544539960250404e-08,0.0,2.9897347531004925e-07,0.0,0.38554444909095764,99015.046875,0.49146392941474915,99016.359375,deeponet,0012,0.38872379064559937,101315.3203125,0.4928257465362549,101316.359375
10.0,0.01523840706795454,-0.44540566205978394,0.018647657707333565,-0.43604427576065063,500000.0,0.5,case_127,1.3791458641776444e-08,0.0,2.2038838665139338e-07,0.0,1.9617429971694946,98968.59375,2.4186184406280518,98970.65625,deeponet,0012,1.9570788145065308,101268.6171875,2.419579267501831,101270.65625
10.0,0.01630575954914093,-0.43159711360931396,0.019347282126545906,-0.4368973970413208,1000000.0,1.0,case_128,3.854258423530155e-08,0.0,6.660030180682952e-07,0.0,8.23289680480957,98814.9296875,9.795931816101074,98807.203125,deeponet,0012,8.26087760925293,101114.796875,9.82519245147705,101107.203125
4.0,0.015553749166429043,-0.4992155134677887,0.018635869026184082,-0.526039183139801,500000.0,0.5,case_147,1.2053131825950913e-08,0.0,1.9905368731087947e-07,0.0,2.0113461017608643,98962.5,2.4407050609588623,98959.4453125,deeponet,0015,2.019526481628418,101262.8046875,2.451758623123169,101259.4453125
6.0,0.016689758747816086,-0.561826765537262,0.01955559104681015,-0.5272224545478821,1000000.0,1.0,case_152,3.910315271582476e-08,0.0,6.70681117753702e-07,0.0,8.422101974487305,98766.25,9.917386054992676,98762.1796875,deeponet,0015,8.445074081420898,101065.390625,9.93307113647461,101062.1796875
8.0,0.016672998666763306,-0.5629898309707642,0.01955273561179638,-0.5272224545478821,1000000.0,1.0,case_156,3.912884949386353e-08,0.0,6.73630040637363e-07,0.0,8.437322616577148,98765.953125,9.94350814819336,98762.1796875,deeponet,0015,8.460514068603516,101065.046875,9.95961856842041,101062.1796875
10.0,0.016698341816663742,-0.5252130627632141,0.020054230466485023,-0.523880660533905,100000.0,0.09999999999999999,case_157,1.4149447835620776e-08,0.0,2.645578831561579e-07,0.0,0.19992409646511078,99019.6796875,0.327913761138916,99022.390625,deeponet,0015,0.21307402849197388,101319.4609375,0.35046449303627014,101322.390625
10.0,0.01639625057578087,-0.5390729308128357,0.0194658562541008,-0.5225052833557129,200000.0,0.19999999999999998,case_158,1.6403497227202024e-08,0.0,2.996861212523072e-07,0.0,0.38160473108291626,99012.7109375,0.506359875202179,99014.578125,deeponet,0015,0.3886279761791229,101312.34375,0.5104811191558838,101314.578125
-4.0,0.02293410152196884,-0.570949137210846,0.02754630520939827,-0.6588394045829773,100000.0,0.09999999999999999,case_161,1.5539734832259455e-08,0.0,2.872292270694743e-07,0.0,0.2460114061832428,99019.328125,0.3746776580810547,99021.71875,deeponet,0018,0.25331026315689087,101317.9375,0.3938399851322174,101321.71875
-4.0,0.02522370032966137,-0.5968515276908875,0.03006586804986,-0.6674858927726746,1000000.0,1.0,case_164,4.0905121068135486e-08,0.0,6.896040076753707e-07,0.0,12.548426628112793,98731.265625,15.120023727416992,98692.2578125,deeponet,0018,12.557421684265137,101031.078125,15.107582092285156,100992.2578125
-2.0,0.02490672469139099,-0.6003905534744263,0.029802022501826286,-0.6674858927726746,1000000.0,1.0,case_168,4.151216259629109e-08,0.0,6.962495717743877e-07,0.0,12.460922241210938,98732.4140625,15.041471481323242,98692.2578125,deeponet,0018,12.472119331359863,101032.3203125,15.035143852233887,100992.2578125
0.0,0.023356102406978607,-0.5973977446556091,0.02815139666199684,-0.6609063744544983,200000.0,0.19999999999999998,case_170,1.7202443913788557e-08,0.0,3.115217452887009e-07,0.0,0.5019065737724304,99011.453125,0.6886183619499207,99011.8203125,deeponet,0018,0.5169012546539307,101311.296875,0.6952826380729675,101311.8203125
4.0,0.02292899787425995,-0.577745795249939,0.02767045795917511,-0.6588394045829773,100000.0,0.09999999999999999,case_177,1.4722838059810783e-08,0.0,2.732236907831975e-07,0.0,0.2369706779718399,99018.9375,0.37744396924972534,99021.71875,deeponet,0018,0.2531191110610962,101317.96875,0.40606844425201416,101321.71875
4.0,0.005822981242090464,-0.5933292508125305,0.009426304139196873,-0.6007119417190552,200000.0,0.19999999999999998,case_242,1.6681424241937748e-08,0.0,3.0472997991637385e-07,0.0,0.2617938220500946,99009.7109375,0.4384412169456482,99013.0234375,deeponet,2415,0.25937363505363464,101310.125,0.43010827898979187,101313.0234375
8.0,0.0059418887831270695,-0.5989935994148254,0.009954777546226978,-0.6007119417190552,200000.0,0.19999999999999998,case_250,1.6470199426521503e-08,0.0,3.0125244165901677e-07,0.0,0.2697857618331909,99009.6171875,0.4506776034832001,99013.0234375,deeponet,2415,0.2660842835903168,101310.0234375,0.4397110044956207,101313.0234375
8.0,0.006034976802766323,-0.6135925054550171,0.010292566381394863,-0.588989794254303,500000.0,0.5,case_251,1.233792090715724e-08,0.0,2.0774153597358236e-07,0.0,0.878232479095459,98945.109375,1.5829905271530151,98951.59375,deeponet,2415,0.8909292221069336,101246.2734375,1.5816333293914795,101251.59375
10.0,0.00599210849031806,-0.6050105690956116,0.010264372453093529,-0.6007119417190552,200000.0,0.19999999999999998,case_254,1.6372423417010395e-08,0.0,2.9940011359030905e-07,0.0,0.2761112153530121,99009.6015625,0.46051454544067383,99013.0234375,deeponet,2415,0.2710767686367035,101310.0,0.4476149380207062,101313.0234375
-2.0,0.025990961119532585,-0.6452912092208862,0.03149532899260521,-0.6808620691299438,500000.0,0.5,case_263,1.1067023741873072e-08,0.0,1.8352587005665555e-07,0.0,3.0888614654541016,98939.4140625,3.7888693809509277,98940.1484375,deeponet,4412,3.0762174129486084,101240.7578125,3.775247097015381,101240.1484375
2.0,0.026245463639497757,-0.6245079040527344,0.03219219297170639,-0.6737068891525269,100000.0,0.09999999999999999,case_269,1.4718398055890702e-08,0.0,2.738892419529293e-07,0.0,0.2146078646183014,99018.0078125,0.33288559317588806,99021.640625,deeponet,4412,0.2310880869626999,101318.40625,0.35276907682418823,101321.640625
8.0,0.026333723217248917,-0.63773512840271,0.03222246840596199,-0.6737068891525269,100000.0,0.09999999999999999,case_281,1.4239156520545748e-08,0.0,2.66151971572981e-07,0.0,0.21685026586055756,99017.71875,0.34618180990219116,99021.640625,deeponet,4412,0.23105216026306152,101318.2265625,0.35889267921447754,101321.640625
8.0,0.02626015990972519,-0.6669592261314392,0.03174488618969917,-0.6808620691299438,500000.0,0.5,case_283,1.0464423993994387e-08,0.0,1.813545509321557e-07,0.0,3.1716129779815674,98938.1953125,3.8835062980651855,98940.1484375,deeponet,4412,3.1641945838928223,101239.203125,3.87827205657959,101240.1484375
10.0,0.02636934071779251,-0.6421569585800171,0.03226057440042496,-0.6737068891525269,100000.0,0.09999999999999999,case_285,1.4075634879873178e-08,0.0,2.6348308779233776e-07,0.0,0.21749579906463623,99017.625,0.3497365415096283,99021.640625,deeponet,4412,0.2303415834903717,101318.171875,0.35857126116752625,101321.640625
-2.0,0.02352011203765869,-0.8131049275398254,0.028860973194241524,-0.7851275205612183,200000.0,0.19999999999999998,case_294,1.7495199955419594e-08,0.0,3.153419925183698e-07,0.0,0.5486963987350464,99007.078125,0.7226365804672241,99009.34375,deeponet,4415,0.5392917394638062,101308.0625,0.7094786167144775,101309.34375
-2.0,0.02305026538670063,-0.7721121907234192,0.027732662856578827,-0.7829063534736633,1000000.0,1.0,case_296,1.1490676143921519e-07,0.0,4.684937266574707e-06,0.0,11.6237154006958,98635.75,14.055556297302246,98634.71875,deeponet,4415,11.62163257598877,100936.5234375,14.038640975952148,100934.71875
0.0,0.024508697912096977,-0.7880839109420776,0.029885558411478996,-0.7778218388557434,100000.0,0.09999999999999999,case_297,1.503766178245769e-08,0.0,2.778428154215362e-07,0.0,0.22438010573387146,99017.8671875,0.35352808237075806,99021.125,deeponet,4415,0.2423601746559143,101318.234375,0.37684130668640137,101321.125
4.0,0.024673782289028168,-0.7924886345863342,0.030115386471152306,-0.7778218388557434,100000.0,0.09999999999999999,case_305,1.4687715932382162e-08,0.0,2.721019143336889e-07,0.0,0.22741320729255676,99017.6640625,0.3682699203491211,99021.125,deeponet,4415,0.24387526512145996,101318.109375,0.3893517255783081,101321.125
4.0,0.02523239143192768,-0.7952498197555542,0.03059091418981552,-0.789480984210968,500000.0,0.5,case_307,1.3881306770713309e-08,0.0,2.6179733936260163e-07,0.0,3.034289836883545,98923.3125,3.7586371898651123,98926.609375,deeponet,4415,3.032228469848633,101222.84375,3.758765935897827,101226.609375
6.0,0.025326959788799286,-0.7983782887458801,0.030765950679779053,-0.789480984210968,500000.0,0.5,case_311,1.3798258535757668e-08,0.0,2.554521358888451e-07,0.0,3.0506787300109863,98923.0703125,3.79071044921875,98926.609375,deeponet,4415,3.049417495727539,101222.7109375,3.790976047515869,101226.609375
6.0,0.023130735382437706,-0.7720673084259033,0.027935834601521492,-0.7829063534736633,1000000.0,1.0,case_312,1.3210025429089e-07,0.0,7.701559297856875e-06,0.0,11.46381664276123,98646.046875,13.965996742248535,98634.71875,deeponet,4415,11.453303337097168,100945.515625,13.954801559448242,100934.71875
8.0,0.024046167731285095,-0.8044835925102234,0.029552815482020378,-0.7851275205612183,200000.0,0.19999999999999998,case_314,1.7158143350570754e-08,0.0,3.062245639284811e-07,0.0,0.5784137845039368,99006.84375,0.7480697631835938,99009.34375,deeponet,4415,0.5664579272270203,101307.9765625,0.7337033748626709,101309.34375
10.0,0.02555137500166893,-0.8065797090530396,0.031154530122876167,-0.789480984210968,500000.0,0.5,case_319,1.3528361542114453e-08,0.0,2.3855295694374945e-07,0.0,3.095235824584961,98922.2109375,3.87257719039917,98926.609375,deeponet,4415,3.0955324172973633,101222.0625,3.871453046798706,101226.609375
4.0,0.021503113210201263,-0.8574846386909485,0.02681575156748295,-0.8737464547157288,100000.0,0.09999999999999999,case_337,1.469275456855712e-08,0.0,2.728172887600522e-07,0.0,0.23541143536567688,99017.078125,0.3886928856372833,99020.640625,deeponet,4418,0.2495376169681549,101317.5859375,0.4163663983345032,101320.640625
6.0,0.02088852971792221,-0.8793790936470032,0.026540057733654976,-0.8808767199516296,200000.0,0.19999999999999998,case_342,1.6596864327311778e-08,0.0,3.0369363912541303e-07,0.0,0.5162920951843262,99006.578125,0.6873418092727661,99007.4375,deeponet,4418,0.5079584717750549,101306.265625,0.6810711026191711,101307.4375
6.0,0.02211442030966282,-0.8745825290679932,0.028039703145623207,-0.885127604007721,500000.0,0.5,case_343,1.0889284141057942e-08,0.0,1.8613660301980417e-07,0.0,2.7591662406921387,98913.59375,3.5958075523376465,98914.6875,deeponet,4418,2.7676596641540527,101213.8828125,3.6057229042053223,101214.6875
8.0,0.02165728434920311,-0.8551436066627502,0.027100831270217896,-0.8737464547157288,100000.0,0.09999999999999999,case_345,1.4371874357266279e-08,0.0,2.6770482008942054e-07,0.0,0.23453566431999207,99017.09375,0.4065139889717102,99020.640625,deeponet,4418,0.2484619915485382,101317.7890625,0.429294228553772,101320.640625
8.0,0.02097477577626705,-0.880747377872467,0.026690976694226265,-0.8808767199516296,200000.0,0.19999999999999998,case_346,1.6477418540716826e-08,0.0,3.019749783561565e-07,0.0,0.5222423672676086,99006.8359375,0.6954041123390198,99007.4375,deeponet,4418,0.514427900314331,101306.484375,0.6889523267745972,101307.4375
8.0,0.020590825006365776,-0.8519740104675293,0.02641698718070984,-0.8865270018577576,1000000.0,1.0,case_348,3.66761163661522e-08,0.0,6.499342362076277e-07,0.0,10.26436710357666,98598.7421875,13.299044609069824,98583.0625,deeponet,4418,10.247981071472168,100898.0625,13.276866912841797,100883.0625
-2.0,0.02422366291284561,-0.9801482558250427,0.031759124249219894,-0.9561296105384827,500000.0,0.5,case_359,1.3588935310338002e-08,0.0,2.126320879369814e-07,0.0,3.1676082611083984,98894.078125,4.170179843902588,98905.84375,deeponet,4421,3.197631359100342,101195.546875,4.18225622177124,101205.84375
-2.0,0.02433161251246929,-0.9674479365348816,0.03194860368967056,-0.9575648903846741,1000000.0,1.0,case_360,4.52274484530335e-08,0.0,7.107469741640671e-07,0.0,12.40491008758545,98554.5234375,16.296838760375977,98547.65625,deeponet,4421,12.370513916015625,100855.1640625,16.24698829650879,100847.65625
2.0,0.024351419880986214,-0.9757015109062195,0.032008711248636246,-0.9575648903846741,1000000.0,1.0,case_368,4.7468805774997236e-08,0.0,7.358754601227702e-07,0.0,12.30358600616455,98551.0859375,16.188596725463867,98547.65625,deeponet,4421,12.27798843383789,100851.734375,16.152069091796875,100847.65625
10.0,0.025569548830389977,-0.9848809838294983,0.033572614192962646,-0.9561296105384827,500000.0,0.5,case_383,1.5460333457895103e-08,0.0,2.643857897055568e-07,0.0,3.2817423343658447,98894.90625,4.355044364929199,98905.84375,deeponet,4421,3.294522523880005,101196.5234375,4.357534885406494,101205.84375
