AoA,Cp_mae,Cp_pred_min,Cp_rmse,Cp_truth_min,Re,U_inf,case,cavitation_margin_mae,cavitation_margin_pred_min,cavitation_margin_rmse,cavitation_margin_truth_min,model,naca,p_mae,p_pred_min,p_rmse,p_truth_min
-4.0,0.06720808148384094,-0.5086645483970642,0.09603437036275864,-1.2189357280731201,100000.0,0.09999999999999999,case_161,3.101682186126709,98982.109375,4.029675483703613,99018.921875,unet,0018,3.0227620601654053,101282.421875,3.963245391845703,101318.921875
-4.0,0.06605894863605499,-0.5287981033325195,0.09455283731222153,-1.2355269193649292,200000.0,0.19999999999999998,case_162,3.5059266090393066,98976.109375,4.439073085784912,99000.3671875,unet,0018,3.426873207092285,101276.640625,4.371014595031738,101300.3671875
-4.0,0.06136440858244896,-0.6159268021583557,0.089037224650383,-1.2327896356582642,500000.0,0.5,case_163,8.612692832946777,98919.2734375,12.219768524169922,98871.3671875,unet,0018,8.575945854187012,101219.78125,12.190052032470703,101171.3671875
-4.0,0.051017969846725464,-0.9664632081985474,0.07823679596185684,-1.2370320558547974,1000000.0,1.0,case_164,27.678485870361328,98691.0390625,41.51515579223633,98408.3359375,unet,0018,27.708770751953125,100991.09375,41.55035400390625,100708.3359375
-2.0,0.05967755243182182,-0.5603588223457336,0.08480840921401978,-0.8769860863685608,100000.0,0.09999999999999999,case_165,3.114427089691162,98983.7421875,4.023431301116943,99020.625,unet,0018,3.036395311355591,101283.8671875,3.9584593772888184,101320.625
-2.0,0.05861453711986542,-0.5894708037376404,0.08341008424758911,-0.8815358877182007,200000.0,0.19999999999999998,case_166,3.374288320541382,98975.109375,4.371637344360352,99007.421875,unet,0018,3.2849385738372803,101275.359375,4.2922444343566895,101307.421875
-2.0,0.057259827852249146,-0.697708249092102,0.08183794468641281,-0.8891746997833252,500000.0,0.5,case_167,7.956075668334961,98939.2421875,11.010663032531738,98914.1875,unet,0018,7.906573295593262,101239.7109375,10.963598251342773,101214.1875
-2.0,0.05105246603488922,-0.7603110671043396,0.07409784197807312,-0.8917175531387329,1000000.0,1.0,case_168,25.41722869873047,98775.1171875,37.205535888671875,98580.4765625,unet,0018,25.412687301635742,101075.1875,37.21914291381836,100880.4765625
0.0,0.05032556131482124,-0.7057875394821167,0.07173269987106323,-0.6464337706565857,100000.0,0.09999999999999999,case_169,3.420642852783203,98975.390625,4.442276954650879,99021.78125,unet,0018,3.3584251403808594,101275.6328125,4.379703044891357,101321.78125
0.0,0.04996585473418236,-0.7288873791694641,0.07145919650793076,-0.6505343914031982,200000.0,0.19999999999999998,case_170,3.5135762691497803,98966.453125,4.7747368812561035,99012.03125,unet,0018,3.432387113571167,101266.8203125,4.695633411407471,101312.03125
0.0,0.0475371778011322,-0.8236286044120789,0.06903667747974396,-0.6558327674865723,500000.0,0.5,case_171,6.8765339851379395,98926.9609375,9.455769538879395,98943.265625,unet,0018,6.818872451782227,101227.9609375,9.399560928344727,101243.265625
0.0,0.043702274560928345,-0.8777543902397156,0.0638062059879303,-0.6576074957847595,1000000.0,1.0,case_172,21.4683837890625,98738.5625,31.349088668823242,98697.1796875,unet,0018,21.45090675354004,101039.59375,31.348941802978516,100997.1796875
2.0,0.04024261236190796,-0.8767063021659851,0.057260457426309586,-0.762477457523346,100000.0,0.09999999999999999,case_173,3.7842955589294434,98972.8828125,5.021726608276367,99021.1953125,unet,0018,3.7414238452911377,101273.21875,4.963845729827881,101321.1953125
2.0,0.03995532914996147,-0.9002367854118347,0.05727711692452431,-0.7658236622810364,200000.0,0.19999999999999998,case_174,3.764739751815796,98964.2578125,5.313476085662842,99009.7265625,unet,0018,3.7019848823547363,101264.703125,5.239698886871338,101309.7265625
2.0,0.036530911922454834,-0.9696564674377441,0.054257094860076904,-0.7655248045921326,500000.0,0.5,case_175,5.911111831665039,98898.59375,8.280206680297852,98929.59375,unet,0018,5.876737117767334,101199.40625,8.23112678527832,101229.59375
2.0,0.03443598002195358,-1.0864644050598145,0.05145333707332611,-0.7659021019935608,1000000.0,1.0,case_176,16.546968460083008,98645.9375,24.876192092895508,98643.1953125,unet,0018,16.51309585571289,100945.703125,24.859907150268555,100943.1953125
4.0,0.03401109576225281,-1.0532575845718384,0.04782376438379288,-1.0903304815292358,100000.0,0.09999999999999999,case_177,4.021280765533447,98974.28125,5.3155717849731445,99019.5625,unet,0018,4.006649017333984,101274.6953125,5.271183967590332,101319.5625
4.0,0.03349693864583969,-1.0706504583358765,0.0476275272667408,-1.0976961851119995,200000.0,0.19999999999999998,case_178,3.9233052730560303,98962.4765625,5.64454460144043,99003.109375,unet,0018,3.881161689758301,101263.65625,5.576565742492676,101303.109375
4.0,0.028546391054987907,-1.1143945455551147,0.043424900621175766,-1.1016205549240112,500000.0,0.5,case_179,5.369293212890625,98841.6640625,7.729568004608154,98887.7109375,unet,0018,5.362508773803711,101142.5703125,7.703020095825195,101187.7109375
4.0,0.02810792252421379,-1.3002982139587402,0.043000318109989166,-1.1029187440872192,1000000.0,1.0,case_180,13.228355407714844,98532.3359375,20.60880470275879,98475.1953125,unet,0018,13.177767753601074,100832.515625,20.574777603149414,100775.1953125
6.0,0.03254726156592369,-1.2518954277038574,0.045549508184194565,-1.4616591930389404,100000.0,0.09999999999999999,case_181,4.030629634857178,98976.109375,5.257510185241699,99017.7109375,unet,0018,4.054911136627197,101277.3671875,5.242048740386963,101317.7109375
6.0,0.03318531811237335,-1.278654932975769,0.046404704451560974,-1.4717822074890137,200000.0,0.19999999999999998,case_182,3.809921979904175,98952.59375,5.550015449523926,98995.65625,unet,0018,3.7961113452911377,101253.9921875,5.498223304748535,101295.65625
6.0,0.025498734787106514,-1.2856321334838867,0.03962603211402893,-1.4788645505905151,500000.0,0.5,case_183,4.238327503204346,98787.4375,6.573715686798096,98840.6953125,unet,0018,4.241250514984131,101087.7734375,6.564980983734131,101140.6953125
6.0,0.023330021649599075,-1.5073641538619995,0.03704560920596123,-1.481337547302246,1000000.0,1.0,case_184,10.883904457092285,98414.375,18.15789222717285,98286.5546875,unet,0018,10.83217716217041,100714.4296875,18.11626625061035,100586.5546875
8.0,0.03167381510138512,-1.533178687095642,0.04503306373953819,-2.0007224082946777,100000.0,0.09999999999999999,case_185,3.711998224258423,98963.1640625,4.931685924530029,99015.0234375,unet,0018,3.7840731143951416,101263.8984375,4.959898948669434,101315.0234375
8.0,0.0348021537065506,-1.5725196599960327,0.048518333584070206,-1.9146363735198975,200000.0,0.19999999999999998,case_186,3.363269567489624,98931.1484375,5.098297119140625,98986.8203125,unet,0018,3.390825033187866,101231.734375,5.084656238555908,101286.8203125
8.0,0.027260415256023407,-1.5501277446746826,0.040985286235809326,-1.926788330078125,500000.0,0.5,case_187,3.1442272663116455,98758.796875,5.3075971603393555,98784.875,unet,0018,3.1178433895111084,101058.6328125,5.285388946533203,101084.875
8.0,0.022081995382905006,-1.7885982990264893,0.03529267758131027,-1.9319795370101929,1000000.0,1.0,case_188,9.757763862609863,98315.6328125,17.3913631439209,98061.90625,unet,0018,9.726473808288574,100615.3671875,17.354053497314453,100361.90625
10.0,0.03397788852453232,-1.7257226705551147,0.0485449954867363,-2.61169171333313,100000.0,0.09999999999999999,case_189,3.1127195358276367,98946.3203125,4.629907131195068,99011.984375,unet,0018,3.2136683464050293,101246.4921875,4.695209503173828,101311.984375
10.0,0.03462660312652588,-1.774121880531311,0.048657264560461044,-2.6467180252075195,200000.0,0.19999999999999998,case_190,2.777764320373535,98910.6484375,4.672185897827148,98972.2265625,unet,0018,2.8212692737579346,101210.671875,4.701775074005127,101272.2265625
10.0,0.030649231746792793,-1.7570695877075195,0.04513312503695488,-2.563192129135132,500000.0,0.5,case_191,3.4260575771331787,98736.5703125,5.442083835601807,98705.5625,unet,0018,3.3579261302948,101036.0390625,5.379004001617432,101005.5625
10.0,0.02787967212498188,-2.018824577331543,0.04074796289205551,-2.571063995361328,1000000.0,1.0,case_192,9.976561546325684,98226.734375,18.649974822998047,97743.328125,unet,0018,9.96768569946289,100526.0625,18.621612548828125,100043.328125
-4.0,0.037876151502132416,-0.7003979682922363,0.061111316084861755,-0.9701445698738098,100000.0,0.09999999999999999,case_321,3.814394474029541,98991.625,4.747753143310547,99020.1640625,unet,4418,3.73506760597229,101291.6953125,4.680261135101318,101320.1640625
-4.0,0.0359114408493042,-0.717738687992096,0.057200077921152115,-0.9725756049156189,200000.0,0.19999999999999998,case_322,4.191805362701416,98977.4453125,5.097018718719482,99005.609375,unet,4418,4.075794696807861,101277.6015625,4.998940944671631,101305.609375
-4.0,0.036594659090042114,-0.7634117007255554,0.05087192356586456,-0.9761890172958374,500000.0,0.5,case_323,5.71263313293457,98892.84375,7.9319071769714355,98903.34375,unet,4418,5.569680690765381,101193.1796875,7.817187786102295,101203.34375
-4.0,0.02470633201301098,-0.9447193145751953,0.040616124868392944,-0.97740238904953,1000000.0,1.0,case_324,12.057913780212402,98662.421875,20.784774780273438,98537.765625,unet,4418,12.06930160522461,100962.765625,20.813596725463867,100837.765625
-2.0,0.028498845174908638,-0.8104822635650635,0.046841274946928024,-0.7195397615432739,100000.0,0.09999999999999999,case_325,3.777470588684082,98984.046875,4.776424884796143,99021.4140625,unet,4418,3.704777717590332,101284.25,4.713691711425781,101321.4140625
-2.0,0.027373161166906357,-0.8396578431129456,0.044249605387449265,-0.7247242331504822,200000.0,0.19999999999999998,case_326,4.313686370849609,98968.265625,5.233801364898682,99010.546875,unet,4418,4.203535556793213,101268.5703125,5.139113903045654,101310.546875
-2.0,0.024059314280748367,-0.9310784339904785,0.03906555101275444,-0.727631688117981,500000.0,0.5,case_327,6.608886241912842,98903.53125,8.048319816589355,98934.3203125,unet,4418,6.451159954071045,101204.28125,7.919619560241699,101234.3203125
-2.0,0.02270030975341797,-0.9805034399032593,0.03596344590187073,-0.7285969257354736,1000000.0,1.0,case_328,8.239738464355469,98661.234375,14.964751243591309,98661.796875,unet,4418,8.249011039733887,100961.546875,14.99594497680664,100961.796875
0.0,0.020040413364768028,-0.944671094417572,0.03310108557343483,-0.87433260679245,100000.0,0.09999999999999999,case_329,3.8992536067962646,98979.4296875,4.857272624969482,99020.640625,unet,4418,3.8156211376190186,101279.78125,4.795678615570068,101320.640625
0.0,0.019103504717350006,-0.969891369342804,0.0311305932700634,-0.8819493651390076,200000.0,0.19999999999999998,case_330,4.376255989074707,98963.7578125,5.222227573394775,99007.4140625,unet,4418,4.262434482574463,101264.2265625,5.13211727142334,101307.4140625
0.0,0.013957981951534748,-1.0560122728347778,0.027365008369088173,-0.8865193128585815,500000.0,0.5,case_331,6.508995056152344,98901.3046875,7.736469268798828,98914.515625,unet,4418,6.362061023712158,101202.21875,7.618397235870361,101214.515625
0.0,0.01709773764014244,-1.1597895622253418,0.02828478254377842,-0.8916777968406677,1000000.0,1.0,case_332,5.971786022186279,98601.484375,11.352574348449707,98580.5,unet,4418,6.013011455535889,100902.75,11.388328552246094,100880.5
2.0,0.01680983603000641,-1.1026171445846558,0.0273329708725214,-1.0407326221466064,100000.0,0.09999999999999999,case_333,4.141866207122803,98980.265625,4.958816051483154,99019.8125,unet,4418,4.070939540863037,101280.828125,4.903792381286621,101319.8125
2.0,0.015431277453899384,-1.1227251291275024,0.025342024862766266,-1.0498006343841553,200000.0,0.19999999999999998,case_334,4.526165962219238,98965.09375,5.220327377319336,99004.0703125,unet,4418,4.426629066467285,101265.765625,5.1389594078063965,101304.0703125
2.0,0.011481196619570255,-1.2088078260421753,0.023286957293748856,-1.0569819211959839,500000.0,0.5,case_335,6.006744861602783,98879.265625,7.311049938201904,98893.2734375,unet,4418,5.86485481262207,101180.25,7.20139741897583,101193.2734375
2.0,0.01513616181910038,-1.3455835580825806,0.02451781928539276,-1.0593684911727905,1000000.0,1.0,case_336,5.636942386627197,98490.0234375,9.860259056091309,98496.90625,unet,4418,5.675008773803711,100790.5234375,9.893327713012695,100796.90625
4.0,0.018790237605571747,-1.2846994400024414,0.02824093960225582,-1.2719402313232422,100000.0,0.09999999999999999,case_337,4.002103328704834,98986.765625,4.699674606323242,99018.65625,unet,4418,3.9732730388641357,101287.5234375,4.681088447570801,101318.65625
4.0,0.01788126491010189,-1.3115557432174683,0.027039436623454094,-1.2816779613494873,200000.0,0.19999999999999998,case_338,4.3343963623046875,98970.15625,4.927309513092041,98999.4453125,unet,4418,4.269593238830566,101271.046875,4.8773956298828125,101299.4453125
4.0,0.014562394469976425,-1.4192662239074707,0.02495788037776947,-1.2913310527801514,500000.0,0.5,case_339,5.04681921005249,98848.109375,6.44092321395874,98864.0703125,unet,4418,4.911444187164307,101149.4140625,6.333200931549072,101164.0703125
4.0,0.013794466853141785,-1.5804070234298706,0.023538237437605858,-1.2945215702056885,1000000.0,1.0,case_340,6.253997802734375,98386.15625,9.818020820617676,98379.6796875,unet,4418,6.313511848449707,100686.4375,9.867737770080566,100679.6796875
6.0,0.021761836484074593,-1.4879097938537598,0.0316288061439991,-1.5542194843292236,100000.0,0.09999999999999999,case_341,3.5215625762939453,98989.9453125,4.232880115509033,99017.25,unet,4418,3.5554006099700928,101290.859375,4.268125057220459,101317.25
6.0,0.02197699435055256,-1.54198157787323,0.031263988465070724,-1.571716070175171,200000.0,0.19999999999999998,case_342,3.717588186264038,98969.2109375,4.367020130157471,98993.65625,unet,4418,3.71103835105896,101270.140625,4.369737148284912,101293.65625
6.0,0.020518170669674873,-1.621960163116455,0.029359998181462288,-1.5625783205032349,500000.0,0.5,case_343,4.722702980041504,98818.3203125,6.418275833129883,98830.265625,unet,4418,4.602595806121826,101119.0234375,6.321909427642822,101130.265625
6.0,0.016024161130189896,-1.812864899635315,0.027117468416690826,-1.5831328630447388,1000000.0,1.0,case_344,7.487029552459717,98292.2265625,10.835121154785156,98235.8046875,unet,4418,7.572695732116699,100592.6796875,10.933622360229492,100535.8046875
8.0,0.024770325049757957,-1.7140024900436401,0.03572291508316994,-1.8703467845916748,100000.0,0.09999999999999999,case_345,2.921459674835205,98986.4609375,3.7427332401275635,99015.6796875,unet,4418,3.008646249771118,101286.9609375,3.8214097023010254,101315.6796875
8.0,0.02503420226275921,-1.7837097644805908,0.03449282422661781,-1.844697117805481,200000.0,0.19999999999999998,case_346,3.023516893386841,98962.7421875,3.805262804031372,98988.21875,unet,4418,3.0635414123535156,101263.1171875,3.8446364402770996,101288.21875
8.0,0.027776114642620087,-1.868082880973816,0.03648897260427475,-1.8622310161590576,500000.0,0.5,case_347,6.006791591644287,98801.078125,8.658356666564941,98792.921875,unet,4418,5.8784661293029785,101101.1640625,8.556796073913574,101092.921875
8.0,0.01778336986899376,-2.0218985080718994,0.03242027387022972,-1.8681128025054932,1000000.0,1.0,case_348,9.033838272094727,98211.265625,13.195621490478516,98093.7421875,unet,4418,9.100375175476074,100511.203125,13.276773452758789,100393.7421875
10.0,0.03105021081864834,-1.8807626962661743,0.04543333128094673,-2.247802734375,100000.0,0.09999999999999999,case_349,2.3915488719940186,98979.6328125,3.4864420890808105,99013.796875,unet,4418,2.4983062744140625,101279.65625,3.574411630630493,101313.796875
10.0,0.030563954263925552,-1.9724358320236206,0.04112166911363602,-2.2079880237579346,200000.0,0.19999999999999998,case_350,2.458465814590454,98954.5390625,3.5981552600860596,98980.9765625,unet,4418,2.512814521789551,101254.59375,3.6370534896850586,101280.9765625
10.0,0.03517833724617958,-2.0438685417175293,0.04643450677394867,-2.2291321754455566,500000.0,0.5,case_351,6.939007759094238,98770.0859375,10.222439765930176,98747.1953125,unet,4418,6.771428108215332,101069.515625,10.075016021728516,101047.1953125
10.0,0.025720540434122086,-2.1992549896240234,0.04411320015788078,-2.236372709274292,1000000.0,1.0,case_352,13.558388710021973,98144.6953125,20.14800262451172,97910.171875,unet,4418,13.536886215209961,100444.1328125,20.13909149169922,100210.171875
-4.0,0.03357481211423874,-0.36842676997184753,0.069461390376091,-1.2189357280731201,100000.0,0.09999999999999999,case_161,4.636875629425049,98998.5703125,5.808071613311768,99018.921875,pinn,0018,4.745213508605957,101296.21875,5.910117149353027,101318.921875
-4.0,0.03308536857366562,-0.3982582688331604,0.06811390817165375,-1.2355269193649292,200000.0,0.19999999999999998,case_162,4.9908552169799805,98983.9140625,6.090598106384277,99000.3671875,pinn,0018,5.105537414550781,101281.0390625,6.252140522003174,101300.3671875
-4.0,0.032922107726335526,-0.44099751114845276,0.06480713933706284,-1.2327896356582642,500000.0,0.5,case_163,6.365143775939941,98925.5390625,7.868744373321533,98871.3671875,pinn,0018,6.64535665512085,101220.96875,8.187780380249023,101171.3671875
-4.0,0.0370963029563427,-0.38874539732933044,0.06848884373903275,-1.2370320558547974,1000000.0,1.0,case_164,19.377567291259766,98876.5546875,38.91682815551758,98408.3359375,pinn,0018,19.311662673950195,101169.1640625,38.053646087646484,100708.3359375
-2.0,0.027250166982412338,-0.33902284502983093,0.05580321326851845,-0.8769860863685608,100000.0,0.09999999999999999,case_165,3.5449724197387695,99002.2734375,4.451296329498291,99020.625,pinn,0018,3.3590328693389893,101299.0546875,4.413115501403809,101320.625
-2.0,0.026258867233991623,-0.376067191362381,0.05402204766869545,-0.8815358877182007,200000.0,0.19999999999999998,case_166,3.983353614807129,98988.0859375,4.916881084442139,99007.421875,pinn,0018,3.74631929397583,101284.6796875,4.779688835144043,101307.421875
-2.0,0.023807993158698082,-0.44405853748321533,0.05011949688196182,-0.8891746997833252,500000.0,0.5,case_167,4.718474388122559,98925.234375,6.957563400268555,98914.1875,pinn,0018,4.4728169441223145,101220.453125,6.833156585693359,101214.1875
-2.0,0.02242398075759411,-0.4187055230140686,0.04677944257855415,-0.8917175531387329,1000000.0,1.0,case_168,12.003552436828613,98857.4921875,26.303939819335938,98580.4765625,pinn,0018,11.846960067749023,101152.5234375,25.93169403076172,100880.4765625
0.0,0.023323241621255875,-0.4725671112537384,0.04847927764058113,-0.6464337706565857,100000.0,0.09999999999999999,case_169,3.286740303039551,99011.5859375,4.24531888961792,99021.78125,pinn,0018,3.4772496223449707,101309.7109375,4.409272193908691,101321.78125
0.0,0.02197098918259144,-0.4726235866546631,0.04645192250609398,-0.6505343914031982,200000.0,0.19999999999999998,case_170,3.8017046451568604,99004.2890625,4.366127967834473,99012.03125,pinn,0018,3.5253608226776123,101300.296875,4.323149681091309,101312.03125
0.0,0.020359009504318237,-0.4285632371902466,0.04300537332892418,-0.6558327674865723,500000.0,0.5,case_171,4.15845251083374,98948.140625,6.046392917633057,98943.265625,pinn,0018,3.789506435394287,101241.890625,5.860292434692383,101243.265625
0.0,0.022331997752189636,-0.41668716073036194,0.042266830801963806,-0.6576074957847595,1000000.0,1.0,case_172,9.662588119506836,98812.9140625,21.52252960205078,98697.1796875,pinn,0018,9.416316986083984,101114.359375,21.260751724243164,100997.1796875
2.0,0.022131649777293205,-0.6706010699272156,0.045310720801353455,-0.762477457523346,100000.0,0.09999999999999999,case_173,3.473691463470459,99011.109375,4.570424556732178,99021.1953125,pinn,0018,3.521263360977173,101307.890625,4.4466962814331055,101321.1953125
2.0,0.020534930750727654,-0.679559051990509,0.0426204614341259,-0.7658236622810364,200000.0,0.19999999999999998,case_174,3.2197988033294678,98998.671875,4.1340012550354,99009.7265625,pinn,0018,2.9494147300720215,101296.90625,3.7942452430725098,101309.7265625
2.0,0.021561603993177414,-0.6381934285163879,0.03957317769527435,-0.7655248045921326,500000.0,0.5,case_175,3.7883694171905518,98941.765625,5.159287929534912,98929.59375,pinn,0018,3.415247678756714,101241.1796875,4.988459587097168,101229.59375
2.0,0.025703061372041702,-0.715945303440094,0.04016786441206932,-0.7659021019935608,1000000.0,1.0,case_176,8.873205184936523,98694.8125,18.8166561126709,98643.1953125,pinn,0018,8.976649284362793,100996.0703125,18.814842224121094,100943.1953125
4.0,0.02227827161550522,-0.8392643332481384,0.04336373880505562,-1.0903304815292358,100000.0,0.09999999999999999,case_177,3.2946009635925293,99001.1171875,4.067507266998291,99019.5625,pinn,0018,3.124089241027832,101298.875,3.830315589904785,101319.5625
4.0,0.021246999502182007,-0.8590683341026306,0.040858931839466095,-1.0976961851119995,200000.0,0.19999999999999998,case_178,2.6908750534057617,98985.328125,3.383071184158325,99003.109375,pinn,0018,2.317291498184204,101284.4765625,2.8641538619995117,101303.109375
4.0,0.02413409948348999,-0.8452222943305969,0.04048897325992584,-1.1016205549240112,500000.0,0.5,case_179,2.787799835205078,98907.6171875,4.362602710723877,98887.7109375,pinn,0018,2.396071195602417,101207.65625,4.192028045654297,101187.7109375
4.0,0.030004434287548065,-0.9516522884368896,0.041929855942726135,-1.1029187440872192,1000000.0,1.0,case_180,8.647589683532715,98592.859375,17.956008911132812,98475.1953125,pinn,0018,8.674914360046387,100893.5234375,18.076021194458008,100775.1953125
6.0,0.02133972942829132,-0.9607963562011719,0.04274510592222214,-1.4616591930389404,100000.0,0.09999999999999999,case_181,3.2635302543640137,98993.6328125,3.8862485885620117,99017.7109375,pinn,0018,3.196633815765381,101292.4609375,3.76670503616333,101317.7109375
6.0,0.021496964618563652,-0.9909005761146545,0.041160035878419876,-1.4717822074890137,200000.0,0.19999999999999998,case_182,2.5537161827087402,98974.734375,3.0823862552642822,98995.65625,pinn,0018,2.349700927734375,101274.703125,2.730700731277466,101295.65625
6.0,0.027404118329286575,-1.0055004358291626,0.04436401650309563,-1.4788645505905151,500000.0,0.5,case_183,2.6685402393341064,98871.265625,4.356893062591553,98840.6953125,pinn,0018,2.3707830905914307,101171.1875,4.176828861236572,101140.6953125
6.0,0.03284174203872681,-1.105481505393982,0.045074623078107834,-1.481337547302246,1000000.0,1.0,case_184,9.057637214660645,98524.59375,18.897342681884766,98286.5546875,pinn,0018,9.173723220825195,100825.875,19.09424591064453,100586.5546875
8.0,0.021442385390400887,-1.04204261302948,0.048539917916059494,-2.0007224082946777,100000.0,0.09999999999999999,case_185,3.109046697616577,98988.4296875,3.987375020980835,99015.0234375,pinn,0018,3.269998788833618,101287.734375,4.047348976135254,101315.0234375
8.0,0.021399836987257004,-1.084208607673645,0.04551897197961807,-1.9146363735198975,200000.0,0.19999999999999998,case_186,2.5012154579162598,98966.78125,3.192682981491089,98986.8203125,pinn,0018,2.543604850769043,101267.0546875,3.060391902923584,101286.8203125
8.0,0.029586361721158028,-1.1344869136810303,0.05017118528485298,-1.926788330078125,500000.0,0.5,case_187,3.125439167022705,98835.7890625,4.96140193939209,98784.875,pinn,0018,2.9531455039978027,101135.7578125,4.800461292266846,101084.875
8.0,0.03393138572573662,-1.2165895700454712,0.04942113161087036,-1.9319795370101929,1000000.0,1.0,case_188,9.598877906799316,98480.90625,21.263057708740234,98061.90625,pinn,0018,9.802559852600098,100782.25,21.445056915283203,100361.90625
10.0,0.025330450385808945,-1.0926921367645264,0.060981206595897675,-2.61169171333313,100000.0,0.09999999999999999,case_189,2.8364431858062744,98982.859375,3.9811136722564697,99011.984375,pinn,0018,3.302917242050171,101281.5625,4.229637622833252,101311.984375
10.0,0.025006497278809547,-1.148640513420105,0.0589652955532074,-2.6467180252075195,200000.0,0.19999999999999998,case_190,2.4968113899230957,98958.234375,3.369266986846924,98972.2265625,pinn,0018,2.657902717590332,101257.65625,3.400949239730835,101272.2265625
10.0,0.031118178740143776,-1.2460440397262573,0.05753208324313164,-2.563192129135132,500000.0,0.5,case_191,3.8886213302612305,98803.1171875,5.858004093170166,98705.5625,pinn,0018,3.778486728668213,101102.2890625,5.745031833648682,101005.5625
10.0,0.03180796280503273,-1.3031729459762573,0.054022300988435745,-2.571063995361328,1000000.0,1.0,case_192,10.472137451171875,98452.484375,25.52281951904297,97743.328125,pinn,0018,10.644805908203125,100751.3203125,25.558578491210938,100043.328125
-4.0,0.020617656409740448,-0.5198248028755188,0.048643503338098526,-0.9701445698738098,100000.0,0.09999999999999999,case_321,3.5790350437164307,99000.8125,5.03678560256958,99020.1640625,pinn,4418,3.602550983428955,101296.40625,5.154229164123535,101320.1640625
-4.0,0.02038969099521637,-0.5419291257858276,0.0466943122446537,-0.9725756049156189,200000.0,0.19999999999999998,case_322,3.9327380657196045,98986.0859375,5.299049377441406,99005.609375,pinn,4418,4.007852554321289,101282.1796875,5.536310195922852,101305.609375
-4.0,0.01956772990524769,-0.5674180388450623,0.04316210001707077,-0.9761890172958374,500000.0,0.5,case_323,4.632088661193848,98927.7265625,6.085387229919434,98903.34375,pinn,4418,4.670709133148193,101225.0,6.244227409362793,101203.34375
-4.0,0.023856204003095627,-0.6030263900756836,0.04920884594321251,-0.97740238904953,1000000.0,1.0,case_324,10.396178245544434,98812.3515625,25.379369735717773,98537.765625,pinn,4418,9.899481773376465,101109.203125,24.78807258605957,100837.765625
-2.0,0.016818437725305557,-0.665125846862793,0.03852168843150139,-0.7195397615432739,100000.0,0.09999999999999999,case_325,2.3144240379333496,99001.21875,3.8093318939208984,99021.4140625,pinn,4418,2.5332083702087402,101296.671875,4.0445075035095215,101321.4140625
-2.0,0.017359299585223198,-0.6864994168281555,0.037614285945892334,-0.7247242331504822,200000.0,0.19999999999999998,case_326,2.4627792835235596,98983.734375,3.9396400451660156,99010.546875,pinn,4418,2.9335246086120605,101279.7421875,4.432162284851074,101310.546875
-2.0,0.01738164573907852,-0.6929887533187866,0.03624571114778519,-0.727631688117981,500000.0,0.5,case_327,3.435408592224121,98898.265625,5.246338844299316,98934.3203125,pinn,4418,3.7461774349212646,101195.78125,5.711541175842285,101234.3203125
-2.0,0.02057839184999466,-0.7183835506439209,0.039323169738054276,-0.7285969257354736,1000000.0,1.0,case_328,6.755188941955566,98717.84375,17.838354110717773,98661.796875,pinn,4418,6.675265312194824,101018.203125,17.552770614624023,100961.796875
0.0,0.015599890612065792,-0.8485671877861023,0.032560329884290695,-0.87433260679245,100000.0,0.09999999999999999,case_329,2.0400421619415283,99001.6015625,3.0235555171966553,99020.640625,pinn,4418,1.8728545904159546,101298.2734375,2.9762637615203857,101320.640625
0.0,0.015037101693451405,-0.869374692440033,0.03100001998245716,-0.8819493651390076,200000.0,0.19999999999999998,case_330,1.7831230163574219,98984.703125,2.8725318908691406,99007.4140625,pinn,4418,2.072070837020874,101282.0234375,3.109633445739746,101307.4140625
0.0,0.015569934621453285,-0.8530111312866211,0.029349736869335175,-0.8865193128585815,500000.0,0.5,case_331,2.466656446456909,98886.1796875,4.039805889129639,98914.515625,pinn,4418,2.5930378437042236,101185.4296875,4.303573131561279,101214.515625
0.0,0.017690779641270638,-0.8974460363388062,0.0331399142742157,-0.8916777968406677,1000000.0,1.0,case_332,5.965691566467285,98614.2734375,14.336858749389648,98580.5,pinn,4418,6.3206257820129395,100917.125,14.308812141418457,100880.5
2.0,0.01848658360540867,-1.0092474222183228,0.03294835239648819,-1.0407326221466064,100000.0,0.09999999999999999,case_333,2.51121187210083,98995.2578125,3.332836627960205,99019.8125,pinn,4418,2.1701595783233643,101295.046875,2.9227981567382812,101319.8125
2.0,0.016867710277438164,-1.0374364852905273,0.030610034242272377,-1.0498006343841553,200000.0,0.19999999999999998,case_334,2.1661882400512695,98977.9921875,3.042545795440674,99004.0703125,pinn,4418,1.899082064628601,101278.71875,2.75303053855896,101304.0703125
2.0,0.016618603840470314,-1.0380263328552246,0.02789219282567501,-1.0569819211959839,500000.0,0.5,case_335,2.1585843563079834,98880.8125,3.8875162601470947,98893.2734375,pinn,4418,2.203960657119751,101182.1796875,3.8070669174194336,101193.2734375
2.0,0.022062761709094048,-1.1331462860107422,0.031643789261579514,-1.0593684911727905,1000000.0,1.0,case_336,6.47883415222168,98530.75,13.219918251037598,98496.90625,pinn,4418,6.713996887207031,100832.6953125,13.558320999145508,100796.90625
4.0,0.016036754474043846,-1.1223875284194946,0.029381996020674706,-1.2719402313232422,100000.0,0.09999999999999999,case_337,2.414999008178711,98987.484375,3.4552719593048096,99018.65625,pinn,4418,2.18117356300354,101289.2421875,3.0758869647979736,101318.65625
4.0,0.014876476489007473,-1.1564222574234009,0.027354424819350243,-1.2816779613494873,200000.0,0.19999999999999998,case_338,2.313999891281128,98967.8828125,3.32492995262146,98999.4453125,pinn,4418,2.062471628189087,101270.3359375,2.949280261993408,101299.4453125
4.0,0.01719130016863346,-1.1796671152114868,0.027263976633548737,-1.2913310527801514,500000.0,0.5,case_339,2.2966623306274414,98853.0,4.003055572509766,98864.0703125,pinn,4418,2.2209198474884033,101156.40625,3.8516552448272705,101164.0703125
4.0,0.02151721902191639,-1.2383984327316284,0.030342327430844307,-1.2945215702056885,1000000.0,1.0,case_340,6.464986324310303,98475.6875,12.782271385192871,98379.6796875,pinn,4418,6.853953838348389,100777.6796875,13.293025970458984,100679.6796875
6.0,0.013590552844107151,-1.201576828956604,0.02876834012567997,-1.5542194843292236,100000.0,0.09999999999999999,case_341,2.2179887294769287,98983.03125,3.419989585876465,99017.25,pinn,4418,2.2791810035705566,101285.234375,3.281207323074341,101317.25
6.0,0.013386731967329979,-1.2437589168548584,0.027385840192437172,-1.571716070175171,200000.0,0.19999999999999998,case_342,2.2278897762298584,98959.671875,3.2981834411621094,98993.65625,pinn,4418,2.116535186767578,101262.5390625,3.0195505619049072,101293.65625
6.0,0.017165612429380417,-1.2983553409576416,0.028881320729851723,-1.5625783205032349,500000.0,0.5,case_343,2.810896396636963,98817.625,4.2247748374938965,98830.265625,pinn,4418,2.87792706489563,101122.2890625,4.148931980133057,101130.265625
6.0,0.019586920738220215,-1.3185571432113647,0.029025530442595482,-1.5831328630447388,1000000.0,1.0,case_344,6.363629341125488,98439.515625,13.620966911315918,98235.8046875,pinn,4418,6.857712745666504,100739.203125,14.10336685180664,100535.8046875
8.0,0.014889705926179886,-1.2510780096054077,0.035625871270895004,-1.8703467845916748,100000.0,0.09999999999999999,case_345,2.220022439956665,98978.3671875,3.528033971786499,99015.6796875,pinn,4418,2.6547491550445557,101278.96875,3.7162301540374756,101315.6796875
8.0,0.014038301073014736,-1.3040632009506226,0.031933750957250595,-1.844697117805481,200000.0,0.19999999999999998,case_346,2.1699187755584717,98951.1640625,3.373854875564575,98988.21875,pinn,4418,2.2865889072418213,101252.2578125,3.327519655227661,101288.21875
8.0,0.017665542662143707,-1.395409345626831,0.03365868330001831,-1.8622310161590576,500000.0,0.5,case_347,3.1339497566223145,98774.4921875,4.7144927978515625,98792.921875,pinn,4418,3.366694688796997,101074.953125,4.734734535217285,101092.921875
8.0,0.017166225239634514,-1.3800427913665771,0.029175033792853355,-1.8681128025054932,1000000.0,1.0,case_348,6.900105953216553,98419.0,16.9869384765625,98093.7421875,pinn,4418,7.168635368347168,100713.8515625,17.005964279174805,100393.7421875
10.0,0.018732145428657532,-1.2775135040283203,0.049306198954582214,-2.247802734375,100000.0,0.09999999999999999,case_349,2.526397943496704,98970.84375,3.9891059398651123,99013.796875,pinn,4418,2.9943926334381104,101267.984375,4.345082759857178,101313.796875
10.0,0.018032779917120934,-1.3420159816741943,0.04326243698596954,-2.2079880237579346,200000.0,0.19999999999999998,case_350,2.3452587127685547,98938.078125,3.924161911010742,98980.9765625,pinn,4418,2.5544445514678955,101235.2109375,4.1081414222717285,101280.9765625
10.0,0.01840863935649395,-1.4667335748672485,0.04037332534790039,-2.2291321754455566,500000.0,0.5,case_351,3.973329782485962,98729.6875,6.4023261070251465,98747.1953125,pinn,4418,4.31933069229126,101025.7421875,6.611592769622803,101047.1953125
10.0,0.01591874472796917,-1.4108792543411255,0.03553630784153938,-2.236372709274292,1000000.0,1.0,case_352,7.708430767059326,98411.4765625,23.245845794677734,97910.171875,pinn,4418,7.665984630584717,100702.8984375,22.75668716430664,100210.171875
-4.0,0.0547451414167881,-1.006847858428955,0.07274963706731796,-1.2189357280731201,100000.0,0.09999999999999999,case_161,5.968992233276367,98948.3046875,9.165815353393555,99018.921875,fno,0018,5.587775230407715,101252.8984375,8.818951606750488,101318.921875
-4.0,0.05697498098015785,-0.9959584474563599,0.0757477879524231,-1.2355269193649292,200000.0,0.19999999999999998,case_162,5.114616394042969,98948.234375,7.884139060974121,99000.3671875,fno,0018,4.786572456359863,101252.71875,7.561219215393066,101300.3671875
-4.0,0.05866971239447594,-0.9604870080947876,0.07844994217157364,-1.2327896356582642,500000.0,0.5,case_163,8.132258415222168,98945.90625,12.344326972961426,98871.3671875,fno,0018,8.155715942382812,101249.984375,12.446308135986328,101171.3671875
-4.0,0.06879854947328568,-0.8345596790313721,0.09372768551111221,-1.2370320558547974,1000000.0,1.0,case_164,37.865966796875,98929.2890625,63.0783576965332,98408.3359375,fno,0018,37.944305419921875,101232.34375,63.224178314208984,100708.3359375
-2.0,0.03257782384753227,-0.966217041015625,0.04552428051829338,-0.8769860863685608,100000.0,0.09999999999999999,case_165,6.213292121887207,98946.46875,9.595816612243652,99020.625,fno,0018,5.879147529602051,101250.6015625,9.286622047424316,101320.625
-2.0,0.03333473205566406,-0.9497089982032776,0.04650043323636055,-0.8815358877182007,200000.0,0.19999999999999998,case_166,5.4423346519470215,98944.828125,8.49434757232666,99007.421875,fno,0018,5.143001079559326,101248.8046875,8.206875801086426,101307.421875
-2.0,0.03795993700623512,-0.8844441175460815,0.052705999463796616,-0.8891746997833252,500000.0,0.5,case_167,5.406644821166992,98936.109375,8.315677642822266,98914.1875,fno,0018,5.420234203338623,101239.671875,8.354887962341309,101214.1875
-2.0,0.055896561592817307,-0.6066967844963074,0.07770819962024689,-0.8917175531387329,1000000.0,1.0,case_168,27.521976470947266,98916.953125,46.580345153808594,98580.4765625,fno,0018,27.50670623779297,101218.84375,46.617942810058594,100880.4765625
0.0,0.0245736762881279,-0.8948313593864441,0.041863519698381424,-0.6464337706565857,100000.0,0.09999999999999999,case_169,6.727138042449951,98937.8203125,10.5381441116333,99021.78125,fno,0018,6.477133750915527,101241.4765625,10.289971351623535,101321.78125
0.0,0.0242572333663702,-0.8645135760307312,0.040491923689842224,-0.6505343914031982,200000.0,0.19999999999999998,case_170,6.176755428314209,98933.21875,9.769376754760742,99012.03125,fno,0018,5.9548726081848145,101236.5546875,9.546576499938965,101312.03125
0.0,0.026033036410808563,-0.7050542831420898,0.040487490594387054,-0.6558327674865723,500000.0,0.5,case_171,4.073679447174072,98919.140625,6.629900932312012,98943.265625,fno,0018,4.053508281707764,101221.3828125,6.560881614685059,101243.265625
0.0,0.04909832030534744,-0.6606603264808655,0.06945857405662537,-0.6576074957847595,1000000.0,1.0,case_172,21.93994903564453,98916.6171875,36.43154525756836,98697.1796875,fno,0018,21.855955123901367,101217.0390625,36.31500244140625,100997.1796875
2.0,0.030849169939756393,-0.7307864427566528,0.055159930139780045,-0.762477457523346,100000.0,0.09999999999999999,case_173,7.921511173248291,98920.515625,12.574213981628418,99021.1953125,fno,0018,7.807919502258301,101222.890625,12.426641464233398,101321.1953125
2.0,0.028750134631991386,-0.6615438461303711,0.05010560527443886,-0.7658236622810364,200000.0,0.19999999999999998,case_174,7.707379341125488,98917.7421875,12.281341552734375,99009.7265625,fno,0018,7.630396366119385,101219.8125,12.16695499420166,101309.7265625
2.0,0.025928432121872902,-0.621124804019928,0.04176599532365799,-0.7655248045921326,500000.0,0.5,case_175,5.280195236206055,98913.3203125,9.241209030151367,98929.59375,fno,0018,5.266400337219238,101214.03125,9.211906433105469,101229.59375
2.0,0.05089866369962692,-0.8115121126174927,0.0711934044957161,-0.7659021019935608,1000000.0,1.0,case_176,21.687013626098633,98904.6328125,35.964481353759766,98643.1953125,fno,0018,21.615842819213867,101205.125,35.79763412475586,100943.1953125
4.0,0.037435129284858704,-0.6112184524536133,0.06626026332378387,-1.0903304815292358,100000.0,0.09999999999999999,case_177,9.590750694274902,98913.4921875,15.424487113952637,99019.5625,fno,0018,9.61135482788086,101214.34375,15.412531852722168,101319.5625
4.0,0.03394778445363045,-0.6375540494918823,0.060646556317806244,-1.0976961851119995,200000.0,0.19999999999999998,case_178,9.13259506225586,98914.5,14.843914985656738,99003.109375,fno,0018,9.166851043701172,101215.0703125,14.866379737854004,101303.109375
4.0,0.028705880045890808,-0.74085533618927,0.047771841287612915,-1.1016205549240112,500000.0,0.5,case_179,5.862610816955566,98919.90625,10.664791107177734,98887.7109375,fno,0018,5.865787506103516,101219.984375,10.687874794006348,101187.7109375
4.0,0.057543061673641205,-1.0646659135818481,0.08141648024320602,-1.1029187440872192,1000000.0,1.0,case_180,24.139116287231445,98859.640625,41.481040954589844,98475.1953125,fno,0018,24.036832809448242,101160.8515625,41.31008529663086,100775.1953125
6.0,0.0401289276778698,-0.7225555777549744,0.07515180110931396,-1.4616591930389404,100000.0,0.09999999999999999,case_181,10.241822242736816,98922.53125,17.06369400024414,99017.7109375,fno,0018,10.27043342590332,101222.7890625,17.15296745300293,101317.7109375
6.0,0.03627055138349533,-0.7717400193214417,0.06673923134803772,-1.4717822074890137,200000.0,0.19999999999999998,case_182,9.482490539550781,98913.359375,16.042646408081055,98995.65625,fno,0018,9.519952774047852,101213.625,16.152769088745117,101295.65625
6.0,0.03140304237604141,-0.9626289010047913,0.05094204097986221,-1.4788645505905151,500000.0,0.5,case_183,5.147894382476807,98877.609375,9.57234001159668,98840.6953125,fno,0018,5.213236331939697,101178.6171875,9.61378288269043,101140.6953125
6.0,0.057360757142305374,-1.3822851181030273,0.0815119668841362,-1.481337547302246,1000000.0,1.0,case_184,27.45871925354004,98804.90625,48.66973876953125,98286.5546875,fno,0018,27.247468948364258,101107.0,48.470516204833984,100586.5546875
8.0,0.03948189690709114,-0.9350034594535828,0.07318425178527832,-2.0007224082946777,100000.0,0.09999999999999999,case_185,11.724575996398926,98882.375,19.73235511779785,99015.0234375,fno,0018,11.85992431640625,101183.3125,19.906963348388672,101315.0234375
8.0,0.03534574434161186,-1.0074349641799927,0.0632571130990982,-1.9146363735198975,200000.0,0.19999999999999998,case_186,11.195765495300293,98869.78125,18.67922019958496,98986.8203125,fno,0018,11.35637378692627,101170.8984375,18.871488571166992,101286.8203125
8.0,0.03466757759451866,-1.2375935316085815,0.05697491765022278,-1.926788330078125,500000.0,0.5,case_187,6.111568927764893,98827.1953125,9.743102073669434,98784.875,fno,0018,6.310392379760742,101128.7890625,9.89049243927002,101084.875
8.0,0.04650699719786644,-1.814325213432312,0.0689607709646225,-1.9319795370101929,1000000.0,1.0,case_188,26.11942481994629,98635.21875,47.101016998291016,98061.90625,fno,0018,25.8692626953125,100937.90625,46.92765808105469,100361.90625
10.0,0.037489790469408035,-1.2071797847747803,0.070840984582901,-2.61169171333313,100000.0,0.09999999999999999,case_189,16.08925437927246,98833.1796875,25.406055450439453,99011.984375,fno,0018,16.318078994750977,101134.6796875,25.64153480529785,101311.984375
10.0,0.03543458878993988,-1.2858335971832275,0.06691248714923859,-2.6467180252075195,200000.0,0.19999999999999998,case_190,15.99743366241455,98817.34375,24.56285858154297,98972.2265625,fno,0018,16.270912170410156,101119.1328125,24.824323654174805,101272.2265625
10.0,0.03549940884113312,-1.713343858718872,0.0589979849755764,-2.563192129135132,500000.0,0.5,case_191,11.974241256713867,98724.40625,16.681509017944336,98705.5625,fno,0018,12.365519523620605,101028.703125,17.01055908203125,101005.5625
10.0,0.04354369267821312,-2.1129214763641357,0.06708412617444992,-2.571063995361328,1000000.0,1.0,case_192,20.012924194335938,98356.4296875,35.43586730957031,97743.328125,fno,0018,19.8253173828125,100659.171875,35.402835845947266,100043.328125
-4.0,0.01699805073440075,-0.9908609986305237,0.026371145620942116,-0.9701445698738098,100000.0,0.09999999999999999,case_321,7.44846773147583,98937.8671875,11.273504257202148,99020.1640625,fno,4418,7.105854034423828,101241.9921875,10.958349227905273,101320.1640625
-4.0,0.01644379273056984,-0.9800414443016052,0.025510596111416817,-0.9725756049156189,200000.0,0.19999999999999998,case_322,6.636473178863525,98936.0234375,10.038593292236328,99005.609375,fno,4418,6.326196193695068,101240.0703125,9.749852180480957,101305.609375
-4.0,0.01586097665131092,-0.933632493019104,0.023879747837781906,-0.9761890172958374,500000.0,0.5,case_323,4.162947654724121,98927.75,5.9245781898498535,98903.34375,fno,4418,4.227797985076904,101231.4140625,6.03812313079834,101203.34375
-4.0,0.026958700269460678,-0.6895908117294312,0.04154002666473389,-0.97740238904953,1000000.0,1.0,case_324,23.81049346923828,98912.4609375,40.85818862915039,98537.765625,fno,4418,23.847442626953125,101215.0078125,40.947261810302734,100837.765625
-2.0,0.03067907877266407,-0.9398963451385498,0.04767727851867676,-0.7195397615432739,100000.0,0.09999999999999999,case_325,7.884134769439697,98929.0,12.16284465789795,99021.4140625,fno,4418,7.634402275085449,101232.7265625,11.907302856445312,101321.4140625
-2.0,0.02872738428413868,-0.9212328791618347,0.044550858438014984,-0.7247242331504822,200000.0,0.19999999999999998,case_326,7.272247314453125,98925.7578125,11.225000381469727,99010.546875,fno,4418,7.0594682693481445,101229.296875,10.999363899230957,101310.546875
-2.0,0.019692104309797287,-0.7996551394462585,0.03070511668920517,-0.727631688117981,500000.0,0.5,case_327,4.424725532531738,98916.0,6.7133870124816895,98934.3203125,fno,4418,4.409974575042725,101218.6953125,6.671579837799072,101234.3203125
-2.0,0.023225918412208557,-0.7493159770965576,0.03511825203895569,-0.7285969257354736,1000000.0,1.0,case_328,22.0457763671875,98907.46875,38.070884704589844,98661.796875,fno,4418,22.01991081237793,101208.328125,38.007083892822266,100961.796875
0.0,0.047668032348155975,-0.8235718011856079,0.07142221182584763,-0.87433260679245,100000.0,0.09999999999999999,case_329,8.898092269897461,98917.1171875,14.051053047180176,99020.640625,fno,4418,8.790364265441895,101219.9375,13.899091720581055,101320.640625
0.0,0.04363791272044182,-0.7532821893692017,0.06498496234416962,-0.8819493651390076,200000.0,0.19999999999999998,case_330,8.544092178344727,98914.609375,13.491866111755371,99007.4140625,fno,4418,8.471475601196289,101217.109375,13.378153800964355,101307.4140625
0.0,0.025690952315926552,-0.7016308307647705,0.039264798164367676,-0.8865193128585815,500000.0,0.5,case_331,6.48555850982666,98905.640625,10.287059783935547,98914.515625,fno,4418,6.497745037078857,101206.9765625,10.271034240722656,101214.515625
0.0,0.02429485321044922,-0.8989917635917664,0.03561830520629883,-0.8916777968406677,1000000.0,1.0,case_332,25.55051612854004,98898.4921875,44.08274459838867,98580.5,fno,4418,25.498638153076172,101198.6328125,43.929500579833984,100880.5
2.0,0.055363841354846954,-0.6892032623291016,0.08237134665250778,-1.0407326221466064,100000.0,0.09999999999999999,case_333,10.400703430175781,98906.7421875,16.881338119506836,99019.8125,fno,4418,10.421043395996094,101208.2734375,16.87867546081543,101319.8125
2.0,0.04861271753907204,-0.7220192551612854,0.07315150648355484,-1.0498006343841553,200000.0,0.19999999999999998,case_334,9.847076416015625,98905.2734375,16.052671432495117,99004.0703125,fno,4418,9.874978065490723,101206.3203125,16.086578369140625,101304.0703125
2.0,0.02680901251733303,-0.8357191681861877,0.043958887457847595,-1.0569819211959839,500000.0,0.5,case_335,6.667313098907471,98909.734375,11.4685640335083,98893.2734375,fno,4418,6.6526618003845215,101209.7265625,11.500855445861816,101193.2734375
2.0,0.031094886362552643,-1.0698374509811401,0.046358074992895126,-1.0593684911727905,1000000.0,1.0,case_336,31.449703216552734,98865.2890625,52.91263961791992,98496.90625,fno,4418,31.29625701904297,101166.0625,52.64731979370117,100796.90625
4.0,0.055869705975055695,-0.8198160529136658,0.08749988675117493,-1.2719402313232422,100000.0,0.09999999999999999,case_337,11.083532333374023,98912.6015625,18.732738494873047,99018.65625,fno,4418,11.106990814208984,101212.59375,18.85008430480957,101318.65625
4.0,0.04765668511390686,-0.8618438839912415,0.07613576948642731,-1.2816779613494873,200000.0,0.19999999999999998,case_338,10.196151733398438,98904.921875,17.30766487121582,98999.4453125,fno,4418,10.225883483886719,101204.96875,17.453571319580078,101299.4453125
4.0,0.022099904716014862,-1.0043268203735352,0.03685329109430313,-1.2913310527801514,500000.0,0.5,case_339,4.952007293701172,98878.3671875,9.123772621154785,98864.0703125,fno,4418,4.914551258087158,101178.875,9.135178565979004,101164.0703125
4.0,0.03596971556544304,-1.3440501689910889,0.05402176454663277,-1.2945215702056885,1000000.0,1.0,case_340,37.98899841308594,98818.8359375,62.04702377319336,98379.6796875,fno,4418,37.6605110168457,101120.0546875,61.68844223022461,100679.6796875
6.0,0.050306275486946106,-0.9862205982208252,0.08055819571018219,-1.5542194843292236,100000.0,0.09999999999999999,case_341,12.731687545776367,98881.9609375,21.407791137695312,99017.25,fno,4418,12.864521026611328,101182.390625,21.640125274658203,101317.25
6.0,0.04242182895541191,-1.033756971359253,0.06793010234832764,-1.571716070175171,200000.0,0.19999999999999998,case_342,11.84617805480957,98872.609375,19.70867156982422,98993.65625,fno,4418,11.9995756149292,101173.21875,19.96442985534668,101293.65625
6.0,0.019992804154753685,-1.2262685298919678,0.031330011785030365,-1.5625783205032349,500000.0,0.5,case_343,4.20391845703125,98839.8671875,6.516254425048828,98830.265625,fno,4418,4.188608169555664,101140.8046875,6.542895793914795,101130.265625
6.0,0.027903608977794647,-1.7808208465576172,0.04761774465441704,-1.5831328630447388,1000000.0,1.0,case_344,41.838565826416016,98681.3515625,66.97860717773438,98235.8046875,fno,4418,41.22992706298828,100983.609375,66.50293731689453,100535.8046875
8.0,0.041786741465330124,-1.1939915418624878,0.0679263100028038,-1.8703467845916748,100000.0,0.09999999999999999,case_345,17.233247756958008,98845.453125,27.0063533782959,99015.6796875,fno,4418,17.437957763671875,101146.3359375,27.315284729003906,101315.6796875
8.0,0.03312807157635689,-1.2786259651184082,0.05440998077392578,-1.844697117805481,200000.0,0.19999999999999998,case_346,16.581722259521484,98830.6640625,25.523134231567383,98988.21875,fno,4418,16.816070556640625,101131.703125,25.85088348388672,101288.21875
8.0,0.02428722009062767,-1.5774296522140503,0.03871293365955353,-1.8622310161590576,500000.0,0.5,case_347,6.71326208114624,98781.6875,9.031615257263184,98792.921875,fno,4418,7.077925205230713,101083.390625,9.42377758026123,101092.921875
8.0,0.0291215218603611,-2.0971760749816895,0.05049680545926094,-1.8681128025054932,1000000.0,1.0,case_348,32.55506896972656,98418.1171875,50.82881164550781,98093.7421875,fno,4418,32.11127853393555,100720.59375,50.56378936767578,100393.7421875
10.0,0.043234556913375854,-1.5240204334259033,0.0699305385351181,-2.247802734375,100000.0,0.09999999999999999,case_349,24.59368324279785,98790.015625,36.29811096191406,99013.796875,fno,4418,25.048336029052734,101091.8984375,36.757808685302734,101313.796875
10.0,0.03804590180516243,-1.6647857427597046,0.060889728367328644,-2.2079880237579346,200000.0,0.19999999999999998,case_350,25.020936965942383,98736.53125,36.53841781616211,98980.9765625,fno,4418,25.566415786743164,101038.5625,37.03879165649414,101280.9765625
10.0,0.038601454347372055,-1.9735110998153687,0.058213114738464355,-2.2291321754455566,500000.0,0.5,case_351,20.499475479125977,98520.84375,30.03108787536621,98747.1953125,fno,4418,21.08167839050293,100823.40625,30.462512969970703,101047.1953125
10.0,0.03216327726840973,-2.3755698204040527,0.05211290344595909,-2.236372709274292,1000000.0,1.0,case_352,21.828067779541016,98169.4609375,32.26538848876953,97910.171875,fno,4418,21.762779235839844,100474.09375,32.242515563964844,100210.171875
-4.0,0.02754577435553074,-0.5375574827194214,0.05477374419569969,-1.2189357280731201,100000.0,0.09999999999999999,case_161,1.9920384883880615,99008.296875,2.790072441101074,99018.921875,deeponet,0018,2.325819492340088,101307.5,3.065361261367798,101318.921875
-4.0,0.028122717514634132,-0.5420816540718079,0.055779557675123215,-1.2355269193649292,200000.0,0.19999999999999998,case_162,2.456294059753418,98993.7734375,3.6043407917022705,99000.3671875,deeponet,0018,2.8888957500457764,101292.3671875,4.0369133949279785,101300.3671875
-4.0,0.02739519253373146,-0.5643981099128723,0.05476903170347214,-1.2327896356582642,500000.0,0.5,case_163,3.7014899253845215,98932.484375,6.5118865966796875,98871.3671875,deeponet,0018,3.883059501647949,101229.890625,6.910745143890381,101171.3671875
-4.0,0.0280819870531559,-0.630911648273468,0.05520344898104668,-1.2370320558547974,1000000.0,1.0,case_164,19.161230087280273,98801.6171875,33.420806884765625,98408.3359375,deeponet,0018,18.18882179260254,101099.6328125,32.89767837524414,100708.3359375
-2.0,0.025426115840673447,-0.42976900935173035,0.04924516752362251,-0.8769860863685608,100000.0,0.09999999999999999,case_165,1.1302452087402344,99012.3671875,1.7451759576797485,99020.625,deeponet,0018,1.2826125621795654,101313.6171875,1.7190337181091309,101320.625
-2.0,0.025543535128235817,-0.43133819103240967,0.04967251792550087,-0.8815358877182007,200000.0,0.19999999999999998,case_166,1.5014233589172363,99005.0703125,2.3383851051330566,99007.421875,deeponet,0018,1.699509859085083,101305.3125,2.3795034885406494,101307.421875
-2.0,0.025571594014763832,-0.4448310136795044,0.04992444068193436,-0.8891746997833252,500000.0,0.5,case_167,3.4365785121917725,98953.15625,6.022363662719727,98914.1875,deeponet,0018,3.3830673694610596,101251.7265625,6.175701141357422,101214.1875
-2.0,0.025044873356819153,-0.5001370906829834,0.049165915697813034,-0.8917175531387329,1000000.0,1.0,case_168,15.217758178710938,98835.5625,27.267566680908203,98580.4765625,deeponet,0018,14.577420234680176,101134.1640625,26.993085861206055,100880.4765625
0.0,0.02490457147359848,-0.39023327827453613,0.047225963324308395,-0.6464337706565857,100000.0,0.09999999999999999,case_169,0.8121294975280762,99014.3671875,1.3157806396484375,99021.78125,deeponet,0018,0.8731140494346619,101315.4765625,1.2696398496627808,101321.78125
0.0,0.025082692503929138,-0.38803258538246155,0.047647781670093536,-0.6505343914031982,200000.0,0.19999999999999998,case_170,1.0409828424453735,99005.6953125,1.743773341178894,99012.03125,deeponet,0018,1.0502578020095825,101307.234375,1.665784239768982,101312.03125
0.0,0.025149762630462646,-0.39944911003112793,0.047744959592819214,-0.6558327674865723,500000.0,0.5,case_171,3.352893590927124,98960.828125,5.873257637023926,98943.265625,deeponet,0018,3.246558427810669,101262.7265625,5.939711570739746,101243.265625
0.0,0.024617215618491173,-0.4204951524734497,0.0469198077917099,-0.6576074957847595,1000000.0,1.0,case_172,13.060932159423828,98829.1328125,24.34371566772461,98697.1796875,deeponet,0018,12.674385070800781,101128.0546875,24.171043395996094,100997.1796875
2.0,0.02487262338399887,-0.5172628164291382,0.047256533056497574,-0.762477457523346,100000.0,0.09999999999999999,case_173,0.7192538380622864,99017.265625,0.9498169422149658,99021.1953125,deeponet,0018,0.746971070766449,101318.0859375,0.9885916709899902,101321.1953125
2.0,0.025140995159745216,-0.5177736282348633,0.047594454139471054,-0.7658236622810364,200000.0,0.19999999999999998,case_174,0.9254783391952515,99007.1875,1.3514238595962524,99009.7265625,deeponet,0018,0.9172678589820862,101308.484375,1.3382618427276611,101309.7265625
2.0,0.025393007323145866,-0.5354676842689514,0.04763241857290268,-0.7655248045921326,500000.0,0.5,case_175,3.3312735557556152,98948.71875,5.912294864654541,98929.59375,deeponet,0018,3.2535603046417236,101250.2265625,5.959885120391846,101229.59375
2.0,0.02518080547451973,-0.5491082072257996,0.04768857732415199,-0.7659021019935608,1000000.0,1.0,case_176,12.520459175109863,98752.5625,23.50963592529297,98643.1953125,deeponet,0018,12.276389122009277,101051.9453125,23.36159896850586,100943.1953125
4.0,0.025284644216299057,-0.6749148964881897,0.04868524149060249,-1.0903304815292358,100000.0,0.09999999999999999,case_177,0.5086515545845032,99019.4609375,0.6399548649787903,99019.5625,deeponet,0018,0.5354542136192322,101319.9296875,0.727634608745575,101319.5625
4.0,0.025560986250638962,-0.6782292127609253,0.04889477416872978,-1.0976961851119995,200000.0,0.19999999999999998,case_178,0.8295453786849976,99007.90625,1.1541666984558105,99003.109375,deeponet,0018,0.7915768027305603,101308.890625,1.1844606399536133,101303.109375
4.0,0.02599911019206047,-0.6940711140632629,0.04901361092925072,-1.1016205549240112,500000.0,0.5,case_179,3.315147638320923,98931.8515625,6.018248558044434,98887.7109375,deeponet,0018,3.28218412399292,101233.1328125,6.050871849060059,101187.7109375
4.0,0.02602572739124298,-0.6883310079574585,0.050079986453056335,-1.1029187440872192,1000000.0,1.0,case_180,12.839492797851562,98651.96875,23.668542861938477,98475.1953125,deeponet,0018,12.524694442749023,100952.96875,23.51487159729004,100775.1953125
6.0,0.02595476061105728,-0.8552835583686829,0.051207203418016434,-1.4616591930389404,100000.0,0.09999999999999999,case_181,0.3390566110610962,99019.3125,0.4403117001056671,99017.7109375,deeponet,0018,0.3690803349018097,101319.2890625,0.5128542184829712,101317.7109375
6.0,0.026357105001807213,-0.8618127703666687,0.05143754556775093,-1.4717822074890137,200000.0,0.19999999999999998,case_182,0.7439715266227722,99005.796875,1.1185113191604614,98995.65625,deeponet,0018,0.6682295203208923,101306.34375,1.1058913469314575,101295.65625
6.0,0.02693062089383602,-0.8733984231948853,0.05172842741012573,-1.4788645505905151,500000.0,0.5,case_183,3.3869452476501465,98908.8828125,6.270640850067139,98840.6953125,deeponet,0018,3.356525421142578,101210.078125,6.244296550750732,101140.6953125
6.0,0.026654962450265884,-0.8581790924072266,0.052683889865875244,-1.481337547302246,1000000.0,1.0,case_184,13.653148651123047,98545.984375,24.891923904418945,98286.5546875,deeponet,0018,13.226838111877441,100848.640625,24.729312896728516,100586.5546875
8.0,0.02707679010927677,-1.0461204051971436,0.05631677061319351,-2.0007224082946777,100000.0,0.09999999999999999,case_185,0.462264746427536,99016.2265625,0.5942901372909546,99015.0234375,deeponet,0018,0.5370471477508545,101315.5078125,0.7124978303909302,101315.0234375
8.0,0.027756240218877792,-1.0565165281295776,0.055575478821992874,-1.9146363735198975,200000.0,0.19999999999999998,case_186,0.733664333820343,99000.1953125,1.1529793739318848,98986.8203125,deeponet,0018,0.6873833537101746,101300.1484375,1.1190905570983887,101286.8203125
8.0,0.028330480679869652,-1.071697473526001,0.05574159324169159,-1.926788330078125,500000.0,0.5,case_187,3.606853723526001,98883.1171875,6.7923583984375,98784.875,deeponet,0018,3.56831955909729,101183.9609375,6.7069315910339355,101084.875
8.0,0.02705300599336624,-1.0600602626800537,0.05544104799628258,-1.9319795370101929,1000000.0,1.0,case_188,14.359757423400879,98450.6328125,26.947460174560547,98061.90625,deeponet,0018,14.051806449890137,100753.484375,26.904155731201172,100361.90625
10.0,0.028944866731762886,-1.2364850044250488,0.0625784620642662,-2.61169171333313,100000.0,0.09999999999999999,case_189,1.0422983169555664,99010.59375,1.3711059093475342,99011.984375,deeponet,0018,1.1545826196670532,101309.0234375,1.5990641117095947,101311.984375
10.0,0.02942022867500782,-1.2512116432189941,0.06300637125968933,-2.6467180252075195,200000.0,0.19999999999999998,case_190,0.9672169089317322,98991.96875,1.4794379472732544,98972.2265625,deeponet,0018,1.0619765520095825,101291.1796875,1.6144180297851562,101272.2265625
10.0,0.030741937458515167,-1.2819911241531372,0.06183702126145363,-2.563192129135132,500000.0,0.5,case_191,3.8751449584960938,98858.4296875,7.521868705749512,98705.5625,deeponet,0018,3.889495849609375,101158.578125,7.46799898147583,101005.5625
10.0,0.028186941519379616,-1.2789815664291382,0.059951651841402054,-2.571063995361328,1000000.0,1.0,case_192,15.08355712890625,98375.2109375,30.02077865600586,97743.328125,deeponet,0018,15.191285133361816,100677.3984375,30.213964462280273,100043.328125
-4.0,0.023285241797566414,-0.4431208074092865,0.047574155032634735,-0.9701445698738098,100000.0,0.09999999999999999,case_321,0.8480290174484253,99021.0703125,1.0606796741485596,99020.1640625,deeponet,4418,0.8881093263626099,101319.53125,1.0826849937438965,101320.1640625
-4.0,0.023646634072065353,-0.42787787318229675,0.04755120351910591,-0.9725756049156189,200000.0,0.19999999999999998,case_322,1.213555097579956,99010.5625,1.5480051040649414,99005.609375,deeponet,4418,1.0147472620010376,101310.4609375,1.3515390157699585,101305.609375
-4.0,0.023837527260184288,-0.428252637386322,0.046722691506147385,-0.9761890172958374,500000.0,0.5,case_323,3.678863525390625,98955.578125,6.1165900230407715,98903.34375,deeponet,4418,3.6856250762939453,101254.671875,6.153316974639893,101203.34375
-4.0,0.024441568180918694,-0.4890245795249939,0.0451325923204422,-0.97740238904953,1000000.0,1.0,case_324,11.815858840942383,98825.3359375,24.06730079650879,98537.765625,deeponet,4418,11.739055633544922,101122.5078125,24.14122200012207,100837.765625
-2.0,0.020607398822903633,-0.5785014033317566,0.0429636612534523,-0.7195397615432739,100000.0,0.09999999999999999,case_325,0.6467779874801636,99022.875,0.7824198603630066,99021.4140625,deeponet,4418,0.7841673493385315,101321.0234375,1.0482630729675293,101321.4140625
-2.0,0.020964061841368675,-0.5632659792900085,0.04307367652654648,-0.7247242331504822,200000.0,0.19999999999999998,case_326,0.7038215398788452,99011.203125,0.9961669445037842,99010.546875,deeponet,4418,0.6357033848762512,101310.078125,0.9830225706100464,101310.546875
-2.0,0.02070918306708336,-0.5508848428726196,0.04209137707948685,-0.727631688117981,500000.0,0.5,case_327,3.0579986572265625,98946.953125,5.347429275512695,98934.3203125,deeponet,4418,2.9969327449798584,101246.40625,5.289316177368164,101234.3203125
-2.0,0.019837362691760063,-0.6379350423812866,0.03948624059557915,-0.7285969257354736,1000000.0,1.0,case_328,10.590481758117676,98759.6875,21.67849349975586,98661.796875,deeponet,4418,10.732730865478516,101056.0859375,21.850542068481445,100961.796875
0.0,0.01848444528877735,-0.7455461025238037,0.0393754281103611,-0.87433260679245,100000.0,0.09999999999999999,case_329,0.5380672216415405,99023.6171875,0.6860694885253906,99020.640625,deeponet,4418,0.6923990845680237,101322.578125,0.9028930068016052,101320.640625
0.0,0.018879562616348267,-0.7314031720161438,0.03968588635325432,-0.8819493651390076,200000.0,0.19999999999999998,case_330,0.5431681275367737,99011.40625,0.8545822501182556,99007.4140625,deeponet,4418,0.6346649527549744,101309.859375,0.9341631531715393,101307.4140625
0.0,0.018265705555677414,-0.7210608720779419,0.0387427881360054,-0.8865193128585815,500000.0,0.5,case_331,2.746218681335449,98930.4140625,4.950998306274414,98914.515625,deeponet,4418,2.663726568222046,101228.5234375,4.856954574584961,101214.515625
0.0,0.017380647361278534,-0.8248894810676575,0.036772992461919785,-0.8916777968406677,1000000.0,1.0,case_332,9.856704711914062,98670.1484375,20.18220329284668,98580.5,deeponet,4418,10.02760124206543,100966.234375,20.39645004272461,100880.5
2.0,0.01680738665163517,-0.9353184700012207,0.03684033080935478,-1.0407326221466064,100000.0,0.09999999999999999,case_333,0.590583860874176,99023.7890625,0.9445682168006897,99019.8125,deeponet,4418,0.7341017127037048,101323.2578125,0.9380689859390259,101319.8125
2.0,0.017024312168359756,-0.9248418807983398,0.03713834285736084,-1.0498006343841553,200000.0,0.19999999999999998,case_334,0.6777694225311279,99011.1328125,1.1313703060150146,99004.0703125,deeponet,4418,0.7618759870529175,101309.453125,1.1054056882858276,101304.0703125
2.0,0.016442138701677322,-0.9166587591171265,0.036548271775245667,-1.0569819211959839,500000.0,0.5,case_335,2.503000497817993,98910.2265625,4.673567295074463,98893.2734375,deeponet,4418,2.4386119842529297,101207.2265625,4.584148406982422,101193.2734375
2.0,0.016068411991000175,-0.997978150844574,0.03499756380915642,-1.0593684911727905,1000000.0,1.0,case_336,8.868080139160156,98560.6015625,18.841018676757812,98496.90625,deeponet,4418,8.936918258666992,100857.4296875,19.053909301757812,100796.90625
4.0,0.015602759085595608,-1.1342817544937134,0.03420775383710861,-1.2719402313232422,100000.0,0.09999999999999999,case_337,0.8143211007118225,99022.8046875,1.3119207620620728,99018.65625,deeponet,4418,0.899977445602417,101322.96875,1.2091283798217773,101318.65625
4.0,0.01581937074661255,-1.1287550926208496,0.03463498875498772,-1.2816779613494873,200000.0,0.19999999999999998,case_338,0.8789400458335876,99009.3671875,1.4826706647872925,98999.4453125,deeponet,4418,0.955411434173584,101307.6796875,1.399412751197815,101299.4453125
4.0,0.01595856249332428,-1.1181178092956543,0.03498763591051102,-1.2913310527801514,500000.0,0.5,case_339,2.2019171714782715,98884.71875,4.306995868682861,98864.0703125,deeponet,4418,2.1498570442199707,101181.140625,4.274088382720947,101164.0703125
4.0,0.016363685950636864,-1.1636967658996582,0.034094035625457764,-1.2945215702056885,1000000.0,1.0,case_340,8.39922046661377,98447.78125,17.849592208862305,98379.6796875,deeponet,4418,8.247416496276855,100745.3828125,17.972280502319336,100679.6796875
6.0,0.016210919246077538,-1.3296465873718262,0.03294917941093445,-1.5542194843292236,100000.0,0.09999999999999999,case_341,1.0394524335861206,99021.2734375,1.5692729949951172,99017.25,deeponet,4418,1.1159002780914307,101321.3359375,1.4393253326416016,101317.25
6.0,0.0170495193451643,-1.3294644355773926,0.03398091346025467,-1.571716070175171,200000.0,0.19999999999999998,case_342,1.0517544746398926,99005.03125,1.6695469617843628,98993.65625,deeponet,4418,1.1629633903503418,101303.2890625,1.5761301517486572,101293.65625
6.0,0.017153993248939514,-1.3150818347930908,0.03473659232258797,-1.5625783205032349,500000.0,0.5,case_343,2.119314193725586,98855.546875,4.155768394470215,98830.265625,deeponet,4418,2.0882680416107178,101151.8046875,4.176273345947266,101130.265625
6.0,0.019566329196095467,-1.3352015018463135,0.035722214728593826,-1.5831328630447388,1000000.0,1.0,case_344,9.0620698928833,98347.4140625,17.712989807128906,98235.8046875,deeponet,4418,8.88300895690918,100644.9296875,17.763883590698242,100535.8046875
8.0,0.017976315692067146,-1.5141834020614624,0.034904882311820984,-1.8703467845916748,100000.0,0.09999999999999999,case_345,1.2528448104858398,99018.5234375,1.7529858350753784,99015.6796875,deeponet,4418,1.2237539291381836,101317.2890625,1.6384621858596802,101315.6796875
8.0,0.017639081925153732,-1.518434762954712,0.034319888800382614,-1.844697117805481,200000.0,0.19999999999999998,case_346,1.1062206029891968,98997.7421875,1.5422974824905396,98988.21875,deeponet,4418,1.104020357131958,101295.8125,1.4595547914505005,101288.21875
8.0,0.01934402622282505,-1.5046824216842651,0.03649473190307617,-1.8622310161590576,500000.0,0.5,case_347,2.571800470352173,98826.296875,4.511684894561768,98792.921875,deeponet,4418,2.5347483158111572,101122.421875,4.534008502960205,101092.921875
8.0,0.019994070753455162,-1.513291835784912,0.036850713193416595,-1.8681128025054932,1000000.0,1.0,case_348,9.881120681762695,98269.09375,18.61441993713379,98093.7421875,deeponet,4418,9.946175575256348,100565.578125,18.654020309448242,100393.7421875
10.0,0.021345654502511024,-1.6827340126037598,0.04143296554684639,-2.247802734375,100000.0,0.09999999999999999,case_349,1.587957501411438,99012.453125,2.115823984146118,99013.796875,deeponet,4418,1.5578839778900146,101310.5859375,2.08756160736084,101313.796875
10.0,0.020662909373641014,-1.6916687488555908,0.039412204176187515,-2.2079880237579346,200000.0,0.19999999999999998,case_350,1.3407140970230103,98988.0078125,1.6997805833816528,98980.9765625,deeponet,4418,1.3475812673568726,101285.78125,1.6988708972930908,101280.9765625
10.0,0.02215055748820305,-1.6892650127410889,0.04097926244139671,-2.2291321754455566,500000.0,0.5,case_351,3.1503067016601562,98799.28125,5.198115348815918,98747.1953125,deeponet,4418,3.1452479362487793,101095.203125,5.213333606719971,101047.1953125
10.0,0.02197730354964733,-1.6951124668121338,0.04108494892716408,-2.236372709274292,1000000.0,1.0,case_352,12.65251350402832,98211.328125,22.928157806396484,97910.171875,deeponet,4418,12.775042533874512,100506.40625,22.884075164794922,100210.171875
