id,naca,AoA,Re,U_inf,rho,nu,p_inf,p_vap,source
case_001,0006,-4.0,100000.0,0.09999999999999999,997.0,1e-06,101325.0,2300.0,openfoam
case_002,0006,-4.0,200000.0,0.19999999999999998,997.0,1e-06,101325.0,2300.0,openfoam
case_003,0006,-4.0,500000.0,0.5,997.0,1e-06,101325.0,2300.0,openfoam
case_004,0006,-4.0,1000000.0,1.0,997.0,1e-06,101325.0,2300.0,openfoam
case_005,0006,-2.0,100000.0,0.09999999999999999,997.0,1e-06,101325.0,2300.0,openfoam
case_006,0006,-2.0,200000.0,0.19999999999999998,997.0,1e-06,101325.0,2300.0,openfoam
case_007,0006,-2.0,500000.0,0.5,997.0,1e-06,101325.0,2300.0,openfoam
case_008,0006,-2.0,1000000.0,1.0,997.0,1e-06,101325.0,2300.0,openfoam
case_009,0006,0.0,100000.0,0.09999999999999999,997.0,1e-06,101325.0,2300.0,openfoam
case_010,0006,0.0,200000.0,0.19999999999999998,997.0,1e-06,101325.0,2300.0,openfoam
case_011,0006,0.0,500000.0,0.5,997.0,1e-06,101325.0,2300.0,openfoam
case_012,0006,0.0,1000000.0,1.0,997.0,1e-06,101325.0,2300.0,openfoam
case_013,0006,2.0,100000.0,0.09999999999999999,997.0,1e-06,101325.0,2300.0,openfoam
case_014,0006,2.0,200000.0,0.19999999999999998,997.0,1e-06,101325.0,2300.0,openfoam
case_015,0006,2.0,500000.0,0.5,997.0,1e-06,101325.0,2300.0,openfoam
case_016,0006,2.0,1000000.0,1.0,997.0,1e-06,101325.0,2300.0,openfoam
case_017,0006,4.0,100000.0,0.09999999999999999,997.0,1e-06,101325.0,2300.0,openfoam
case_018,0006,4.0,200000.0,0.19999999999999998,997.0,1e-06,101325.0,2300.0,openfoam
case_019,0006,4.0,500000.0,0.5,997.0,1e-06,101325.0,2300.0,openfoam
case_020,0006,4.0,1000000.0,1.0,997.0,1e-06,101325.0,2300.0,openfoam
case_021,0006,6.0,100000.0,0.09999999999999999,997.0,1e-06,101325.0,2300.0,openfoam
case_022,0006,6.0,200000.0,0.19999999999999998,997.0,1e-06,101325.0,2300.0,openfoam
case_023,0006,6.0,500000.0,0.5,997.0,1e-06,101325.0,2300.0,openfoam
case_024,0006,6.0,1000000.0,1.0,997.0,1e-06,101325.0,2300.0,openfoam
case_025,0006,8.0,100000.0,0.09999999999999999,997.0,1e-06,101325.0,2300.0,openfoam
case_026,0006,8.0,200000.0,0.19999999999999998,997.0,1e-06,101325.0,2300.0,openfoam
case_027,0006,8.0,500000.0,0.5,997.0,1e-06,101325.0,2300.0,openfoam
case_028,0006,8.0,1000000.0,1.0,997.0,1e-06,101325.0,2300.0,openfoam
case_029,0006,10.0,100000.0,0.09999999999999999,997.0,1e-06,101325.0,2300.0,openfoam
case_030,0006,10.0,200000.0,0.19999999999999998,997.0,1e-06,101325.0,2300.0,openfoam
case_031,0006,10.0,500000.0,0.5,997.0,1e-06,101325.0,2300.0,openfoam
case_032,0006,10.0,1000000.0,1.0,997.0,1e-06,101325.0,2300.0,openfoam
case_033,0008,-4.0,100000.0,0.09999999999999999,997.0,1e-06,101325.0,2300.0,openfoam
case_034,0008,-4.0,200000.0,0.19999999999999998,997.0,1e-06,101325.0,2300.0,openfoam
case_035,0008,-4.0,500000.0,0.5,997.0,1e-06,101325.0,2300.0,openfoam
case_036,0008,-4.0,1000000.0,1.0,997.0,1e-06,101325.0,2300.0,openfoam
case_037,0008,-2.0,100000.0,0.09999999999999999,997.0,1e-06,101325.0,2300.0,openfoam
case_038,0008,-2.0,200000.0,0.19999999999999998,997.0,1e-06,101325.0,2300.0,openfoam
case_039,0008,-2.0,500000.0,0.5,997.0,1e-06,101325.0,2300.0,openfoam
case_040,0008,-2.0,1000000.0,1.0,997.0,1e-06,101325.0,2300.0,openfoam
case_041,0008,0.0,100000.0,0.09999999999999999,997.0,1e-06,101325.0,2300.0,openfoam
case_042,0008,0.0,200000.0,0.19999999999999998,997.0,1e-06,101325.0,2300.0,openfoam
case_043,0008,0.0,500000.0,0.5,997.0,1e-06,101325.0,2300.0,openfoam
case_044,0008,0.0,1000000.0,1.0,997.0,1e-06,101325.0,2300.0,openfoam
case_045,0008,2.0,100000.0,0.09999999999999999,997.0,1e-06,101325.0,2300.0,openfoam
case_046,0008,2.0,200000.0,0.19999999999999998,997.0,1e-06,101325.0,2300.0,openfoam
case_047,0008,2.0,500000.0,0.5,997.0,1e-06,101325.0,2300.0,openfoam
case_048,0008,2.0,1000000.0,1.0,997.0,1e-06,101325.0,2300.0,openfoam
case_049,0008,4.0,100000.0,0.09999999999999999,997.0,1e-06,101325.0,2300.0,openfoam
case_050,0008,4.0,200000.0,0.19999999999999998,997.0,1e-06,101325.0,2300.0,openfoam
case_051,0008,4.0,500000.0,0.5,997.0,1e-06,101325.0,2300.0,openfoam
case_052,0008,4.0,1000000.0,1.0,997.0,1e-06,101325.0,2300.0,openfoam
case_053,0008,6.0,100000.0,0.09999999999999999,997.0,1e-06,101325.0,2300.0,openfoam
case_054,0008,6.0,200000.0,0.19999999999999998,997.0,1e-06,101325.0,2300.0,openfoam
case_055,0008,6.0,500000.0,0.5,997.0,1e-06,101325.0,2300.0,openfoam
case_056,0008,6.0,1000000.0,1.0,997.0,1e-06,101325.0,2300.0,openfoam
case_057,0008,8.0,100000.0,0.09999999999999999,997.0,1e-06,101325.0,2300.0,openfoam
case_058,0008,8.0,200000.0,0.19999999999999998,997.0,1e-06,101325.0,2300.0,openfoam
case_059,0008,8.0,500000.0,0.5,997.0,1e-06,101325.0,2300.0,openfoam
case_060,0008,8.0,1000000.0,1.0,997.0,1e-06,101325.0,2300.0,openfoam
case_061,0008,10.0,100000.0,0.09999999999999999,997.0,1e-06,101325.0,2300.0,openfoam
case_062,0008,10.0,200000.0,0.19999999999999998,997.0,1e-06,101325.0,2300.0,openfoam
case_063,0008,10.0,500000.0,0.5,997.0,1e-06,101325.0,2300.0,openfoam
case_064,0008,10.0,1000000.0,1.0,997.0,1e-06,101325.0,2300.0,openfoam
case_065,0010,-4.0,100000.0,0.09999999999999999,997.0,1e-06,101325.0,2300.0,openfoam
case_066,0010,-4.0,200000.0,0.19999999999999998,997.0,1e-06,101325.0,2300.0,openfoam
case_067,0010,-4.0,500000.0,0.5,997.0,1e-06,101325.0,2300.0,openfoam
case_068,0010,-4.0,1000000.0,1.0,997.0,1e-06,101325.0,2300.0,openfoam
case_069,0010,-2.0,100000.0,0.09999999999999999,997.0,1e-06,101325.0,2300.0,openfoam
case_070,0010,-2.0,200000.0,0.19999999999999998,997.0,1e-06,101325.0,2300.0,openfoam
case_071,0010,-2.0,500000.0,0.5,997.0,1e-06,101325.0,2300.0,openfoam
case_072,0010,-2.0,1000000.0,1.0,997.0,1e-06,101325.0,2300.0,openfoam
case_073,0010,0.0,100000.0,0.09999999999999999,997.0,1e-06,101325.0,2300.0,openfoam
case_074,0010,0.0,200000.0,0.19999999999999998,997.0,1e-06,101325.0,2300.0,openfoam
case_075,0010,0.0,500000.0,0.5,997.0,1e-06,101325.0,2300.0,openfoam
case_076,0010,0.0,1000000.0,1.0,997.0,1e-06,101325.0,2300.0,openfoam
case_077,0010,2.0,100000.0,0.09999999999999999,997.0,1e-06,101325.0,2300.0,openfoam
case_078,0010,2.0,200000.0,0.19999999999999998,997.0,1e-06,101325.0,2300.0,openfoam
case_079,0010,2.0,500000.0,0.5,997.0,1e-06,101325.0,2300.0,openfoam
case_080,0010,2.0,1000000.0,1.0,997.0,1e-06,101325.0,2300.0,openfoam
case_081,0010,4.0,100000.0,0.09999999999999999,997.0,1e-06,101325.0,2300.0,openfoam
case_082,0010,4.0,200000.0,0.19999999999999998,997.0,1e-06,101325.0,2300.0,openfoam
case_083,0010,4.0,500000.0,0.5,997.0,1e-06,101325.0,2300.0,openfoam
case_084,0010,4.0,1000000.0,1.0,997.0,1e-06,101325.0,2300.0,openfoam
case_085,0010,6.0,100000.0,0.09999999999999999,997.0,1e-06,101325.0,2300.0,openfoam
case_086,0010,6.0,200000.0,0.19999999999999998,997.0,1e-06,101325.0,2300.0,openfoam
case_087,0010,6.0,500000.0,0.5,997.0,1e-06,101325.0,2300.0,openfoam
case_088,0010,6.0,1000000.0,1.0,997.0,1e-06,101325.0,2300.0,openfoam
case_089,0010,8.0,100000.0,0.09999999999999999,997.0,1e-06,101325.0,2300.0,openfoam
case_090,0010,8.0,200000.0,0.19999999999999998,997.0,1e-06,101325.0,2300.0,openfoam
case_091,0010,8.0,500000.0,0.5,997.0,1e-06,101325.0,2300.0,openfoam
case_092,0010,8.0,1000000.0,1.0,997.0,1e-06,101325.0,2300.0,openfoam
case_093,0010,10.0,100000.0,0.09999999999999999,997.0,1e-06,101325.0,2300.0,openfoam
case_094,0010,10.0,200000.0,0.19999999999999998,997.0,1e-06,101325.0,2300.0,openfoam
case_095,0010,10.0,500000.0,0.5,997.0,1e-06,101325.0,2300.0,openfoam
case_096,0010,10.0,1000000.0,1.0,997.0,1e-06,101325.0,2300.0,openfoam
case_097,0012,-4.0,100000.0,0.09999999999999999,997.0,1e-06,101325.0,2300.0,openfoam
case_098,0012,-4.0,200000.0,0.19999999999999998,997.0,1e-06,101325.0,2300.0,openfoam
case_099,0012,-4.0,500000.0,0.5,997.0,1e-06,101325.0,2300.0,openfoam
case_100,0012,-4.0,1000000.0,1.0,997.0,1e-06,101325.0,2300.0,openfoam
case_101,0012,-2.0,100000.0,0.09999999999999999,997.0,1e-06,101325.0,2300.0,openfoam
case_102,0012,-2.0,200000.0,0.19999999999999998,997.0,1e-06,101325.0,2300.0,openfoam
case_103,0012,-2.0,500000.0,0.5,997.0,1e-06,101325.0,2300.0,openfoam
case_104,0012,-2.0,1000000.0,1.0,997.0,1e-06,101325.0,2300.0,openfoam
case_105,0012,0.0,100000.0,0.09999999999999999,997.0,1e-06,101325.0,2300.0,openfoam
case_106,0012,0.0,200000.0,0.19999999999999998,997.0,1e-06,101325.0,2300.0,openfoam
case_107,0012,0.0,500000.0,0.5,997.0,1e-06,101325.0,2300.0,openfoam
case_108,0012,0.0,1000000.0,1.0,997.0,1e-06,101325.0,2300.0,openfoam
case_109,0012,2.0,100000.0,0.09999999999999999,997.0,1e-06,101325.0,2300.0,openfoam
case_110,0012,2.0,200000.0,0.19999999999999998,997.0,1e-06,101325.0,2300.0,openfoam
case_111,0012,2.0,500000.0,0.5,997.0,1e-06,101325.0,2300.0,openfoam
case_112,0012,2.0,1000000.0,1.0,997.0,1e-06,101325.0,2300.0,openfoam
case_113,0012,4.0,100000.0,0.09999999999999999,997.0,1e-06,101325.0,2300.0,openfoam
case_114,0012,4.0,200000.0,0.19999999999999998,997.0,1e-06,101325.0,2300.0,openfoam
case_115,0012,4.0,500000.0,0.5,997.0,1e-06,101325.0,2300.0,openfoam
case_116,0012,4.0,1000000.0,1.0,997.0,1e-06,101325.0,2300.0,openfoam
case_117,0012,6.0,100000.0,0.09999999999999999,997.0,1e-06,101325.0,2300.0,openfoam
case_118,0012,6.0,200000.0,0.19999999999999998,997.0,1e-06,101325.0,2300.0,openfoam
case_119,0012,6.0,500000.0,0.5,997.0,1e-06,101325.0,2300.0,openfoam
case_120,0012,6.0,1000000.0,1.0,997.0,1e-06,101325.0,2300.0,openfoam
case_121,0012,8.0,100000.0,0.09999999999999999,997.0,1e-06,101325.0,2300.0,openfoam
case_122,0012,8.0,200000.0,0.19999999999999998,997.0,1e-06,101325.0,2300.0,openfoam
case_123,0012,8.0,500000.0,0.5,997.0,1e-06,101325.0,2300.0,openfoam
case_124,0012,8.0,1000000.0,1.0,997.0,1e-06,101325.0,2300.0,openfoam
case_125,0012,10.0,100000.0,0.09999999999999999,997.0,1e-06,101325.0,2300.0,openfoam
case_126,0012,10.0,200000.0,0.19999999999999998,997.0,1e-06,101325.0,2300.0,openfoam
case_127,0012,10.0,500000.0,0.5,997.0,1e-06,101325.0,2300.0,openfoam
case_128,0012,10.0,1000000.0,1.0,997.0,1e-06,101325.0,2300.0,openfoam
case_129,0015,-4.0,100000.0,0.09999999999999999,997.0,1e-06,101325.0,2300.0,openfoam
case_130,0015,-4.0,200000.0,0.19999999999999998,997.0,1e-06,101325.0,2300.0,openfoam
case_131,0015,-4.0,500000.0,0.5,997.0,1e-06,101325.0,2300.0,openfoam
case_132,0015,-4.0,1000000.0,1.0,997.0,1e-06,101325.0,2300.0,openfoam
case_133,0015,-2.0,100000.0,0.09999999999999999,997.0,1e-06,101325.0,2300.0,openfoam
case_134,0015,-2.0,200000.0,0.19999999999999998,997.0,1e-06,101325.0,2300.0,openfoam
case_135,0015,-2.0,500000.0,0.5,997.0,1e-06,101325.0,2300.0,openfoam
case_136,0015,-2.0,1000000.0,1.0,997.0,1e-06,101325.0,2300.0,openfoam
case_137,0015,0.0,100000.0,0.09999999999999999,997.0,1e-06,101325.0,2300.0,openfoam
case_138,0015,0.0,200000.0,0.19999999999999998,997.0,1e-06,101325.0,2300.0,openfoam
case_139,0015,0.0,500000.0,0.5,997.0,1e-06,101325.0,2300.0,openfoam
case_140,0015,0.0,1000000.0,1.0,997.0,1e-06,101325.0,2300.0,openfoam
case_141,0015,2.0,100000.0,0.09999999999999999,997.0,1e-06,101325.0,2300.0,openfoam
case_142,0015,2.0,200000.0,0.19999999999999998,997.0,1e-06,101325.0,2300.0,openfoam
case_143,0015,2.0,500000.0,0.5,997.0,1e-06,101325.0,2300.0,openfoam
case_144,0015,2.0,1000000.0,1.0,997.0,1e-06,101325.0,2300.0,openfoam
case_145,0015,4.0,100000.0,0.09999999999999999,997.0,1e-06,101325.0,2300.0,openfoam
case_146,0015,4.0,200000.0,0.19999999999999998,997.0,1e-06,101325.0,2300.0,openfoam
case_147,0015,4.0,500000.0,0.5,997.0,1e-06,101325.0,2300.0,openfoam
case_148,0015,4.0,1000000.0,1.0,997.0,1e-06,101325.0,2300.0,openfoam
case_149,0015,6.0,100000.0,0.09999999999999999,997.0,1e-06,101325.0,2300.0,openfoam
case_150,0015,6.0,200000.0,0.19999999999999998,997.0,1e-06,101325.0,2300.0,openfoam
case_151,0015,6.0,500000.0,0.5,997.0,1e-06,101325.0,2300.0,openfoam
case_152,0015,6.0,1000000.0,1.0,997.0,1e-06,101325.0,2300.0,openfoam
case_153,0015,8.0,100000.0,0.09999999999999999,997.0,1e-06,101325.0,2300.0,openfoam
case_154,0015,8.0,200000.0,0.19999999999999998,997.0,1e-06,101325.0,2300.0,openfoam
case_155,0015,8.0,500000.0,0.5,997.0,1e-06,101325.0,2300.0,openfoam
case_156,0015,8.0,1000000.0,1.0,997.0,1e-06,101325.0,2300.0,openfoam
case_157,0015,10.0,100000.0,0.09999999999999999,997.0,1e-06,101325.0,2300.0,openfoam
case_158,0015,10.0,200000.0,0.19999999999999998,997.0,1e-06,101325.0,2300.0,openfoam
case_159,0015,10.0,500000.0,0.5,997.0,1e-06,101325.0,2300.0,openfoam
case_160,0015,10.0,1000000.0,1.0,997.0,1e-06,101325.0,2300.0,openfoam
case_161,0018,-4.0,100000.0,0.09999999999999999,997.0,1e-06,101325.0,2300.0,openfoam
case_162,0018,-4.0,200000.0,0.19999999999999998,997.0,1e-06,101325.0,2300.0,openfoam
case_163,0018,-4.0,500000.0,0.5,997.0,1e-06,101325.0,2300.0,openfoam
case_164,0018,-4.0,1000000.0,1.0,997.0,1e-06,101325.0,2300.0,openfoam
case_165,0018,-2.0,100000.0,0.09999999999999999,997.0,1e-06,101325.0,2300.0,openfoam
case_166,0018,-2.0,200000.0,0.19999999999999998,997.0,1e-06,101325.0,2300.0,openfoam
case_167,0018,-2.0,500000.0,0.5,997.0,1e-06,101325.0,2300.0,openfoam
case_168,0018,-2.0,1000000.0,1.0,997.0,1e-06,101325.0,2300.0,openfoam
case_169,0018,0.0,100000.0,0.09999999999999999,997.0,1e-06,101325.0,2300.0,openfoam
case_170,0018,0.0,200000.0,0.19999999999999998,997.0,1e-06,101325.0,2300.0,openfoam
case_171,0018,0.0,500000.0,0.5,997.0,1e-06,101325.0,2300.0,openfoam
case_172,0018,0.0,1000000.0,1.0,997.0,1e-06,101325.0,2300.0,openfoam
case_173,0018,2.0,100000.0,0.09999999999999999,997.0,1e-06,101325.0,2300.0,openfoam
case_174,0018,2.0,200000.0,0.19999999999999998,997.0,1e-06,101325.0,2300.0,openfoam
case_175,0018,2.0,500000.0,0.5,997.0,1e-06,101325.0,2300.0,openfoam
case_176,0018,2.0,1000000.0,1.0,997.0,1e-06,101325.0,2300.0,openfoam
case_177,0018,4.0,100000.0,0.09999999999999999,997.0,1e-06,101325.0,2300.0,openfoam
case_178,0018,4.0,200000.0,0.19999999999999998,997.0,1e-06,101325.0,2300.0,openfoam
case_179,0018,4.0,500000.0,0.5,997.0,1e-06,101325.0,2300.0,openfoam
case_180,0018,4.0,1000000.0,1.0,997.0,1e-06,101325.0,2300.0,openfoam
case_181,0018,6.0,100000.0,0.09999999999999999,997.0,1e-06,101325.0,2300.0,openfoam
case_182,0018,6.0,200000.0,0.19999999999999998,997.0,1e-06,101325.0,2300.0,openfoam
case_183,0018,6.0,500000.0,0.5,997.0,1e-06,101325.0,2300.0,openfoam
case_184,0018,6.0,1000000.0,1.0,997.0,1e-06,101325.0,2300.0,openfoam
case_185,0018,8.0,100000.0,0.09999999999999999,997.0,1e-06,101325.0,2300.0,openfoam
case_186,0018,8.0,200000.0,0.19999999999999998,997.0,1e-06,101325.0,2300.0,openfoam
case_187,0018,8.0,500000.0,0.5,997.0,1e-06,101325.0,2300.0,openfoam
case_188,0018,8.0,1000000.0,1.0,997.0,1e-06,101325.0,2300.0,openfoam
case_189,0018,10.0,100000.0,0.09999999999999999,997.0,1e-06,101325.0,2300.0,openfoam
case_190,0018,10.0,200000.0,0.19999999999999998,997.0,1e-06,101325.0,2300.0,openfoam
case_191,0018,10.0,500000.0,0.5,997.0,1e-06,101325.0,2300.0,openfoam
case_192,0018,10.0,1000000.0,1.0,997.0,1e-06,101325.0,2300.0,openfoam
case_193,2412,-4.0,100000.0,0.09999999999999999,997.0,1e-06,101325.0,2300.0,openfoam
case_194,2412,-4.0,200000.0,0.19999999999999998,997.0,1e-06,101325.0,2300.0,openfoam
case_195,2412,-4.0,500000.0,0.5,997.0,1e-06,101325.0,2300.0,openfoam
case_196,2412,-4.0,1000000.0,1.0,997.0,1e-06,101325.0,2300.0,openfoam
case_197,2412,-2.0,100000.0,0.09999999999999999,997.0,1e-06,101325.0,2300.0,openfoam
case_198,2412,-2.0,200000.0,0.19999999999999998,997.0,1e-06,101325.0,2300.0,openfoam
case_199,2412,-2.0,500000.0,0.5,997.0,1e-06,101325.0,2300.0,openfoam
case_200,2412,-2.0,1000000.0,1.0,997.0,1e-06,101325.0,2300.0,openfoam
case_201,2412,0.0,100000.0,0.09999999999999999,997.0,1e-06,101325.0,2300.0,openfoam
case_202,2412,0.0,200000.0,0.19999999999999998,997.0,1e-06,101325.0,2300.0,openfoam
case_203,2412,0.0,500000.0,0.5,997.0,1e-06,101325.0,2300.0,openfoam
case_204,2412,0.0,1000000.0,1.0,997.0,1e-06,101325.0,2300.0,openfoam
case_205,2412,2.0,100000.0,0.09999999999999999,997.0,1e-06,101325.0,2300.0,openfoam
case_206,2412,2.0,200000.0,0.19999999999999998,997.0,1e-06,101325.0,2300.0,openfoam
case_207,2412,2.0,500000.0,0.5,997.0,1e-06,101325.0,2300.0,openfoam
case_208,2412,2.0,1000000.0,1.0,997.0,1e-06,101325.0,2300.0,openfoam
case_209,2412,4.0,100000.0,0.09999999999999999,997.0,1e-06,101325.0,2300.0,openfoam
case_210,2412,4.0,200000.0,0.19999999999999998,997.0,1e-06,101325.0,2300.0,openfoam
case_211,2412,4.0,500000.0,0.5,997.0,1e-06,101325.0,2300.0,openfoam
case_212,2412,4.0,1000000.0,1.0,997.0,1e-06,101325.0,2300.0,openfoam
case_213,2412,6.0,100000.0,0.09999999999999999,997.0,1e-06,101325.0,2300.0,openfoam
case_214,2412,6.0,200000.0,0.19999999999999998,997.0,1e-06,101325.0,2300.0,openfoam
case_215,2412,6.0,500000.0,0.5,997.0,1e-06,101325.0,2300.0,openfoam
case_216,2412,6.0,1000000.0,1.0,997.0,1e-06,101325.0,2300.0,openfoam
case_217,2412,8.0,100000.0,0.09999999999999999,997.0,1e-06,101325.0,2300.0,openfoam
case_218,2412,8.0,200000.0,0.19999999999999998,997.0,1e-06,101325.0,2300.0,openfoam
case_219,2412,8.0,500000.0,0.5,997.0,1e-06,101325.0,2300.0,openfoam
case_220,2412,8.0,1000000.0,1.0,997.0,1e-06,101325.0,2300.0,openfoam
case_221,2412,10.0,100000.0,0.09999999999999999,997.0,1e-06,101325.0,2300.0,openfoam
case_222,2412,10.0,200000.0,0.19999999999999998,997.0,1e-06,101325.0,2300.0,openfoam
case_223,2412,10.0,500000.0,0.5,997.0,1e-06,101325.0,2300.0,openfoam
case_224,2412,10.0,1000000.0,1.0,997.0,1e-06,101325.0,2300.0,openfoam
case_225,2415,-4.0,100000.0,0.09999999999999999,997.0,1e-06,101325.0,2300.0,openfoam
case_226,2415,-4.0,200000.0,0.19999999999999998,997.0,1e-06,101325.0,2300.0,openfoam
case_227,2415,-4.0,500000.0,0.5,997.0,1e-06,101325.0,2300.0,openfoam
case_228,2415,-4.0,1000000.0,1.0,997.0,1e-06,101325.0,2300.0,openfoam
case_229,2415,-2.0,100000.0,0.09999999999999999,997.0,1e-06,101325.0,2300.0,openfoam
case_230,2415,-2.0,200000.0,0.19999999999999998,997.0,1e-06,101325.0,2300.0,openfoam
case_231,2415,-2.0,500000.0,0.5,997.0,1e-06,101325.0,2300.0,openfoam
case_232,2415,-2.0,1000000.0,1.0,997.0,1e-06,101325.0,2300.0,openfoam
case_233,2415,0.0,100000.0,0.09999999999999999,997.0,1e-06,101325.0,2300.0,openfoam
case_234,2415,0.0,200000.0,0.19999999999999998,997.0,1e-06,101325.0,2300.0,openfoam
case_235,2415,0.0,500000.0,0.5,997.0,1e-06,101325.0,2300.0,openfoam
case_236,2415,0.0,1000000.0,1.0,997.0,1e-06,101325.0,2300.0,openfoam
case_237,2415,2.0,100000.0,0.09999999999999999,997.0,1e-06,101325.0,2300.0,openfoam
case_238,2415,2.0,200000.0,0.19999999999999998,997.0,1e-06,101325.0,2300.0,openfoam
case_239,2415,2.0,500000.0,0.5,997.0,1e-06,101325.0,2300.0,openfoam
case_240,2415,2.0,1000000.0,1.0,997.0,1e-06,101325.0,2300.0,openfoam
case_241,2415,4.0,100000.0,0.09999999999999999,997.0,1e-06,101325.0,2300.0,openfoam
case_242,2415,4.0,200000.0,0.19999999999999998,997.0,1e-06,101325.0,2300.0,openfoam
case_243,2415,4.0,500000.0,0.5,997.0,1e-06,101325.0,2300.0,openfoam
case_244,2415,4.0,1000000.0,1.0,997.0,1e-06,101325.0,2300.0,openfoam
case_245,2415,6.0,100000.0,0.09999999999999999,997.0,1e-06,101325.0,2300.0,openfoam
case_246,2415,6.0,200000.0,0.19999999999999998,997.0,1e-06,101325.0,2300.0,openfoam
case_247,2415,6.0,500000.0,0.5,997.0,1e-06,101325.0,2300.0,openfoam
case_248,2415,6.0,1000000.0,1.0,997.0,1e-06,101325.0,2300.0,openfoam
case_249,2415,8.0,100000.0,0.09999999999999999,997.0,1e-06,101325.0,2300.0,openfoam
case_250,2415,8.0,200000.0,0.19999999999999998,997.0,1e-06,101325.0,2300.0,openfoam
case_251,2415,8.0,500000.0,0.5,997.0,1e-06,101325.0,2300.0,openfoam
case_252,2415,8.0,1000000.0,1.0,997.0,1e-06,101325.0,2300.0,openfoam
case_253,2415,10.0,100000.0,0.09999999999999999,997.0,1e-06,101325.0,2300.0,openfoam
case_254,2415,10.0,200000.0,0.19999999999999998,997.0,1e-06,101325.0,2300.0,openfoam
case_255,2415,10.0,500000.0,0.5,997.0,1e-06,101325.0,2300.0,openfoam
case_256,2415,10.0,1000000.0,1.0,997.0,1e-06,101325.0,2300.0,openfoam
case_257,4412,-4.0,100000.0,0.09999999999999999,997.0,1e-06,101325.0,2300.0,openfoam
case_258,4412,-4.0,200000.0,0.19999999999999998,997.0,1e-06,101325.0,2300.0,openfoam
case_259,4412,-4.0,500000.0,0.5,997.0,1e-06,101325.0,2300.0,openfoam
case_260,4412,-4.0,1000000.0,1.0,997.0,1e-06,101325.0,2300.0,openfoam
case_261,4412,-2.0,100000.0,0.09999999999999999,997.0,1e-06,101325.0,2300.0,openfoam
case_262,4412,-2.0,200000.0,0.19999999999999998,997.0,1e-06,101325.0,2300.0,openfoam
case_263,4412,-2.0,500000.0,0.5,997.0,1e-06,101325.0,2300.0,openfoam
case_264,4412,-2.0,1000000.0,1.0,997.0,1e-06,101325.0,2300.0,openfoam
case_265,4412,0.0,100000.0,0.09999999999999999,997.0,1e-06,101325.0,2300.0,openfoam
case_266,4412,0.0,200000.0,0.19999999999999998,997.0,1e-06,101325.0,2300.0,openfoam
case_267,4412,0.0,500000.0,0.5,997.0,1e-06,101325.0,2300.0,openfoam
case_268,4412,0.0,1000000.0,1.0,997.0,1e-06,101325.0,2300.0,openfoam
case_269,4412,2.0,100000.0,0.09999999999999999,997.0,1e-06,101325.0,2300.0,openfoam
case_270,4412,2.0,200000.0,0.19999999999999998,997.0,1e-06,101325.0,2300.0,openfoam
case_271,4412,2.0,500000.0,0.5,997.0,1e-06,101325.0,2300.0,openfoam
case_272,4412,2.0,1000000.0,1.0,997.0,1e-06,101325.0,2300.0,openfoam
case_273,4412,4.0,100000.0,0.09999999999999999,997.0,1e-06,101325.0,2300.0,openfoam
case_274,4412,4.0,200000.0,0.19999999999999998,997.0,1e-06,101325.0,2300.0,openfoam
case_275,4412,4.0,500000.0,0.5,997.0,1e-06,101325.0,2300.0,openfoam
case_276,4412,4.0,1000000.0,1.0,997.0,1e-06,101325.0,2300.0,openfoam
case_277,4412,6.0,100000.0,0.09999999999999999,997.0,1e-06,101325.0,2300.0,openfoam
case_278,4412,6.0,200000.0,0.19999999999999998,997.0,1e-06,101325.0,2300.0,openfoam
case_279,4412,6.0,500000.0,0.5,997.0,1e-06,101325.0,2300.0,openfoam
case_280,4412,6.0,1000000.0,1.0,997.0,1e-06,101325.0,2300.0,openfoam
case_281,4412,8.0,100000.0,0.09999999999999999,997.0,1e-06,101325.0,2300.0,openfoam
case_282,4412,8.0,200000.0,0.19999999999999998,997.0,1e-06,101325.0,2300.0,openfoam
case_283,4412,8.0,500000.0,0.5,997.0,1e-06,101325.0,2300.0,openfoam
case_284,4412,8.0,1000000.0,1.0,997.0,1e-06,101325.0,2300.0,openfoam
case_285,4412,10.0,100000.0,0.09999999999999999,997.0,1e-06,101325.0,2300.0,openfoam
case_286,4412,10.0,200000.0,0.19999999999999998,997.0,1e-06,101325.0,2300.0,openfoam
case_287,4412,10.0,500000.0,0.5,997.0,1e-06,101325.0,2300.0,openfoam
case_288,4412,10.0,1000000.0,1.0,997.0,1e-06,101325.0,2300.0,openfoam
case_289,4415,-4.0,100000.0,0.09999999999999999,997.0,1e-06,101325.0,2300.0,openfoam
case_290,4415,-4.0,200000.0,0.19999999999999998,997.0,1e-06,101325.0,2300.0,openfoam
case_291,4415,-4.0,500000.0,0.5,997.0,1e-06,101325.0,2300.0,openfoam
case_292,4415,-4.0,1000000.0,1.0,997.0,1e-06,101325.0,2300.0,openfoam
case_293,4415,-2.0,100000.0,0.09999999999999999,997.0,1e-06,101325.0,2300.0,openfoam
case_294,4415,-2.0,200000.0,0.19999999999999998,997.0,1e-06,101325.0,2300.0,openfoam
case_295,4415,-2.0,500000.0,0.5,997.0,1e-06,101325.0,2300.0,openfoam
case_296,4415,-2.0,1000000.0,1.0,997.0,1e-06,101325.0,2300.0,openfoam
case_297,4415,0.0,100000.0,0.09999999999999999,997.0,1e-06,101325.0,2300.0,openfoam
case_298,4415,0.0,200000.0,0.19999999999999998,997.0,1e-06,101325.0,2300.0,openfoam
case_299,4415,0.0,500000.0,0.5,997.0,1e-06,101325.0,2300.0,openfoam
case_300,4415,0.0,1000000.0,1.0,997.0,1e-06,101325.0,2300.0,openfoam
case_301,4415,2.0,100000.0,0.09999999999999999,997.0,1e-06,101325.0,2300.0,openfoam
case_302,4415,2.0,200000.0,0.19999999999999998,997.0,1e-06,101325.0,2300.0,openfoam
case_303,4415,2.0,500000.0,0.5,997.0,1e-06,101325.0,2300.0,openfoam
case_304,4415,2.0,1000000.0,1.0,997.0,1e-06,101325.0,2300.0,openfoam
case_305,4415,4.0,100000.0,0.09999999999999999,997.0,1e-06,101325.0,2300.0,openfoam
case_306,4415,4.0,200000.0,0.19999999999999998,997.0,1e-06,101325.0,2300.0,openfoam
case_307,4415,4.0,500000.0,0.5,997.0,1e-06,101325.0,2300.0,openfoam
case_308,4415,4.0,1000000.0,1.0,997.0,1e-06,101325.0,2300.0,openfoam
case_309,4415,6.0,100000.0,0.09999999999999999,997.0,1e-06,101325.0,2300.0,openfoam
case_310,4415,6.0,200000.0,0.19999999999999998,997.0,1e-06,101325.0,2300.0,openfoam
case_311,4415,6.0,500000.0,0.5,997.0,1e-06,101325.0,2300.0,openfoam
case_312,4415,6.0,1000000.0,1.0,997.0,1e-06,101325.0,2300.0,openfoam
case_313,4415,8.0,100000.0,0.09999999999999999,997.0,1e-06,101325.0,2300.0,openfoam
case_314,4415,8.0,200000.0,0.19999999999999998,997.0,1e-06,101325.0,2300.0,openfoam
case_315,4415,8.0,500000.0,0.5,997.0,1e-06,101325.0,2300.0,openfoam
case_316,4415,8.0,1000000.0,1.0,997.0,1e-06,101325.0,2300.0,openfoam
case_317,4415,10.0,100000.0,0.09999999999999999,997.0,1e-06,101325.0,2300.0,openfoam
case_318,4415,10.0,200000.0,0.19999999999999998,997.0,1e-06,101325.0,2300.0,openfoam
case_319,4415,10.0,500000.0,0.5,997.0,1e-06,101325.0,2300.0,openfoam
case_320,4415,10.0,1000000.0,1.0,997.0,1e-06,101325.0,2300.0,openfoam
case_321,4418,-4.0,100000.0,0.09999999999999999,997.0,1e-06,101325.0,2300.0,openfoam
case_322,4418,-4.0,200000.0,0.19999999999999998,997.0,1e-06,101325.0,2300.0,openfoam
case_323,4418,-4.0,500000.0,0.5,997.0,1e-06,101325.0,2300.0,openfoam
case_324,4418,-4.0,1000000.0,1.0,997.0,1e-06,101325.0,2300.0,openfoam
case_325,4418,-2.0,100000.0,0.09999999999999999,997.0,1e-06,101325.0,2300.0,openfoam
case_326,4418,-2.0,200000.0,0.19999999999999998,997.0,1e-06,101325.0,2300.0,openfoam
case_327,4418,-2.0,500000.0,0.5,997.0,1e-06,101325.0,2300.0,openfoam
case_328,4418,-2.0,1000000.0,1.0,997.0,1e-06,101325.0,2300.0,openfoam
case_329,4418,0.0,100000.0,0.09999999999999999,997.0,1e-06,101325.0,2300.0,openfoam
case_330,4418,0.0,200000.0,0.19999999999999998,997.0,1e-06,101325.0,2300.0,openfoam
case_331,4418,0.0,500000.0,0.5,997.0,1e-06,101325.0,2300.0,openfoam
case_332,4418,0.0,1000000.0,1.0,997.0,1e-06,101325.0,2300.0,openfoam
case_333,4418,2.0,100000.0,0.09999999999999999,997.0,1e-06,101325.0,2300.0,openfoam
case_334,4418,2.0,200000.0,0.19999999999999998,997.0,1e-06,101325.0,2300.0,openfoam
case_335,4418,2.0,500000.0,0.5,997.0,1e-06,101325.0,2300.0,openfoam
case_336,4418,2.0,1000000.0,1.0,997.0,1e-06,101325.0,2300.0,openfoam
case_337,4418,4.0,100000.0,0.09999999999999999,997.0,1e-06,101325.0,2300.0,openfoam
case_338,4418,4.0,200000.0,0.19999999999999998,997.0,1e-06,101325.0,2300.0,openfoam
case_339,4418,4.0,500000.0,0.5,997.0,1e-06,101325.0,2300.0,openfoam
case_340,4418,4.0,1000000.0,1.0,997.0,1e-06,101325.0,2300.0,openfoam
case_341,4418,6.0,100000.0,0.09999999999999999,997.0,1e-06,101325.0,2300.0,openfoam
case_342,4418,6.0,200000.0,0.19999999999999998,997.0,1e-06,101325.0,2300.0,openfoam
case_343,4418,6.0,500000.0,0.5,997.0,1e-06,101325.0,2300.0,openfoam
case_344,4418,6.0,1000000.0,1.0,997.0,1e-06,101325.0,2300.0,openfoam
case_345,4418,8.0,100000.0,0.09999999999999999,997.0,1e-06,101325.0,2300.0,openfoam
case_346,4418,8.0,200000.0,0.19999999999999998,997.0,1e-06,101325.0,2300.0,openfoam
case_347,4418,8.0,500000.0,0.5,997.0,1e-06,101325.0,2300.0,openfoam
case_348,4418,8.0,1000000.0,1.0,997.0,1e-06,101325.0,2300.0,openfoam
case_349,4418,10.0,100000.0,0.09999999999999999,997.0,1e-06,101325.0,2300.0,openfoam
case_350,4418,10.0,200000.0,0.19999999999999998,997.0,1e-06,101325.0,2300.0,openfoam
case_351,4418,10.0,500000.0,0.5,997.0,1e-06,101325.0,2300.0,openfoam
case_352,4418,10.0,1000000.0,1.0,997.0,1e-06,101325.0,2300.0,openfoam
case_353,4421,-4.0,100000.0,0.09999999999999999,997.0,1e-06,101325.0,2300.0,openfoam
case_354,4421,-4.0,200000.0,0.19999999999999998,997.0,1e-06,101325.0,2300.0,openfoam
case_355,4421,-4.0,500000.0,0.5,997.0,1e-06,101325.0,2300.0,openfoam
case_356,4421,-4.0,1000000.0,1.0,997.0,1e-06,101325.0,2300.0,openfoam
case_357,4421,-2.0,100000.0,0.09999999999999999,997.0,1e-06,101325.0,2300.0,openfoam
case_358,4421,-2.0,200000.0,0.19999999999999998,997.0,1e-06,101325.0,2300.0,openfoam
case_359,4421,-2.0,500000.0,0.5,997.0,1e-06,101325.0,2300.0,openfoam
case_360,4421,-2.0,1000000.0,1.0,997.0,1e-06,101325.0,2300.0,openfoam
case_361,4421,0.0,100000.0,0.09999999999999999,997.0,1e-06,101325.0,2300.0,openfoam
case_362,4421,0.0,200000.0,0.19999999999999998,997.0,1e-06,101325.0,2300.0,openfoam
case_363,4421,0.0,500000.0,0.5,997.0,1e-06,101325.0,2300.0,openfoam
case_364,4421,0.0,1000000.0,1.0,997.0,1e-06,101325.0,2300.0,openfoam
case_365,4421,2.0,100000.0,0.09999999999999999,997.0,1e-06,101325.0,2300.0,openfoam
case_366,4421,2.0,200000.0,0.19999999999999998,997.0,1e-06,101325.0,2300.0,openfoam
case_367,4421,2.0,500000.0,0.5,997.0,1e-06,101325.0,2300.0,openfoam
case_368,4421,2.0,1000000.0,1.0,997.0,1e-06,101325.0,2300.0,openfoam
case_369,4421,4.0,100000.0,0.09999999999999999,997.0,1e-06,101325.0,2300.0,openfoam
case_370,4421,4.0,200000.0,0.19999999999999998,997.0,1e-06,101325.0,2300.0,openfoam
case_371,4421,4.0,500000.0,0.5,997.0,1e-06,101325.0,2300.0,openfoam
case_372,4421,4.0,1000000.0,1.0,997.0,1e-06,101325.0,2300.0,openfoam
case_373,4421,6.0,100000.0,0.09999999999999999,997.0,1e-06,101325.0,2300.0,openfoam
case_374,4421,6.0,200000.0,0.19999999999999998,997.0,1e-06,101325.0,2300.0,openfoam
case_375,4421,6.0,500000.0,0.5,997.0,1e-06,101325.0,2300.0,openfoam
case_376,4421,6.0,1000000.0,1.0,997.0,1e-06,101325.0,2300.0,openfoam
case_377,4421,8.0,100000.0,0.09999999999999999,997.0,1e-06,101325.0,2300.0,openfoam
case_378,4421,8.0,200000.0,0.19999999999999998,997.0,1e-06,101325.0,2300.0,openfoam
case_379,4421,8.0,500000.0,0.5,997.0,1e-06,101325.0,2300.0,openfoam
case_380,4421,8.0,1000000.0,1.0,997.0,1e-06,101325.0,2300.0,openfoam
case_381,4421,10.0,100000.0,0.09999999999999999,997.0,1e-06,101325.0,2300.0,openfoam
case_382,4421,10.0,200000.0,0.19999999999999998,997.0,1e-06,101325.0,2300.0,openfoam
case_383,4421,10.0,500000.0,0.5,997.0,1e-06,101325.0,2300.0,openfoam
case_384,4421,10.0,1000000.0,1.0,997.0,1e-06,101325.0,2300.0,openfoam
