AoA,CD_integrated_pressure,CD_surrogate,CL_integrated_pressure,CL_over_abs_CD,CL_surrogate,Re,candidate_id,family,force_source,min_Cp,min_cavitation_margin,model,note,objective,risky_cell_fraction
-2.0,0.0020073042236458767,0.019770456477999687,-0.0746708332225154,-7.934570956582736,-0.1568780243396759,500000.0,naca_0008_aoa_-2,NACA 0008,direct OpenFOAM-coefficient surrogate,-0.6645201444625854,98925.6015625,unet,surrogate estimate; validate top designs with OpenFOAM,-7.934570956582736,0.0
0.0,-9.019686322035187e-06,0.014101758599281311,-0.01650695647734205,4.442434137464181,0.06265057623386383,500000.0,naca_0008_aoa_0,NACA 0008,direct OpenFOAM-coefficient surrogate,-0.3299105763435364,98974.6640625,unet,surrogate estimate; validate top designs with OpenFOAM,4.442434137464181,0.0
2.0,0.001177700065215111,0.015135983936488628,0.03008115183231842,16.75996815688206,0.25369536876678467,500000.0,naca_0008_aoa_2,NACA 0008,direct OpenFOAM-coefficient surrogate,-0.39791011810302734,98972.1875,unet,surrogate estimate; validate top designs with OpenFOAM,16.75996815688206,0.0
4.0,0.002566058812648804,0.021208757534623146,0.06982620962165283,19.103164185130357,0.40517348051071167,500000.0,naca_0008_aoa_4,NACA 0008,direct OpenFOAM-coefficient surrogate,-0.7336245179176331,98928.265625,unet,surrogate estimate; validate top designs with OpenFOAM,19.103164185130357,0.0
6.0,0.006100456438799496,0.03635881096124649,0.12595006251979485,15.922548909694283,0.5789408683776855,500000.0,naca_0008_aoa_6,NACA 0008,direct OpenFOAM-coefficient surrogate,-1.1386356353759766,98871.7109375,unet,surrogate estimate; validate top designs with OpenFOAM,15.922548909694283,0.0
8.0,0.01417785321660018,0.05556054413318634,0.18529026074929317,13.84062167261013,0.7690063118934631,500000.0,naca_0008_aoa_8,NACA 0008,direct OpenFOAM-coefficient surrogate,-1.4868659973144531,98823.609375,unet,surrogate estimate; validate top designs with OpenFOAM,13.84062167261013,0.0
-2.0,0.007905153904782651,0.020117878913879395,-0.12885956728622286,-6.144242202645782,-0.12361526489257812,500000.0,naca_0012_aoa_-2,NACA 0012,direct OpenFOAM-coefficient surrogate,-0.6932348012924194,98921.65625,unet,surrogate estimate; validate top designs with OpenFOAM,-6.144242202645782,0.0
0.0,0.005516698391530749,0.016003474593162537,-0.02273630545873442,5.04963348758866,0.08081673085689545,500000.0,naca_0012_aoa_0,NACA 0012,direct OpenFOAM-coefficient surrogate,-0.3924921452999115,98963.8515625,unet,surrogate estimate; validate top designs with OpenFOAM,5.04963348758866,0.0
2.0,0.007885674839036487,0.016990121454000473,0.05970385895374203,14.661945853627818,0.24912290275096893,500000.0,naca_0012_aoa_2,NACA 0012,direct OpenFOAM-coefficient surrogate,-0.5711458325386047,98951.5078125,unet,surrogate estimate; validate top designs with OpenFOAM,14.661945853627818,0.0
4.0,0.01165618515538416,0.02194724604487419,0.1401234103447903,17.665825137572728,0.3877338767051697,500000.0,naca_0012_aoa_4,NACA 0012,direct OpenFOAM-coefficient surrogate,-0.8729867339134216,98909.7734375,unet,surrogate estimate; validate top designs with OpenFOAM,17.665825137572728,0.0
6.0,0.0192369789420147,0.033481597900390625,0.23787142877625503,16.184670278659503,0.5419048070907593,500000.0,naca_0012_aoa_6,NACA 0012,direct OpenFOAM-coefficient surrogate,-1.2427717447280884,98858.6484375,unet,surrogate estimate; validate top designs with OpenFOAM,16.184670278659503,0.0
8.0,0.03381622158890859,0.04995843023061752,0.34450219862233694,14.616394778151294,0.7302267551422119,500000.0,naca_0012_aoa_8,NACA 0012,direct OpenFOAM-coefficient surrogate,-1.6173665523529053,98806.9609375,unet,surrogate estimate; validate top designs with OpenFOAM,14.616394778151294,0.0
-2.0,-0.002730139768394157,0.022758956998586655,0.10284445173164272,-0.5032568988556763,-0.011454105377197266,500000.0,naca_2412_aoa_-2,NACA 2412,direct OpenFOAM-coefficient surrogate,-0.6084397435188293,98935.03125,unet,surrogate estimate; validate top designs with OpenFOAM,-0.5032568988556763,0.0
0.0,0.002958199922873455,0.020020006224513054,0.1592340038915562,10.087658754345242,0.2019650787115097,500000.0,naca_2412_aoa_0,NACA 2412,direct OpenFOAM-coefficient surrogate,-0.6340177655220032,98941.3515625,unet,surrogate estimate; validate top designs with OpenFOAM,10.087658754345242,0.0
2.0,0.00861616479164027,0.021015862002968788,0.22252480724180157,20.01596642057123,0.42067280411720276,500000.0,naca_2412_aoa_2,NACA 2412,direct OpenFOAM-coefficient surrogate,-0.8507382273674011,98911.015625,unet,surrogate estimate; validate top designs with OpenFOAM,20.01596642057123,0.0
4.0,0.015783836209820316,0.02739247865974903,0.2946672656184249,21.839436499972543,0.5982581377029419,500000.0,naca_2412_aoa_4,NACA 2412,direct OpenFOAM-coefficient surrogate,-1.1302820444107056,98872.359375,unet,surrogate estimate; validate top designs with OpenFOAM,21.839436499972543,0.0
6.0,0.026796036630764963,0.04049934074282646,0.38161468305488117,19.969957606915823,0.8087900876998901,500000.0,naca_2412_aoa_6,NACA 2412,direct OpenFOAM-coefficient surrogate,-1.5476607084274292,98818.5234375,unet,surrogate estimate; validate top designs with OpenFOAM,19.969957606915823,0.0
8.0,0.04283863786381755,0.05939922854304314,0.46080455030841827,17.8786675210945,1.0619969367980957,500000.0,naca_2412_aoa_8,NACA 2412,direct OpenFOAM-coefficient surrogate,-2.0006887912750244,98758.4375,unet,surrogate estimate; validate top designs with OpenFOAM,17.8786675210945,0.0
-2.0,0.005755224226705839,0.02366512641310692,0.05417574612672389,10.965201354473729,0.2595038414001465,500000.0,naca_4412_aoa_-2,NACA 4412,direct OpenFOAM-coefficient surrogate,-0.6169238090515137,98931.859375,unet,surrogate estimate; validate top designs with OpenFOAM,10.965201354473729,0.0
0.0,0.004995001713514528,0.02234615385532379,0.1634481079958613,20.768843028448956,0.46412453055381775,500000.0,naca_4412_aoa_0,NACA 4412,direct OpenFOAM-coefficient surrogate,-0.675640881061554,98933.3515625,unet,surrogate estimate; validate top designs with OpenFOAM,20.768843028448956,0.0
2.0,0.00752369066420773,0.025800403207540512,0.25775527678539223,24.6482295894102,0.6359589099884033,500000.0,naca_4412_aoa_2,NACA 4412,direct OpenFOAM-coefficient surrogate,-0.8682790994644165,98906.140625,unet,surrogate estimate; validate top designs with OpenFOAM,24.6482295894102,0.0
4.0,0.013110216637991492,0.03280564025044441,0.34228044549493863,24.436448150194433,0.8016777634620667,500000.0,naca_4412_aoa_4,NACA 4412,direct OpenFOAM-coefficient surrogate,-1.0929017066955566,98875.921875,unet,surrogate estimate; validate top designs with OpenFOAM,24.436448150194433,0.0
6.0,0.02361460484876523,0.04396618902683258,0.4305719213710717,22.722508708886775,0.9990448355674744,500000.0,naca_4412_aoa_6,NACA 4412,direct OpenFOAM-coefficient surrogate,-1.4293746948242188,98832.8203125,unet,surrogate estimate; validate top designs with OpenFOAM,22.722508708886775,0.0
8.0,0.039702051977429445,0.05831121653318405,0.5036778093933525,20.624355063666176,1.202651858329773,500000.0,naca_4412_aoa_8,NACA 4412,direct OpenFOAM-coefficient surrogate,-1.7374160289764404,98794.9765625,unet,surrogate estimate; validate top designs with OpenFOAM,20.624355063666176,0.0
-2.0,0.012256763654910187,0.020200224593281746,-0.012108378368829524,14.90630208282964,0.30112555623054504,500000.0,naca_6409_aoa_-2,NACA 6409,direct OpenFOAM-coefficient surrogate,-0.5081402659416199,98947.25,unet,surrogate estimate; validate top designs with OpenFOAM,14.90630208282964,0.0
0.0,0.007293230552252402,0.01871149241924286,0.09664067581161376,25.540173008514753,0.4779202938079834,500000.0,naca_6409_aoa_0,NACA 6409,direct OpenFOAM-coefficient surrogate,-0.5582740306854248,98946.625,unet,surrogate estimate; validate top designs with OpenFOAM,25.540173008514753,0.0
2.0,0.007305264104744072,0.022725824266672134,0.20524620327639545,27.696512758712725,0.6294537782669067,500000.0,naca_6409_aoa_2,NACA 6409,direct OpenFOAM-coefficient surrogate,-0.7231162786483765,98923.96875,unet,surrogate estimate; validate top designs with OpenFOAM,27.696512758712725,0.0
4.0,0.015899120006260196,0.033004775643348694,0.3481942420222836,24.802913479966243,0.8186393976211548,500000.0,naca_6409_aoa_4,NACA 6409,direct OpenFOAM-coefficient surrogate,-1.0806019306182861,98883.9921875,unet,surrogate estimate; validate top designs with OpenFOAM,24.802913479966243,0.0
6.0,0.03546703266973865,0.0498419851064682,0.5067607032826049,21.268732121201836,1.060097098350525,500000.0,naca_6409_aoa_6,NACA 6409,direct OpenFOAM-coefficient surrogate,-1.5071263313293457,98825.625,unet,surrogate estimate; validate top designs with OpenFOAM,21.268732121201836,0.0
8.0,0.060611877801254745,0.06563334912061691,0.5978804030918876,19.01901320106259,1.248300552368164,500000.0,naca_6409_aoa_8,NACA 6409,direct OpenFOAM-coefficient surrogate,-1.7328755855560303,98794.8515625,unet,surrogate estimate; validate top designs with OpenFOAM,19.01901320106259,0.0
-2.0,0.021120939661391936,0.02177533507347107,-0.007428174356271925,14.728829430000111,0.3207399249076843,500000.0,naca_8412_aoa_-2,NACA 8412,direct OpenFOAM-coefficient surrogate,-0.6670557856559753,98935.421875,unet,surrogate estimate; validate top designs with OpenFOAM,14.728829430000111,0.0
0.0,0.013094748991542395,0.02218439429998398,0.051964789479522135,21.130700180730024,0.4687929153442383,500000.0,naca_8412_aoa_0,NACA 8412,direct OpenFOAM-coefficient surrogate,-0.8017436861991882,98915.9453125,unet,surrogate estimate; validate top designs with OpenFOAM,21.130700180730024,0.0
2.0,0.005985236456994587,0.0258334893733263,0.11322864977335549,23.28782311465934,0.6016290187835693,500000.0,naca_8412_aoa_2,NACA 8412,direct OpenFOAM-coefficient surrogate,-0.9523888826370239,98894.0703125,unet,surrogate estimate; validate top designs with OpenFOAM,23.28782311465934,0.0
4.0,0.00030776710762812204,0.03254769742488861,0.17656784128376754,22.91567459197933,0.745875358581543,500000.0,naca_8412_aoa_4,NACA 8412,direct OpenFOAM-coefficient surrogate,-1.1357738971710205,98867.1171875,unet,surrogate estimate; validate top designs with OpenFOAM,22.91567459197933,0.0
6.0,-0.0022750769102903045,0.04275766760110855,0.2398913066244176,21.41725046822242,0.9157730937004089,500000.0,naca_8412_aoa_6,NACA 8412,direct OpenFOAM-coefficient surrogate,-1.3690412044525146,98835.4453125,unet,surrogate estimate; validate top designs with OpenFOAM,21.41725046822242,0.0
8.0,-0.000544362672451955,0.05572082847356796,0.29248724098838647,19.763755303367493,1.1012725830078125,500000.0,naca_8412_aoa_8,NACA 8412,direct OpenFOAM-coefficient surrogate,-1.5831325054168701,98808.1171875,unet,surrogate estimate; validate top designs with OpenFOAM,19.763755303367493,0.0
-2.0,-0.0009729210525448664,0.021880634129047394,-0.12929253754476866,-7.8416966078359005,-0.17158913612365723,500000.0,random_01_aoa_-2,random_01,direct OpenFOAM-coefficient surrogate,-0.8754614591598511,98897.21875,unet,surrogate estimate; validate top designs with OpenFOAM,-7.8416966078359005,0.0
0.0,-0.0011993628686504977,0.017547737807035446,-0.02876952275588951,1.0489686026099136,0.018408074975013733,500000.0,random_01_aoa_0,random_01,direct OpenFOAM-coefficient surrogate,-0.5916846394538879,98937.7421875,unet,surrogate estimate; validate top designs with OpenFOAM,1.0489686026099136,0.0
2.0,0.005106333836694322,0.016755670309066772,0.0712788324847294,12.981674496752827,0.21752963960170746,500000.0,random_01_aoa_2,random_01,direct OpenFOAM-coefficient surrogate,-0.4403846859931946,98958.90625,unet,surrogate estimate; validate top designs with OpenFOAM,12.981674496752827,0.0
4.0,0.0156186393748036,0.020656682550907135,0.17521228311027462,18.26011794022818,0.37721171975135803,500000.0,random_01_aoa_4,random_01,direct OpenFOAM-coefficient surrogate,-0.6077998280525208,98936.8828125,unet,surrogate estimate; validate top designs with OpenFOAM,18.26011794022818,0.0
6.0,0.032087308381602495,0.030821382999420166,0.30140139160892904,17.513824614688257,0.5398178100585938,500000.0,random_01_aoa_6,random_01,direct OpenFOAM-coefficient surrogate,-0.944986879825592,98897.9296875,unet,surrogate estimate; validate top designs with OpenFOAM,17.513824614688257,0.0
8.0,0.05743372638060159,0.04771353304386139,0.45026734462996065,15.814204532321748,0.7545673847198486,500000.0,random_01_aoa_8,random_01,direct OpenFOAM-coefficient surrogate,-1.337339162826538,98844.03125,unet,surrogate estimate; validate top designs with OpenFOAM,15.814204532321748,0.0
-2.0,0.007220299000719511,0.02330753020942211,0.07300906646030508,8.486834008079198,0.19781562685966492,500000.0,random_02_aoa_-2,random_02,direct OpenFOAM-coefficient surrogate,-0.6473932266235352,98935.9765625,unet,surrogate estimate; validate top designs with OpenFOAM,8.486834008079198,0.0
0.0,0.008338947353535148,0.021676136180758476,0.1079353860531782,18.62350920619452,0.40370434522628784,500000.0,random_02_aoa_0,random_02,direct OpenFOAM-coefficient surrogate,-0.8110564947128296,98911.984375,unet,surrogate estimate; validate top designs with OpenFOAM,18.62350920619452,0.0
2.0,0.007826057361964187,0.02507668361067772,0.1407697856597953,23.334455159190142,0.5851740837097168,500000.0,random_02_aoa_2,random_02,direct OpenFOAM-coefficient surrogate,-1.0147383213043213,98885.3671875,unet,surrogate estimate; validate top designs with OpenFOAM,23.334455159190142,0.0
4.0,0.006583919073002838,0.03287859261035919,0.17482285305521553,23.15091578006315,0.7611926794052124,500000.0,random_02_aoa_4,random_02,direct OpenFOAM-coefficient surrogate,-1.289512276649475,98850.046875,unet,surrogate estimate; validate top designs with OpenFOAM,23.15091578006315,0.0
6.0,0.006080577130222782,0.04600678011775017,0.21039597389510412,20.976818026248875,0.9650968313217163,500000.0,random_02_aoa_6,random_02,direct OpenFOAM-coefficient surrogate,-1.6083714962005615,98805.3125,unet,surrogate estimate; validate top designs with OpenFOAM,20.976818026248875,0.0
8.0,0.007662047285584116,0.06197074055671692,0.23699843247365576,18.972365201316908,1.175750494003296,500000.0,random_02_aoa_8,random_02,direct OpenFOAM-coefficient surrogate,-1.8407162427902222,98772.8828125,unet,surrogate estimate; validate top designs with OpenFOAM,18.972365201316908,0.0
-2.0,0.004588748519123961,0.023411370813846588,-0.043671151158774305,-2.403934462082151,-0.05628180503845215,500000.0,random_03_aoa_-2,random_03,direct OpenFOAM-coefficient surrogate,-0.6420819759368896,98927.8671875,unet,surrogate estimate; validate top designs with OpenFOAM,-2.403934462082151,0.0
0.0,0.004196388910383461,0.019376009702682495,0.008868543649748001,6.265287251492283,0.12140253186225891,500000.0,random_03_aoa_0,random_03,direct OpenFOAM-coefficient surrogate,-0.518033504486084,98954.8671875,unet,surrogate estimate; validate top designs with OpenFOAM,6.265287251492283,0.0
2.0,0.0027740551272816957,0.018562795594334602,0.05644194465992007,19.79717318672325,0.36751067638397217,500000.0,random_03_aoa_2,random_03,direct OpenFOAM-coefficient surrogate,-0.639563262462616,98937.078125,unet,surrogate estimate; validate top designs with OpenFOAM,19.79717318672325,0.0
4.0,0.0010428034678827735,0.02348260208964348,0.10218526712072348,23.65806914841972,0.5555766820907593,500000.0,random_03_aoa_4,random_03,direct OpenFOAM-coefficient surrogate,-0.9137096405029297,98906.7421875,unet,surrogate estimate; validate top designs with OpenFOAM,23.65806914841972,0.0
6.0,0.0006691395705202139,0.03560611978173256,0.16355175078332032,21.532211368764155,0.766700029373169,500000.0,random_03_aoa_6,random_03,direct OpenFOAM-coefficient surrogate,-1.340590000152588,98847.4453125,unet,surrogate estimate; validate top designs with OpenFOAM,21.532211368764155,0.0
8.0,0.005296733437103914,0.05472323298454285,0.23239336489914356,18.86920529903976,1.0326027870178223,500000.0,random_03_aoa_8,random_03,direct OpenFOAM-coefficient surrogate,-1.7605844736099243,98789.8828125,unet,surrogate estimate; validate top designs with OpenFOAM,18.86920529903976,0.0
-2.0,0.007354919673461496,0.025237567722797394,-0.2470295867750241,-8.791673912248317,-0.22188925743103027,500000.0,random_04_aoa_-2,random_04,direct OpenFOAM-coefficient surrogate,-0.8685314655303955,98897.9921875,unet,surrogate estimate; validate top designs with OpenFOAM,-8.791673912248317,0.0
0.0,0.0015626302812857392,0.02112535759806633,-0.1509082759753859,-3.75619145199831,-0.07935464382171631,500000.0,random_04_aoa_0,random_04,direct OpenFOAM-coefficient surrogate,-0.6522877216339111,98928.1328125,unet,surrogate estimate; validate top designs with OpenFOAM,-3.75619145199831,0.0
2.0,0.0033118180938569042,0.017834847792983055,-0.04259404263422207,6.0709783694562915,0.10828104615211487,500000.0,random_04_aoa_2,random_04,direct OpenFOAM-coefficient surrogate,-0.45970162749290466,98954.078125,unet,surrogate estimate; validate top designs with OpenFOAM,6.0709783694562915,0.0
4.0,0.009807422709578397,0.018719373270869255,0.05695496342578067,15.151822645086265,0.2836477756500244,500000.0,random_04_aoa_4,random_04,direct OpenFOAM-coefficient surrogate,-0.5117655992507935,98954.640625,unet,surrogate estimate; validate top designs with OpenFOAM,15.151822645086265,0.0
6.0,0.021834065993757215,0.02427460253238678,0.16753690664566698,17.86439330922854,0.43366891145706177,500000.0,random_04_aoa_6,random_04,direct OpenFOAM-coefficient surrogate,-0.7558614611625671,98922.0859375,unet,surrogate estimate; validate top designs with OpenFOAM,17.86439330922854,0.0
8.0,0.04172014797625733,0.03581107035279274,0.297184486254047,16.974839214607748,0.6079041361808777,500000.0,random_04_aoa_8,random_04,direct OpenFOAM-coefficient surrogate,-1.1302533149719238,98872.8359375,unet,surrogate estimate; validate top designs with OpenFOAM,16.974839214607748,0.0
-2.0,0.009571507469796582,0.025083955377340317,-0.0018832145159848605,7.186668481004265,0.1802772581577301,500000.0,random_05_aoa_-2,random_05,direct OpenFOAM-coefficient surrogate,-0.7109361886978149,98917.453125,unet,surrogate estimate; validate top designs with OpenFOAM,7.186668481004265,0.0
0.0,0.007523876733502449,0.022589165717363358,0.12551654138440613,15.411171813644616,0.3481409251689911,500000.0,random_05_aoa_0,random_05,direct OpenFOAM-coefficient surrogate,-0.5632547736167908,98944.9765625,unet,surrogate estimate; validate top designs with OpenFOAM,15.411171813644616,0.0
2.0,0.011829895988735606,0.023540079593658447,0.2731733295491398,23.33330514005948,0.54929119348526,500000.0,random_05_aoa_2,random_05,direct OpenFOAM-coefficient surrogate,-0.7471316456794739,98921.4375,unet,surrogate estimate; validate top designs with OpenFOAM,23.33330514005948,0.0
4.0,0.019930438186958534,0.02854853868484497,0.3869733002035172,24.864079525575267,0.7098580002784729,500000.0,random_05_aoa_4,random_05,direct OpenFOAM-coefficient surrogate,-0.941781222820282,98895.28125,unet,surrogate estimate; validate top designs with OpenFOAM,24.864079525575267,0.0
6.0,0.03244156577433077,0.03733005374670029,0.5003344608945223,23.80914493896354,0.888820469379425,500000.0,random_05_aoa_6,random_05,direct OpenFOAM-coefficient surrogate,-1.2706716060638428,98858.609375,unet,surrogate estimate; validate top designs with OpenFOAM,23.80914493896354,0.0
8.0,0.050980760335636435,0.05047084391117096,0.607270626230826,21.697088382764342,1.0950920581817627,500000.0,random_05_aoa_8,random_05,direct OpenFOAM-coefficient surrogate,-1.6095280647277832,98812.4375,unet,surrogate estimate; validate top designs with OpenFOAM,21.697088382764342,0.0
-2.0,0.004063501304046061,0.021963894367218018,-0.1585907523614052,-6.738682807171339,-0.14801445603370667,500000.0,oval_aoa_-2,oval,direct OpenFOAM-coefficient surrogate,-0.6894597411155701,98922.65625,unet,surrogate estimate; validate top designs with OpenFOAM,-6.738682807171339,0.0
0.0,-0.0006547936704476781,0.01692166179418564,-0.03779837743210069,3.4890908155770295,0.05904470384120941,500000.0,oval_aoa_0,oval,direct OpenFOAM-coefficient surrogate,-0.37131616473197937,98967.59375,unet,surrogate estimate; validate top designs with OpenFOAM,3.4890908155770295,0.0
2.0,0.0009736636321553071,0.017546186223626137,0.05635803837597415,13.437647614109189,0.23579290509223938,500000.0,oval_aoa_2,oval,direct OpenFOAM-coefficient surrogate,-0.45335653424263,98964.421875,unet,surrogate estimate; validate top designs with OpenFOAM,13.437647614109189,0.0
4.0,0.006288023477621412,0.022479213774204254,0.14186088894147347,17.015855963597136,0.38252007961273193,500000.0,oval_aoa_4,oval,direct OpenFOAM-coefficient surrogate,-0.6581741571426392,98932.1015625,unet,surrogate estimate; validate top designs with OpenFOAM,17.015855963597136,0.0
6.0,0.017549564645954033,0.033949486911296844,0.24701000127405176,16.107570470167907,0.546859860420227,500000.0,oval_aoa_6,oval,direct OpenFOAM-coefficient surrogate,-1.0726131200790405,98879.8515625,unet,surrogate estimate; validate top designs with OpenFOAM,16.107570470167907,0.0
8.0,0.03825574536564079,0.051163241267204285,0.3710965079533057,14.711514706962967,0.7527034878730774,500000.0,oval_aoa_8,oval,direct OpenFOAM-coefficient surrogate,-1.4781397581100464,98824.015625,unet,surrogate estimate; validate top designs with OpenFOAM,14.711514706962967,0.0
-2.0,0.002552075221639317,0.013377039693295956,-0.0340845824044538,-18.727948374830724,-0.2505432367324829,500000.0,naca_0008_aoa_-2,NACA 0008,direct OpenFOAM-coefficient surrogate,-0.3880048990249634,98958.7109375,pinn,surrogate estimate; validate top designs with OpenFOAM,-18.727948374830724,0.0
0.0,0.0013422872740382907,0.010540835559368134,0.005697054752973474,-3.7287535934640927,-0.03930790722370148,500000.0,naca_0008_aoa_0,NACA 0008,direct OpenFOAM-coefficient surrogate,-0.22954675555229187,98986.7890625,pinn,surrogate estimate; validate top designs with OpenFOAM,-3.7287535934640927,0.0
2.0,0.0012612200481355172,0.012489481829106808,0.04227117761171918,12.424902262087887,0.1551930159330368,500000.0,naca_0008_aoa_2,NACA 0008,direct OpenFOAM-coefficient surrogate,-0.3705761134624481,98966.21875,pinn,surrogate estimate; validate top designs with OpenFOAM,12.424902262087887,0.0
4.0,0.004009662041576449,0.019591981545090675,0.08290145189504873,18.329149788264335,0.35912269353866577,500000.0,naca_0008_aoa_4,NACA 0008,direct OpenFOAM-coefficient surrogate,-0.5833126902580261,98937.7265625,pinn,surrogate estimate; validate top designs with OpenFOAM,18.329149788264335,0.0
6.0,0.01058803314379327,0.03396502137184143,0.1289076006050943,16.63300556995153,0.5649570226669312,500000.0,naca_0008_aoa_6,NACA 0008,direct OpenFOAM-coefficient surrogate,-0.8172041773796082,98905.6875,pinn,surrogate estimate; validate top designs with OpenFOAM,16.63300556995153,0.0
8.0,0.020038885729497913,0.059833914041519165,0.17672481838453685,12.512947016884654,0.748711109161377,500000.0,naca_0008_aoa_8,NACA 0008,direct OpenFOAM-coefficient surrogate,-1.0311199426651,98870.3359375,pinn,surrogate estimate; validate top designs with OpenFOAM,12.512947016884654,0.0
-2.0,0.008109419043239322,0.016795100644230843,-0.1083150537814789,-16.4132237383971,-0.2756781578063965,500000.0,naca_0012_aoa_-2,NACA 0012,direct OpenFOAM-coefficient surrogate,-0.5484088063240051,98926.4765625,pinn,surrogate estimate; validate top designs with OpenFOAM,-16.4132237383971,0.0
0.0,0.0050262032205625265,0.0140928253531456,-0.01040935229394229,-4.059232759382658,-0.05721011757850647,500000.0,naca_0012_aoa_0,NACA 0012,direct OpenFOAM-coefficient surrogate,-0.3911541998386383,98957.6875,pinn,surrogate estimate; validate top designs with OpenFOAM,-4.059232759382658,0.0
2.0,0.005769916240572887,0.01585252955555916,0.08364844058523588,9.007144169499183,0.14279502630233765,500000.0,naca_0012_aoa_2,NACA 0012,direct OpenFOAM-coefficient surrogate,-0.5551394820213318,98944.9375,pinn,surrogate estimate; validate top designs with OpenFOAM,9.007144169499183,0.0
4.0,0.011299034627472287,0.021928541362285614,0.17688837559856396,15.656912959237589,0.3433489203453064,500000.0,naca_0012_aoa_4,NACA 0012,direct OpenFOAM-coefficient surrogate,-0.7546640634536743,98919.2109375,pinn,surrogate estimate; validate top designs with OpenFOAM,15.656912959237589,0.0
6.0,0.02301628087433102,0.032927945256233215,0.2749493456740967,16.566346549101308,0.545512318611145,500000.0,naca_0012_aoa_6,NACA 0012,direct OpenFOAM-coefficient surrogate,-0.9772354364395142,98886.1796875,pinn,surrogate estimate; validate top designs with OpenFOAM,16.566346549101308,0.0
8.0,0.04185742950455381,0.049324844032526016,0.37902594035115944,14.849675494323774,0.7324727773666382,500000.0,naca_0012_aoa_8,NACA 0012,direct OpenFOAM-coefficient surrogate,-1.1831492185592651,98842.34375,pinn,surrogate estimate; validate top designs with OpenFOAM,14.849675494323774,0.0
-2.0,0.002735267007516408,0.01804235577583313,0.09120528708355449,-1.4526970645491681,-0.026211529970169067,500000.0,naca_2412_aoa_-2,NACA 2412,direct OpenFOAM-coefficient surrogate,-0.4237561523914337,98953.4609375,pinn,surrogate estimate; validate top designs with OpenFOAM,-1.4526970645491681,0.0
0.0,0.00643701802046148,0.016663167625665665,0.1279517645343246,11.15124656354621,0.18582624197006226,500000.0,naca_2412_aoa_0,NACA 2412,direct OpenFOAM-coefficient surrogate,-0.5239722728729248,98961.9921875,pinn,surrogate estimate; validate top designs with OpenFOAM,11.15124656354621,0.0
2.0,0.011501427129580114,0.019100826233625412,0.17187097697594964,20.082832255828144,0.3836187720298767,500000.0,naca_2412_aoa_2,NACA 2412,direct OpenFOAM-coefficient surrogate,-0.652563214302063,98947.6640625,pinn,surrogate estimate; validate top designs with OpenFOAM,20.082832255828144,0.0
4.0,0.01896436739229385,0.024408351629972458,0.2253961158821845,23.301053724117637,0.5687636137008667,500000.0,naca_2412_aoa_4,NACA 2412,direct OpenFOAM-coefficient surrogate,-0.808666467666626,98921.8828125,pinn,surrogate estimate; validate top designs with OpenFOAM,23.301053724117637,0.0
6.0,0.02937105610212398,0.03400399163365364,0.2896453843378479,22.406475602980205,0.7619320154190063,500000.0,naca_2412_aoa_6,NACA 2412,direct OpenFOAM-coefficient surrogate,-1.0118485689163208,98880.5390625,pinn,surrogate estimate; validate top designs with OpenFOAM,22.406475602980205,0.0
8.0,0.04384361465299521,0.048317037522792816,0.36385308044133824,19.930793082784263,0.9630168080329895,500000.0,naca_2412_aoa_8,NACA 2412,direct OpenFOAM-coefficient surrogate,-1.2484605312347412,98837.953125,pinn,surrogate estimate; validate top designs with OpenFOAM,19.930793082784263,0.0
-2.0,0.003613786245444172,0.02002050168812275,0.03337805172867603,9.172899967839808,0.18365523219108582,500000.0,naca_4412_aoa_-2,NACA 4412,direct OpenFOAM-coefficient surrogate,-0.5425361394882202,98948.5390625,pinn,surrogate estimate; validate top designs with OpenFOAM,9.172899967839808,0.0
0.0,0.004219118307681801,0.01756124570965767,0.1076263840961352,23.682058186330583,0.41591012477874756,500000.0,naca_4412_aoa_0,NACA 4412,direct OpenFOAM-coefficient surrogate,-0.6859762668609619,98934.3828125,pinn,surrogate estimate; validate top designs with OpenFOAM,23.682058186330583,0.0
2.0,0.008286691303134029,0.020683586597442627,0.1813521025045101,29.53929798830926,0.6110081672668457,500000.0,naca_4412_aoa_2,NACA 4412,direct OpenFOAM-coefficient surrogate,-0.8264063000679016,98920.0078125,pinn,surrogate estimate; validate top designs with OpenFOAM,29.53929798830926,0.0
4.0,0.014993857330240959,0.02733680233359337,0.25963422799450203,29.050521446299673,0.7941774129867554,500000.0,naca_4412_aoa_4,NACA 4412,direct OpenFOAM-coefficient surrogate,-0.9949115514755249,98887.9375,pinn,surrogate estimate; validate top designs with OpenFOAM,29.050521446299673,0.0
6.0,0.02497372402762282,0.037780314683914185,0.34323093365770263,26.01949435128908,0.9830507040023804,500000.0,naca_4412_aoa_6,NACA 4412,direct OpenFOAM-coefficient surrogate,-1.2357245683670044,98849.1015625,pinn,surrogate estimate; validate top designs with OpenFOAM,26.01949435128908,0.0
8.0,0.03895936352540572,0.05258932709693909,0.421538647495138,22.40100665414951,1.1780762672424316,500000.0,naca_4412_aoa_8,NACA 4412,direct OpenFOAM-coefficient surrogate,-1.4291805028915405,98808.1171875,pinn,surrogate estimate; validate top designs with OpenFOAM,22.40100665414951,0.0
-2.0,-0.0010070855806282777,0.02123050019145012,0.1730829811106403,21.21315995537726,0.45038720965385437,500000.0,naca_6409_aoa_-2,NACA 6409,direct OpenFOAM-coefficient surrogate,-0.6375340223312378,98939.3203125,pinn,surrogate estimate; validate top designs with OpenFOAM,21.21315995537726,0.0
0.0,0.0016243109851328146,0.018744803965091705,0.2782722557320376,36.03280267543685,0.675463855266571,500000.0,naca_6409_aoa_0,NACA 6409,direct OpenFOAM-coefficient surrogate,-0.760857343673706,98920.7421875,pinn,surrogate estimate; validate top designs with OpenFOAM,36.03280267543685,0.0
2.0,0.010355681448610826,0.021788235753774643,0.38589339074390105,39.35079104327044,0.8574236631393433,500000.0,naca_6409_aoa_2,NACA 6409,direct OpenFOAM-coefficient surrogate,-0.8876062631607056,98905.0,pinn,surrogate estimate; validate top designs with OpenFOAM,39.35079104327044,0.0
4.0,0.0244941413805026,0.029219234362244606,0.48080705138790164,34.93161549634711,1.0207099914550781,500000.0,naca_6409_aoa_4,NACA 6409,direct OpenFOAM-coefficient surrogate,-1.018863558769226,98888.0078125,pinn,surrogate estimate; validate top designs with OpenFOAM,34.93161549634711,0.0
6.0,0.04239798346226273,0.040384504944086075,0.5523420274624662,29.248466641617675,1.1812140941619873,500000.0,naca_6409_aoa_6,NACA 6409,direct OpenFOAM-coefficient surrogate,-1.1625909805297852,98856.4765625,pinn,surrogate estimate; validate top designs with OpenFOAM,29.248466641617675,0.0
8.0,0.06197435982069885,0.056120097637176514,0.5963559462963183,23.869239129360942,1.3395678997039795,500000.0,naca_6409_aoa_8,NACA 6409,direct OpenFOAM-coefficient surrogate,-1.3092201948165894,98818.1015625,pinn,surrogate estimate; validate top designs with OpenFOAM,23.869239129360942,0.0
-2.0,0.011163706552431063,0.027742907404899597,0.120203233314574,23.940337894945518,0.6641985177993774,500000.0,naca_8412_aoa_-2,NACA 8412,direct OpenFOAM-coefficient surrogate,-0.8582692742347717,98916.7578125,pinn,surrogate estimate; validate top designs with OpenFOAM,23.940337894945518,0.0
0.0,0.009083502988518706,0.0258980430662632,0.17538395521035624,34.5912019967509,0.8958790302276611,500000.0,naca_8412_aoa_0,NACA 8412,direct OpenFOAM-coefficient surrogate,-0.9959232807159424,98893.4921875,pinn,surrogate estimate; validate top designs with OpenFOAM,34.5912019967509,0.0
2.0,0.0084045768284451,0.028540020808577538,0.2362480097943067,37.367037400082914,1.0664933919906616,500000.0,naca_8412_aoa_2,NACA 8412,direct OpenFOAM-coefficient surrogate,-1.1311696767807007,98868.796875,pinn,surrogate estimate; validate top designs with OpenFOAM,37.367037400082914,0.0
4.0,0.009164632329334491,0.03622124716639519,0.28620195791209024,33.321727729205435,1.2069878578186035,500000.0,naca_8412_aoa_4,NACA 8412,direct OpenFOAM-coefficient surrogate,-1.2483617067337036,98839.3828125,pinn,surrogate estimate; validate top designs with OpenFOAM,33.321727729205435,0.0
6.0,0.010507915801056275,0.04648430645465851,0.3219883957251615,28.79656878533824,1.3386173248291016,500000.0,naca_8412_aoa_6,NACA 8412,direct OpenFOAM-coefficient surrogate,-1.3509180545806885,98803.9296875,pinn,surrogate estimate; validate top designs with OpenFOAM,28.79656878533824,0.0
8.0,0.012607029016743715,0.05946717783808708,0.3451255263100322,24.67897939409589,1.467613935470581,500000.0,naca_8412_aoa_8,NACA 8412,direct OpenFOAM-coefficient surrogate,-1.4321876764297485,98765.7890625,pinn,surrogate estimate; validate top designs with OpenFOAM,24.67897939409589,0.0
-2.0,0.004644678051615835,0.01807306334376335,-0.0018640428540507082,-22.551632149297284,-0.40759962797164917,500000.0,random_01_aoa_-2,random_01,direct OpenFOAM-coefficient surrogate,-0.50246661901474,98950.0,pinn,surrogate estimate; validate top designs with OpenFOAM,-22.551632149297284,0.0
0.0,0.0062453663098058325,0.01750299334526062,0.03747909071452609,-12.688232911378922,-0.22209474444389343,500000.0,random_01_aoa_0,random_01,direct OpenFOAM-coefficient surrogate,-0.35233762860298157,98979.46875,pinn,surrogate estimate; validate top designs with OpenFOAM,-12.688232911378922,0.0
2.0,0.009993428247138529,0.019120115786790848,0.07473332437217066,-0.8617098952641219,-0.01647685468196869,500000.0,random_01_aoa_2,random_01,direct OpenFOAM-coefficient surrogate,-0.26567763090133667,98993.390625,pinn,surrogate estimate; validate top designs with OpenFOAM,-0.8617098952641219,0.0
4.0,0.015983352548375893,0.024627890437841415,0.11776783421747991,7.91874183144265,0.1950298249721527,500000.0,random_01_aoa_4,random_01,direct OpenFOAM-coefficient surrogate,-0.30550897121429443,98989.3046875,pinn,surrogate estimate; validate top designs with OpenFOAM,7.91874183144265,0.0
6.0,0.026261038735798565,0.0334901437163353,0.18011571906476825,11.69718203539093,0.3917520046234131,500000.0,random_01_aoa_6,random_01,direct OpenFOAM-coefficient surrogate,-0.3907797634601593,98977.15625,pinn,surrogate estimate; validate top designs with OpenFOAM,11.69718203539093,0.0
8.0,0.044285724703602494,0.046229466795921326,0.27081216205586184,12.025445077335684,0.5559419393539429,500000.0,random_01_aoa_8,random_01,direct OpenFOAM-coefficient surrogate,-0.5215355157852173,98956.96875,pinn,surrogate estimate; validate top designs with OpenFOAM,12.025445077335684,0.0
-2.0,0.007645665768058485,0.02322065830230713,0.08149986215020294,13.292116072513217,0.3086649775505066,500000.0,random_02_aoa_-2,random_02,direct OpenFOAM-coefficient surrogate,-0.7225152850151062,98939.3125,pinn,surrogate estimate; validate top designs with OpenFOAM,13.292116072513217,0.0
0.0,0.013879749217745901,0.021369406953454018,0.11558305440001554,25.41294790711414,0.5430850386619568,500000.0,random_02_aoa_0,random_02,direct OpenFOAM-coefficient surrogate,-0.8686504364013672,98920.84375,pinn,surrogate estimate; validate top designs with OpenFOAM,25.41294790711414,0.0
2.0,0.018286134984631386,0.024923175573349,0.1462492804928312,29.591653864615964,0.7375475764274597,500000.0,random_02_aoa_2,random_02,direct OpenFOAM-coefficient surrogate,-1.0189331769943237,98902.46875,pinn,surrogate estimate; validate top designs with OpenFOAM,29.591653864615964,0.0
4.0,0.02172990676742284,0.03158597648143768,0.1782270590838748,29.03289742328288,0.917061448097229,500000.0,random_02_aoa_4,random_02,direct OpenFOAM-coefficient surrogate,-1.170462727546692,98877.1171875,pinn,surrogate estimate; validate top designs with OpenFOAM,29.03289742328288,0.0
6.0,0.02409075162692624,0.04121270775794983,0.21138986725634876,26.437773133636775,1.0895986557006836,500000.0,random_02_aoa_6,random_02,direct OpenFOAM-coefficient surrogate,-1.3066636323928833,98845.921875,pinn,surrogate estimate; validate top designs with OpenFOAM,26.437773133636775,0.0
8.0,0.0256448907403632,0.05482635647058487,0.24394620460987784,23.01823421394565,1.2620289325714111,500000.0,random_02_aoa_8,random_02,direct OpenFOAM-coefficient surrogate,-1.410215139389038,98810.1015625,pinn,surrogate estimate; validate top designs with OpenFOAM,23.01823421394565,0.0
-2.0,0.0027401991041148543,0.019984349608421326,-0.07080222956432092,-6.928595897182165,-0.13847041130065918,500000.0,random_03_aoa_-2,random_03,direct OpenFOAM-coefficient surrogate,-0.32518965005874634,98949.1953125,pinn,surrogate estimate; validate top designs with OpenFOAM,-6.928595897182165,0.0
0.0,0.00033604859588377904,0.01339421235024929,-0.030781406337542658,7.487697554970716,0.10029929876327515,500000.0,random_03_aoa_0,random_03,direct OpenFOAM-coefficient surrogate,-0.29668232798576355,98977.59375,pinn,surrogate estimate; validate top designs with OpenFOAM,7.487697554970716,0.0
2.0,-0.0024266103940608704,0.014505714178085327,0.018081316766121555,20.407498675805307,0.2960457503795624,500000.0,random_03_aoa_2,random_03,direct OpenFOAM-coefficient surrogate,-0.46144095063209534,98954.609375,pinn,surrogate estimate; validate top designs with OpenFOAM,20.407498675805307,0.0
4.0,-0.003470784253703945,0.021284714341163635,0.07175880484803915,22.83100367845485,0.4859742224216461,500000.0,random_03_aoa_4,random_03,direct OpenFOAM-coefficient surrogate,-0.6767364740371704,98924.3515625,pinn,surrogate estimate; validate top designs with OpenFOAM,22.83100367845485,0.0
6.0,-0.0014729663271271544,0.03388196974992752,0.12121533729887567,20.318255198764852,0.6884428262710571,500000.0,random_03_aoa_6,random_03,direct OpenFOAM-coefficient surrogate,-0.8930554389953613,98898.671875,pinn,surrogate estimate; validate top designs with OpenFOAM,20.318255198764852,0.0
8.0,0.0039717973728219235,0.053601786494255066,0.16376459235571428,16.71030539145188,0.8957189321517944,500000.0,random_03_aoa_8,random_03,direct OpenFOAM-coefficient surrogate,-1.0653204917907715,98876.1875,pinn,surrogate estimate; validate top designs with OpenFOAM,16.71030539145188,0.0
-2.0,-0.006922531740226158,0.019500350579619408,-0.030757466271880522,-20.823454740863653,-0.4060854911804199,500000.0,random_04_aoa_-2,random_04,direct OpenFOAM-coefficient surrogate,-0.3389953672885895,98926.1484375,pinn,surrogate estimate; validate top designs with OpenFOAM,-20.823454740863653,0.0
0.0,-0.011943314953098949,0.014400932937860489,0.11633800479808473,-14.570729936140074,-0.20984667539596558,500000.0,random_04_aoa_0,random_04,direct OpenFOAM-coefficient surrogate,-0.5255025625228882,98909.3671875,pinn,surrogate estimate; validate top designs with OpenFOAM,-14.570729936140074,0.0
2.0,-0.009570765956304676,0.01616431586444378,0.2547635227761094,-1.773385127904441,-0.028667330741882324,500000.0,random_04_aoa_2,random_04,direct OpenFOAM-coefficient surrogate,-0.7409981489181519,98869.4765625,pinn,surrogate estimate; validate top designs with OpenFOAM,-1.773385127904441,0.0
4.0,0.0007339876906200113,0.023765824735164642,0.37586702519824566,6.262517641137015,0.14884015917778015,500000.0,random_04_aoa_4,random_04,direct OpenFOAM-coefficient surrogate,-0.9911894202232361,98817.9453125,pinn,surrogate estimate; validate top designs with OpenFOAM,6.262517641137015,0.0
6.0,0.019514577404470896,0.03684411942958832,0.4871977759299355,8.65207833350999,0.3187868595123291,500000.0,random_04_aoa_6,random_04,direct OpenFOAM-coefficient surrogate,-1.1926225423812866,98772.40625,pinn,surrogate estimate; validate top designs with OpenFOAM,8.65207833350999,0.0
8.0,0.0468407884809292,0.05752421170473099,0.5936344390036964,7.7836012582067235,0.44775331020355225,500000.0,random_04_aoa_8,random_04,direct OpenFOAM-coefficient surrogate,-1.3184455633163452,98736.1015625,pinn,surrogate estimate; validate top designs with OpenFOAM,7.7836012582067235,0.0
-2.0,0.0027839317987914296,0.025479868054389954,-0.08657927030025807,-0.22829579035855552,-0.0058171749114990234,500000.0,random_05_aoa_-2,random_05,direct OpenFOAM-coefficient surrogate,-0.2594914436340332,98966.0703125,pinn,surrogate estimate; validate top designs with OpenFOAM,-0.22829579035855552,0.0
0.0,-0.0050453809701810105,0.019951891154050827,0.005327716395034671,10.885377423659335,0.21719475090503693,500000.0,random_05_aoa_0,random_05,direct OpenFOAM-coefficient surrogate,-0.41919180750846863,98957.65625,pinn,surrogate estimate; validate top designs with OpenFOAM,10.885377423659335,0.0
2.0,-0.008824171522217573,0.018326325342059135,0.1202662678681273,22.65402988923352,0.4151877760887146,500000.0,random_05_aoa_2,random_05,direct OpenFOAM-coefficient surrogate,-0.6190806031227112,98928.1171875,pinn,surrogate estimate; validate top designs with OpenFOAM,22.65402988923352,0.0
4.0,-0.005329765290153245,0.024137351661920547,0.23059358009784564,25.19182822090525,0.6080892086029053,500000.0,random_05_aoa_4,random_05,direct OpenFOAM-coefficient surrogate,-0.8296430706977844,98901.1328125,pinn,surrogate estimate; validate top designs with OpenFOAM,25.19182822090525,0.0
6.0,0.004703972702284886,0.035704270005226135,0.31669636168262505,22.47333693083987,0.8024165630340576,500000.0,random_05_aoa_6,random_05,direct OpenFOAM-coefficient surrogate,-1.0107638835906982,98878.7578125,pinn,surrogate estimate; validate top designs with OpenFOAM,22.47333693083987,0.0
8.0,0.020041057137900692,0.05116377770900726,0.37989904397771107,19.553290522613395,1.0004397630691528,500000.0,random_05_aoa_8,random_05,direct OpenFOAM-coefficient surrogate,-1.1455777883529663,98858.8203125,pinn,surrogate estimate; validate top designs with OpenFOAM,19.553290522613395,0.0
-2.0,-0.003010297887962703,0.016772205010056496,-0.10100653799360003,-16.384538414911738,-0.2748212218284607,500000.0,oval_aoa_-2,oval,direct OpenFOAM-coefficient surrogate,-0.5171135067939758,98934.75,pinn,surrogate estimate; validate top designs with OpenFOAM,-16.384538414911738,0.0
0.0,-0.004868780000279119,0.01407674141228199,-0.010570749954330681,-4.001451259344734,-0.05633139610290527,500000.0,oval_aoa_0,oval,direct OpenFOAM-coefficient surrogate,-0.35853680968284607,98964.3359375,pinn,surrogate estimate; validate top designs with OpenFOAM,-4.001451259344734,0.0
2.0,-0.002808617204447892,0.015835724771022797,0.07539835392582804,9.078939344364118,0.1437806636095047,500000.0,oval_aoa_2,oval,direct OpenFOAM-coefficient surrogate,-0.4479997456073761,98959.4609375,pinn,surrogate estimate; validate top designs with OpenFOAM,9.078939344364118,0.0
4.0,0.0041192773178036785,0.02191162109375,0.16144608891685847,15.671230524189669,0.34339773654937744,500000.0,oval_aoa_4,oval,direct OpenFOAM-coefficient surrogate,-0.5934469699859619,98941.09375,pinn,surrogate estimate; validate top designs with OpenFOAM,15.671230524189669,0.0
6.0,0.017493119674266457,0.032920077443122864,0.2547498941682553,16.578663155675116,0.5457874536514282,500000.0,oval_aoa_6,oval,direct OpenFOAM-coefficient surrogate,-0.7882816195487976,98902.4765625,pinn,surrogate estimate; validate top designs with OpenFOAM,16.578663155675116,0.0
8.0,0.03827425475434141,0.04932102560997009,0.35777580451913304,14.864228372924819,0.733133852481842,500000.0,oval_aoa_8,oval,direct OpenFOAM-coefficient surrogate,-1.0185542106628418,98863.640625,pinn,surrogate estimate; validate top designs with OpenFOAM,14.864228372924819,0.0
-2.0,0.0008715120610565342,0.016369808465242386,-0.048515786681311075,-8.578707332077315,-0.14044037461280823,500000.0,naca_0008_aoa_-2,NACA 0008,direct OpenFOAM-coefficient surrogate,-0.37272414565086365,98971.875,fno,surrogate estimate; validate top designs with OpenFOAM,-8.578707332077315,0.0
0.0,-0.0007086399206545973,0.015718234702944756,-0.019896691876165447,0.5009384852432869,0.007874369621276855,500000.0,naca_0008_aoa_0,NACA 0008,direct OpenFOAM-coefficient surrogate,-0.3207094371318817,98975.265625,fno,surrogate estimate; validate top designs with OpenFOAM,0.5009384852432869,0.0
2.0,-0.00017585427509393323,0.018959779292345047,0.02965482106424788,8.749404182335157,0.1658955216407776,500000.0,naca_0008_aoa_2,NACA 0008,direct OpenFOAM-coefficient surrogate,-0.5500078797340393,98960.7734375,fno,surrogate estimate; validate top designs with OpenFOAM,8.749404182335157,0.0
4.0,0.0035402098663675956,0.029127582907676697,0.09509423962388783,14.244476095741096,0.4149214029312134,500000.0,naca_0008_aoa_4,NACA 0008,direct OpenFOAM-coefficient surrogate,-0.8146321773529053,98918.5390625,fno,surrogate estimate; validate top designs with OpenFOAM,14.244476095741096,0.0
6.0,0.013561526111784766,0.04289631545543671,0.1763488669402762,14.705047050722616,0.6308070421218872,500000.0,naca_0008_aoa_6,NACA 0008,direct OpenFOAM-coefficient surrogate,-1.1623064279556274,98852.5546875,fno,surrogate estimate; validate top designs with OpenFOAM,14.705047050722616,0.0
8.0,0.03316617440093043,0.057461030781269073,0.2953768786546248,13.663855966535545,0.7851529121398926,500000.0,naca_0008_aoa_8,NACA 0008,direct OpenFOAM-coefficient surrogate,-1.5481266975402832,98750.1328125,fno,surrogate estimate; validate top designs with OpenFOAM,13.663855966535545,0.0
-2.0,0.005498161332986287,0.017297586426138878,-0.10519549328996709,-8.827878079976363,-0.15270981192588806,500000.0,naca_0012_aoa_-2,NACA 0012,direct OpenFOAM-coefficient surrogate,-0.5224196910858154,98958.2421875,fno,surrogate estimate; validate top designs with OpenFOAM,-8.827878079976363,0.0
0.0,0.0029464437586134633,0.016425147652626038,-0.06915015370819434,-0.1009343659958644,-0.0016579627990722656,500000.0,naca_0012_aoa_0,NACA 0012,direct OpenFOAM-coefficient surrogate,-0.4338918626308441,98961.8359375,fno,surrogate estimate; validate top designs with OpenFOAM,-0.1009343659958644,0.0
2.0,0.0031572225172927753,0.019288958981633186,0.004381516155521467,7.894679024631223,0.1522880345582962,500000.0,naca_0012_aoa_2,NACA 0012,direct OpenFOAM-coefficient surrogate,-0.5021451115608215,98974.890625,fno,surrogate estimate; validate top designs with OpenFOAM,7.894679024631223,0.0
4.0,0.0076650329821189534,0.02678573504090309,0.10353514579487402,13.367054012342676,0.35805973410606384,500000.0,naca_0012_aoa_4,NACA 0012,direct OpenFOAM-coefficient surrogate,-0.796085774898529,98931.53125,fno,surrogate estimate; validate top designs with OpenFOAM,13.367054012342676,0.0
6.0,0.019895063972696074,0.03751540184020996,0.2349263792457415,15.071177093896004,0.5654163360595703,500000.0,naca_0012_aoa_6,NACA 0012,direct OpenFOAM-coefficient surrogate,-1.1048942804336548,98851.453125,fno,surrogate estimate; validate top designs with OpenFOAM,15.071177093896004,0.0
8.0,0.04179252910857299,0.04954258352518082,0.39252171705953554,14.853934629097619,0.7359171509742737,500000.0,naca_0012_aoa_8,NACA 0012,direct OpenFOAM-coefficient surrogate,-1.5421271324157715,98741.6484375,fno,surrogate estimate; validate top designs with OpenFOAM,14.853934629097619,0.0
-2.0,0.0011904532388563576,0.017841925844550133,0.06398665624346173,1.9961993506954108,0.03561803698539734,500000.0,naca_2412_aoa_-2,NACA 2412,direct OpenFOAM-coefficient surrogate,-0.38548794388771057,98974.40625,fno,surrogate estimate; validate top designs with OpenFOAM,1.9961993506954108,0.0
0.0,0.0028215985121195883,0.0201130248606205,0.12350506720356283,10.40632796120362,0.20931313931941986,500000.0,naca_2412_aoa_0,NACA 2412,direct OpenFOAM-coefficient surrogate,-0.4957781732082367,98973.2421875,fno,surrogate estimate; validate top designs with OpenFOAM,10.40632796120362,0.0
2.0,0.008584141828839471,0.026307418942451477,0.19575028990987775,15.92379971683908,0.4189299941062927,500000.0,naca_2412_aoa_2,NACA 2412,direct OpenFOAM-coefficient surrogate,-0.7512407302856445,98929.328125,fno,surrogate estimate; validate top designs with OpenFOAM,15.92379971683908,0.0
4.0,0.020513338678139443,0.035136256366968155,0.28527591557586457,18.1252370082815,0.6368710994720459,500000.0,naca_2412_aoa_4,NACA 2412,direct OpenFOAM-coefficient surrogate,-1.0346828699111938,98888.1796875,fno,surrogate estimate; validate top designs with OpenFOAM,18.1252370082815,0.0
6.0,0.03745928568014219,0.04551873356103897,0.3912501375470852,18.09869230400707,0.8238476514816284,500000.0,naca_2412_aoa_6,NACA 2412,direct OpenFOAM-coefficient surrogate,-1.3815940618515015,98834.0703125,fno,surrogate estimate; validate top designs with OpenFOAM,18.09869230400707,0.0
8.0,0.0648185669752297,0.05694935470819473,0.5303004336311202,17.160249320618963,0.9772822856903076,500000.0,naca_2412_aoa_8,NACA 2412,direct OpenFOAM-coefficient surrogate,-1.8037711381912231,98729.5078125,fno,surrogate estimate; validate top designs with OpenFOAM,17.160249320618963,0.0
-2.0,0.006360170058480513,0.020775824785232544,0.030628585521474343,6.906084123516421,0.14348649978637695,500000.0,naca_4412_aoa_-2,NACA 4412,direct OpenFOAM-coefficient surrogate,-0.46377843618392944,98975.5546875,fno,surrogate estimate; validate top designs with OpenFOAM,6.906084123516421,0.0
0.0,0.006863485009165626,0.02257751300930977,0.09678219840184539,14.0709593935917,0.3177013397216797,500000.0,naca_4412_aoa_0,NACA 4412,direct OpenFOAM-coefficient surrogate,-0.5620875954627991,98955.8046875,fno,surrogate estimate; validate top designs with OpenFOAM,14.0709593935917,0.0
2.0,0.010345627217984233,0.0281100831925869,0.18466284285105575,18.671613368882436,0.5248792767524719,500000.0,naca_4412_aoa_2,NACA 4412,direct OpenFOAM-coefficient surrogate,-0.7339922785758972,98934.4140625,fno,surrogate estimate; validate top designs with OpenFOAM,18.671613368882436,0.0
4.0,0.020165342792018894,0.036249421536922455,0.2913703420683969,20.424726999083752,0.7404049634933472,500000.0,naca_4412_aoa_4,NACA 4412,direct OpenFOAM-coefficient surrogate,-1.0811914205551147,98888.8359375,fno,surrogate estimate; validate top designs with OpenFOAM,20.424726999083752,0.0
6.0,0.037674251624558716,0.04635131359100342,0.4004612549494387,20.145689698670676,0.9337993264198303,500000.0,naca_4412_aoa_6,NACA 4412,direct OpenFOAM-coefficient surrogate,-1.4666885137557983,98818.671875,fno,surrogate estimate; validate top designs with OpenFOAM,20.145689698670676,0.0
8.0,0.06137502248882161,0.05773072689771652,0.5411452515493468,19.12930363157715,1.104367733001709,500000.0,naca_4412_aoa_8,NACA 4412,direct OpenFOAM-coefficient surrogate,-1.8710567951202393,98712.5859375,fno,surrogate estimate; validate top designs with OpenFOAM,19.12930363157715,0.0
-2.0,0.0011521290428071046,0.01935751922428608,0.09573319386151721,9.826761259763707,0.1902315467596054,500000.0,naca_6409_aoa_-2,NACA 6409,direct OpenFOAM-coefficient surrogate,-0.4017653465270996,98978.0703125,fno,surrogate estimate; validate top designs with OpenFOAM,9.826761259763707,0.0
0.0,0.0021834698699063327,0.02330339327454567,0.18062486715517503,15.884489980458465,0.3701784014701843,500000.0,naca_6409_aoa_0,NACA 6409,direct OpenFOAM-coefficient surrogate,-0.5281025767326355,98965.03125,fno,surrogate estimate; validate top designs with OpenFOAM,15.884489980458465,0.0
2.0,0.007965263018867266,0.030622009187936783,0.27431723519492535,18.998487735059157,0.5817908644676208,500000.0,naca_6409_aoa_2,NACA 6409,direct OpenFOAM-coefficient surrogate,-0.790648341178894,98929.390625,fno,surrogate estimate; validate top designs with OpenFOAM,18.998487735059157,0.0
4.0,0.021769283886107552,0.040646687150001526,0.3909506539366919,19.45963219037422,0.7909890413284302,500000.0,naca_6409_aoa_4,NACA 6409,direct OpenFOAM-coefficient surrogate,-1.1181206703186035,98874.1484375,fno,surrogate estimate; validate top designs with OpenFOAM,19.45963219037422,0.0
6.0,0.04632216545835548,0.0519980825483799,0.5601649749668879,18.78959308994858,0.9770416021347046,500000.0,naca_6409_aoa_6,NACA 6409,direct OpenFOAM-coefficient surrogate,-1.4567416906356812,98780.0703125,fno,surrogate estimate; validate top designs with OpenFOAM,18.78959308994858,0.0
8.0,0.10847212443117979,0.06289056688547134,1.0420892251400358,16.85960244212705,1.0603268146514893,500000.0,naca_6409_aoa_8,NACA 6409,direct OpenFOAM-coefficient surrogate,-1.580486536026001,98536.8984375,fno,surrogate estimate; validate top designs with OpenFOAM,16.85960244212705,0.0
-2.0,0.013816397567184372,0.027665138244628906,0.09484850195591758,17.823281082947194,0.4931013584136963,500000.0,naca_8412_aoa_-2,NACA 8412,direct OpenFOAM-coefficient surrogate,-0.7397098541259766,98927.234375,fno,surrogate estimate; validate top designs with OpenFOAM,17.823281082947194,0.0
0.0,0.015683184655284087,0.03173908591270447,0.14801969690810596,21.094943103686788,0.6695553064346313,500000.0,naca_8412_aoa_0,NACA 8412,direct OpenFOAM-coefficient surrogate,-0.8879227638244629,98907.46875,fno,surrogate estimate; validate top designs with OpenFOAM,21.094943103686788,0.0
2.0,0.018655498031633463,0.03756245970726013,0.20254594013353264,22.696730785139998,0.852567732334137,500000.0,naca_8412_aoa_2,NACA 8412,direct OpenFOAM-coefficient surrogate,-1.0835787057876587,98882.484375,fno,surrogate estimate; validate top designs with OpenFOAM,22.696730785139998,0.0
4.0,0.02379319954518763,0.045081280171871185,0.26146843385204566,23.103627903905142,1.0415642261505127,500000.0,naca_8412_aoa_4,NACA 8412,direct OpenFOAM-coefficient surrogate,-1.322446346282959,98849.875,fno,surrogate estimate; validate top designs with OpenFOAM,23.103627903905142,0.0
6.0,0.03351505209353473,0.05430234596133232,0.3402837268946458,22.528304747429864,1.2233623266220093,500000.0,naca_8412_aoa_6,NACA 8412,direct OpenFOAM-coefficient surrogate,-1.655296802520752,98800.8046875,fno,surrogate estimate; validate top designs with OpenFOAM,22.528304747429864,0.0
8.0,0.046235735481293144,0.06387598067522049,0.5482722353291926,21.17389371664625,1.3525243997573853,500000.0,naca_8412_aoa_8,NACA 8412,direct OpenFOAM-coefficient surrogate,-1.8577960729599,98594.3984375,fno,surrogate estimate; validate top designs with OpenFOAM,21.17389371664625,0.0
-2.0,0.006289043150031108,0.017038103193044662,-0.06624216301844867,-8.668989897904684,-0.14771181344985962,500000.0,random_01_aoa_-2,random_01,direct OpenFOAM-coefficient surrogate,-0.4419240951538086,98959.8125,fno,surrogate estimate; validate top designs with OpenFOAM,-8.668989897904684,0.0
0.0,0.005403992644284128,0.015945278108119965,-0.030389443323867844,-0.5196738392029682,-0.008286863565444946,500000.0,random_01_aoa_0,random_01,direct OpenFOAM-coefficient surrogate,-0.3811053931713104,98961.8359375,fno,surrogate estimate; validate top designs with OpenFOAM,-0.5196738392029682,0.0
2.0,0.0077974485839173895,0.01864505372941494,0.0719688968436945,7.5615143598977195,0.1409924030303955,500000.0,random_01_aoa_2,random_01,direct OpenFOAM-coefficient surrogate,-0.45649242401123047,98967.96875,fno,surrogate estimate; validate top designs with OpenFOAM,7.5615143598977195,0.0
4.0,0.0199696435476466,0.027555976063013077,0.21496930534679584,13.100900115317483,0.3610211908817291,500000.0,random_01_aoa_4,random_01,direct OpenFOAM-coefficient surrogate,-0.6735513210296631,98935.015625,fno,surrogate estimate; validate top designs with OpenFOAM,13.100900115317483,0.0
6.0,0.04412157226358523,0.040643107146024704,0.3906940364385198,14.07185049972675,0.5719377994537354,500000.0,random_01_aoa_6,random_01,direct OpenFOAM-coefficient surrogate,-0.9913100600242615,98872.546875,fno,surrogate estimate; validate top designs with OpenFOAM,14.07185049972675,0.0
8.0,0.08632539002425255,0.05487584322690964,0.6175289580530265,13.294939967010725,0.7295843362808228,500000.0,random_01_aoa_8,random_01,direct OpenFOAM-coefficient surrogate,-1.351640224456787,98778.2578125,fno,surrogate estimate; validate top designs with OpenFOAM,13.294939967010725,0.0
-2.0,0.013662838619562792,0.026959098875522614,0.1335683526643628,17.93465789636346,0.48352015018463135,500000.0,random_02_aoa_-2,random_02,direct OpenFOAM-coefficient surrogate,-0.7194204926490784,98927.453125,fno,surrogate estimate; validate top designs with OpenFOAM,17.93465789636346,0.0
0.0,0.017924483824397857,0.030794445425271988,0.16613425175428498,20.899284928678682,0.6436027884483337,500000.0,random_02_aoa_0,random_02,direct OpenFOAM-coefficient surrogate,-0.8323720097541809,98905.6171875,fno,surrogate estimate; validate top designs with OpenFOAM,20.899284928678682,0.0
2.0,0.022526535615091305,0.0362011194229126,0.20370095240996408,22.33268294891333,0.8084904551506042,500000.0,random_02_aoa_2,random_02,direct OpenFOAM-coefficient surrogate,-0.9964051842689514,98879.8828125,fno,surrogate estimate; validate top designs with OpenFOAM,22.33268294891333,0.0
4.0,0.029194957689469666,0.04323582351207733,0.24788170058130338,22.79861672252763,0.9857397675514221,500000.0,random_02_aoa_4,random_02,direct OpenFOAM-coefficient surrogate,-1.3117562532424927,98847.6171875,fno,surrogate estimate; validate top designs with OpenFOAM,22.79861672252763,0.0
6.0,0.040679094253487355,0.05172174051403999,0.30143721098844334,22.489853493838243,1.1632368564605713,500000.0,random_02_aoa_6,random_02,direct OpenFOAM-coefficient surrogate,-1.6727577447891235,98802.640625,fno,surrogate estimate; validate top designs with OpenFOAM,22.489853493838243,0.0
8.0,0.059250755575505014,0.06105000153183937,0.36980025953294143,21.57391484043536,1.3171091079711914,500000.0,random_02_aoa_8,random_02,direct OpenFOAM-coefficient surrogate,-1.9820367097854614,98702.21875,fno,surrogate estimate; validate top designs with OpenFOAM,21.57391484043536,0.0
-2.0,0.005403321302504365,0.018436282873153687,-0.026156716958107198,-5.830775245584947,-0.10750365257263184,500000.0,random_03_aoa_-2,random_03,direct OpenFOAM-coefficient surrogate,-0.31726688146591187,98981.375,fno,surrogate estimate; validate top designs with OpenFOAM,-5.830775245584947,0.0
0.0,0.005600142024584451,0.01734466664493084,0.0013327920209679836,4.192761868629477,0.07272624969482422,500000.0,random_03_aoa_0,random_03,direct OpenFOAM-coefficient surrogate,-0.340842604637146,98989.296875,fno,surrogate estimate; validate top designs with OpenFOAM,4.192761868629477,0.0
2.0,0.005498579198643021,0.02078470028936863,0.046268270143063714,12.318861340731075,0.25605615973472595,500000.0,random_03_aoa_2,random_03,direct OpenFOAM-coefficient surrogate,-0.4695985019207001,98970.7421875,fno,surrogate estimate; validate top designs with OpenFOAM,12.318861340731075,0.0
4.0,0.007498226968069359,0.02795146033167839,0.09857639171776018,17.14686528513351,0.47929707169532776,500000.0,random_03_aoa_4,random_03,direct OpenFOAM-coefficient surrogate,-0.6919055581092834,98935.984375,fno,surrogate estimate; validate top designs with OpenFOAM,17.14686528513351,0.0
6.0,0.012820604568817826,0.03826751932501793,0.16927590084991784,18.501901017455047,0.7080403566360474,500000.0,random_03_aoa_6,random_03,direct OpenFOAM-coefficient surrogate,-1.071560025215149,98881.390625,fno,surrogate estimate; validate top designs with OpenFOAM,18.501901017455047,0.0
8.0,0.025559314995971232,0.05032239109277725,0.28094416733656463,17.901254787866794,0.900851845741272,500000.0,random_03_aoa_8,random_03,direct OpenFOAM-coefficient surrogate,-1.476314663887024,98779.578125,fno,surrogate estimate; validate top designs with OpenFOAM,17.901254787866794,0.0
-2.0,0.00674613314885362,0.02108752168715,-0.04686457462948581,-7.474409398074951,-0.1576242446899414,500000.0,random_04_aoa_-2,random_04,direct OpenFOAM-coefficient surrogate,-0.3180311322212219,98975.203125,fno,surrogate estimate; validate top designs with OpenFOAM,-7.474409398074951,0.0
0.0,0.006231864213704296,0.017576614394783974,-0.012649266387418992,-1.3695449227333751,-0.02407333254814148,500000.0,random_04_aoa_0,random_04,direct OpenFOAM-coefficient surrogate,-0.3154504597187042,98971.2421875,fno,surrogate estimate; validate top designs with OpenFOAM,-1.3695449227333751,0.0
2.0,0.008482960524048686,0.018235400319099426,0.042063568024576406,6.966885141619232,0.12705090641975403,500000.0,random_04_aoa_2,random_04,direct OpenFOAM-coefficient surrogate,-0.40866008400917053,98979.828125,fno,surrogate estimate; validate top designs with OpenFOAM,6.966885141619232,0.0
4.0,0.014583701501885139,0.022653937339782715,0.11277615017427749,13.350965632556566,0.3024652898311615,500000.0,random_04_aoa_4,random_04,direct OpenFOAM-coefficient surrogate,-0.6152513027191162,98953.171875,fno,surrogate estimate; validate top designs with OpenFOAM,13.350965632556566,0.0
6.0,0.025751289704402037,0.030452687293291092,0.20293449828542526,16.48200435540917,0.5019378066062927,500000.0,random_04_aoa_6,random_04,direct OpenFOAM-coefficient surrogate,-0.858573853969574,98915.515625,fno,surrogate estimate; validate top designs with OpenFOAM,16.48200435540917,0.0
8.0,0.04298374585238617,0.0402635894715786,0.31188899670133163,17.15073970706118,0.6905674934387207,500000.0,random_04_aoa_8,random_04,direct OpenFOAM-coefficient surrogate,-1.1532114744186401,98872.7421875,fno,surrogate estimate; validate top designs with OpenFOAM,17.15073970706118,0.0
-2.0,0.009962797559351599,0.025370463728904724,-0.01146357370828177,2.910325482730054,0.0738392174243927,500000.0,random_05_aoa_-2,random_05,direct OpenFOAM-coefficient surrogate,-0.4306582510471344,98969.59375,fno,surrogate estimate; validate top designs with OpenFOAM,2.910325482730054,0.0
0.0,0.012018838880533105,0.022196734324097633,0.04594142841120983,10.36271494456237,0.23002879321575165,500000.0,random_05_aoa_0,random_05,direct OpenFOAM-coefficient surrogate,-0.5373351573944092,98962.359375,fno,surrogate estimate; validate top designs with OpenFOAM,10.36271494456237,0.0
2.0,0.014520631176339867,0.025117013603448868,0.144678727317365,16.707616867552332,0.41966214776039124,500000.0,random_05_aoa_2,random_05,direct OpenFOAM-coefficient surrogate,-0.6280722618103027,98937.9765625,fno,surrogate estimate; validate top designs with OpenFOAM,16.707616867552332,0.0
4.0,0.022100954613491052,0.030975112691521645,0.2643447814091034,20.264058488855664,0.6277017593383789,500000.0,random_05_aoa_4,random_05,direct OpenFOAM-coefficient surrogate,-0.7818732261657715,98912.59375,fno,surrogate estimate; validate top designs with OpenFOAM,20.264058488855664,0.0
6.0,0.040556225422858215,0.03924836963415146,0.4074298679629729,21.27541858562462,0.8350467681884766,500000.0,random_05_aoa_6,random_05,direct OpenFOAM-coefficient surrogate,-1.0942143201828003,98882.9375,fno,surrogate estimate; validate top designs with OpenFOAM,21.27541858562462,0.0
8.0,0.069764831686431,0.04935493320226669,0.5644602665606194,20.766481500636132,1.024949073791504,500000.0,random_05_aoa_8,random_05,direct OpenFOAM-coefficient surrogate,-1.474591851234436,98824.5625,fno,surrogate estimate; validate top designs with OpenFOAM,20.766481500636132,0.0
-2.0,0.0009194131242162603,0.018861256539821625,-0.0677962605673775,-7.070352351604161,-0.1333627998828888,500000.0,oval_aoa_-2,oval,direct OpenFOAM-coefficient surrogate,-0.5836519598960876,98957.921875,fno,surrogate estimate; validate top designs with OpenFOAM,-7.070352351604161,0.0
0.0,-0.0019330812194043524,0.017244305461645126,-0.0252133161875762,0.902447416876695,0.015562981367111206,500000.0,oval_aoa_0,oval,direct OpenFOAM-coefficient surrogate,-0.4506540894508362,98968.6796875,fno,surrogate estimate; validate top designs with OpenFOAM,0.902447416876695,0.0
2.0,-0.000551586456587011,0.020026419311761856,0.056894083800655346,8.826795220879616,0.1767779290676117,500000.0,oval_aoa_2,oval,direct OpenFOAM-coefficient surrogate,-0.5602310299873352,98969.3828125,fno,surrogate estimate; validate top designs with OpenFOAM,8.826795220879616,0.0
4.0,0.008026128657446863,0.026809439063072205,0.16414862891811735,14.139816554015695,0.3790946900844574,500000.0,oval_aoa_4,oval,direct OpenFOAM-coefficient surrogate,-0.8856872916221619,98921.2578125,fno,surrogate estimate; validate top designs with OpenFOAM,14.139816554015695,0.0
6.0,0.02401291651420384,0.036219529807567596,0.2866669832730837,15.983559700543587,0.5789330005645752,500000.0,oval_aoa_6,oval,direct OpenFOAM-coefficient surrogate,-1.1458830833435059,98866.6015625,fno,surrogate estimate; validate top designs with OpenFOAM,15.983559700543587,0.0
8.0,0.054852317630957194,0.046839721500873566,0.4579563552675011,15.9522961046085,0.747217059135437,500000.0,oval_aoa_8,oval,direct OpenFOAM-coefficient surrogate,-1.4722975492477417,98790.4765625,fno,surrogate estimate; validate top designs with OpenFOAM,15.9522961046085,0.0
-2.0,0.0011883780596274496,0.015382541343569756,-0.05040926256029942,-17.640895224447668,-0.2713794410228729,500000.0,naca_0008_aoa_-2,NACA 0008,direct OpenFOAM-coefficient surrogate,-0.4201788008213043,98961.7421875,deeponet,surrogate estimate; validate top designs with OpenFOAM,-17.640895224447668,0.0
0.0,-0.0008604470322818362,0.010675528086721897,-0.013663500457732954,-5.049845300787116,-0.053914815187454224,500000.0,naca_0008_aoa_0,NACA 0008,direct OpenFOAM-coefficient surrogate,-0.2722230851650238,98984.90625,deeponet,surrogate estimate; validate top designs with OpenFOAM,-5.049845300787116,0.0
2.0,-0.0006371774280999401,0.011205253191292286,0.0212265840310764,13.95573513796916,0.15639150142669678,500000.0,naca_0008_aoa_2,NACA 0008,direct OpenFOAM-coefficient surrogate,-0.39108356833457947,98971.9921875,deeponet,surrogate estimate; validate top designs with OpenFOAM,13.95573513796916,0.0
4.0,0.0016169981783602098,0.018998149782419205,0.05395294020249003,19.018484683622738,0.36133503913879395,500000.0,naca_0008_aoa_4,NACA 0008,direct OpenFOAM-coefficient surrogate,-0.5797171592712402,98945.921875,deeponet,surrogate estimate; validate top designs with OpenFOAM,19.018484683622738,0.0
6.0,0.005660292574489929,0.03584975749254227,0.08423619636121626,15.570969619056608,0.5582310557365417,500000.0,naca_0008_aoa_6,NACA 0008,direct OpenFOAM-coefficient surrogate,-0.7902103662490845,98918.4453125,deeponet,surrogate estimate; validate top designs with OpenFOAM,15.570969619056608,0.0
8.0,0.011414655772121123,0.06313642859458923,0.11240769771515713,11.681043324013608,0.7375110387802124,500000.0,naca_0008_aoa_8,NACA 0008,direct OpenFOAM-coefficient surrogate,-1.0075247287750244,98890.9375,deeponet,surrogate estimate; validate top designs with OpenFOAM,11.681043324013608,0.0
-2.0,0.004571994347298245,0.01868177019059658,-0.13785542242581353,-15.714474717100385,-0.29358991980552673,500000.0,naca_0012_aoa_-2,NACA 0012,direct OpenFOAM-coefficient surrogate,-0.5157300233840942,98949.09375,deeponet,surrogate estimate; validate top designs with OpenFOAM,-15.714474717100385,0.0
0.0,-0.0009747219898755638,0.014344562776386738,-0.040853946115690494,-5.418998494494854,-0.07773858308792114,500000.0,naca_0012_aoa_0,NACA 0012,direct OpenFOAM-coefficient surrogate,-0.36604321002960205,98971.8359375,deeponet,surrogate estimate; validate top designs with OpenFOAM,-5.418998494494854,0.0
2.0,-0.00026255078332457633,0.0143708735704422,0.05183954828980314,9.227119272041813,0.1326109915971756,500000.0,naca_0012_aoa_2,NACA 0012,direct OpenFOAM-coefficient surrogate,-0.48689135909080505,98964.203125,deeponet,surrogate estimate; validate top designs with OpenFOAM,9.227119272041813,0.0
4.0,0.006222432776310785,0.019788455218076706,0.13999544522543808,17.014492248290257,0.33670753240585327,500000.0,naca_0012_aoa_4,NACA 0012,direct OpenFOAM-coefficient surrogate,-0.6764728426933289,98938.2734375,deeponet,surrogate estimate; validate top designs with OpenFOAM,17.014492248290257,0.0
6.0,0.018083770982970523,0.031451545655727386,0.22398680928749887,16.919432057306295,0.5321592092514038,500000.0,naca_0012_aoa_6,NACA 0012,direct OpenFOAM-coefficient surrogate,-0.8757017254829407,98910.453125,deeponet,surrogate estimate; validate top designs with OpenFOAM,16.919432057306295,0.0
8.0,0.03509141407019546,0.050284817814826965,0.30445040230720866,14.198682417441065,0.7139923572540283,500000.0,naca_0012_aoa_8,NACA 0012,direct OpenFOAM-coefficient surrogate,-1.0771890878677368,98880.9765625,deeponet,surrogate estimate; validate top designs with OpenFOAM,14.198682417441065,0.0
-2.0,-0.00018028744119104784,0.017879797145724297,0.05359525904496709,-0.09516150666316049,-0.0017015635967254639,500000.0,naca_2412_aoa_-2,NACA 2412,direct OpenFOAM-coefficient surrogate,-0.40849438309669495,98977.6875,deeponet,surrogate estimate; validate top designs with OpenFOAM,-0.09516150666316049,0.0
0.0,-0.0001273506592843324,0.014744644984602928,0.11248871890329101,13.80895235406445,0.20362190902233124,500000.0,naca_2412_aoa_0,NACA 2412,direct OpenFOAM-coefficient surrogate,-0.5135970711708069,98969.8203125,deeponet,surrogate estimate; validate top designs with OpenFOAM,13.80895235406445,0.0
2.0,0.0036868120640178186,0.01606387086212635,0.1702743016845687,25.17366105286355,0.4044116139411926,500000.0,naca_2412_aoa_2,NACA 2412,direct OpenFOAM-coefficient surrogate,-0.6978498101234436,98949.328125,deeponet,surrogate estimate; validate top designs with OpenFOAM,25.17366105286355,0.0
4.0,0.011187129135526377,0.022271882742643356,0.2280073287435712,27.090762760005227,0.6033893823623657,500000.0,naca_2412_aoa_4,NACA 2412,direct OpenFOAM-coefficient surrogate,-0.9009115695953369,98925.875,deeponet,surrogate estimate; validate top designs with OpenFOAM,27.090762760005227,0.0
6.0,0.02253226260662757,0.03371921181678772,0.2865552376837327,23.825513177086883,0.8034013509750366,500000.0,naca_2412_aoa_6,NACA 2412,direct OpenFOAM-coefficient surrogate,-1.1199485063552856,98898.3984375,deeponet,surrogate estimate; validate top designs with OpenFOAM,23.825513177086883,0.0
8.0,0.03793923574004469,0.05141349881887436,0.3453191778941382,19.31305305433428,0.9929709434509277,500000.0,naca_2412_aoa_8,NACA 2412,direct OpenFOAM-coefficient surrogate,-1.339769959449768,98868.8203125,deeponet,surrogate estimate; validate top designs with OpenFOAM,19.31305305433428,0.0
-2.0,-0.0013111979919161233,0.021115558221936226,0.04482322713044368,8.018618993565548,0.16932563483715057,500000.0,naca_4412_aoa_-2,NACA 4412,direct OpenFOAM-coefficient surrogate,-0.34580790996551514,98988.6171875,deeponet,surrogate estimate; validate top designs with OpenFOAM,8.018618993565548,0.0
0.0,-0.002674215177117023,0.017904650419950485,0.10552403058785648,22.05318377442781,0.3948765993118286,500000.0,naca_4412_aoa_0,NACA 4412,direct OpenFOAM-coefficient surrogate,-0.5530200600624084,98962.265625,deeponet,surrogate estimate; validate top designs with OpenFOAM,22.05318377442781,0.0
2.0,-0.00026098444058496876,0.019092272967100143,0.16260880485258822,31.637738709545008,0.6040679812431335,500000.0,naca_4412_aoa_2,NACA 4412,direct OpenFOAM-coefficient surrogate,-0.7790803909301758,98932.5,deeponet,surrogate estimate; validate top designs with OpenFOAM,31.637738709545008,0.0
4.0,0.0055239890682793205,0.025232642889022827,0.21684456821747194,31.821790902304034,0.8029797077178955,500000.0,naca_4412_aoa_4,NACA 4412,direct OpenFOAM-coefficient surrogate,-1.0160510540008545,98900.0703125,deeponet,surrogate estimate; validate top designs with OpenFOAM,31.821790902304034,0.0
6.0,0.0144766863495109,0.036475591361522675,0.26848799378576566,27.28960366237813,0.9954317212104797,500000.0,naca_4412_aoa_6,NACA 4412,direct OpenFOAM-coefficient surrogate,-1.2662581205368042,98865.5703125,deeponet,surrogate estimate; validate top designs with OpenFOAM,27.28960366237813,0.0
8.0,0.0265313640847638,0.053315065801143646,0.31740788556064853,22.070156502349434,1.1766939163208008,500000.0,naca_4412_aoa_8,NACA 4412,direct OpenFOAM-coefficient surrogate,-1.5141226053237915,98827.78125,deeponet,surrogate estimate; validate top designs with OpenFOAM,22.070156502349434,0.0
-2.0,-0.0010286497012377553,0.023224271833896637,0.054522871612932206,9.060603882101214,0.21043498814105988,500000.0,naca_6409_aoa_-2,NACA 6409,direct OpenFOAM-coefficient surrogate,-0.21969468891620636,98985.765625,deeponet,surrogate estimate; validate top designs with OpenFOAM,9.060603882101214,0.0
0.0,-0.0032914361599813828,0.020139066502451897,0.11453806457213346,21.62876428720061,0.4356047511100769,500000.0,naca_6409_aoa_0,NACA 6409,direct OpenFOAM-coefficient surrogate,-0.41014671325683594,98957.984375,deeponet,surrogate estimate; validate top designs with OpenFOAM,21.62876428720061,0.0
2.0,-0.0016785458251608906,0.0204401146620512,0.17437455244398922,31.910889876594,0.6522941589355469,500000.0,naca_6409_aoa_2,NACA 6409,direct OpenFOAM-coefficient surrogate,-0.6383811235427856,98924.09375,deeponet,surrogate estimate; validate top designs with OpenFOAM,31.910889876594,0.0
4.0,0.003715445932255385,0.02500385418534279,0.23521543139852666,34.41899043844625,0.8606418371200562,500000.0,naca_6409_aoa_4,NACA 6409,direct OpenFOAM-coefficient surrogate,-0.8954817652702332,98884.078125,deeponet,surrogate estimate; validate top designs with OpenFOAM,34.41899043844625,0.0
6.0,0.012972547103308122,0.034559331834316254,0.2973345775009067,30.667357676160577,1.0598740577697754,500000.0,naca_6409_aoa_6,NACA 6409,direct OpenFOAM-coefficient surrogate,-1.1842255592346191,98838.09375,deeponet,surrogate estimate; validate top designs with OpenFOAM,30.667357676160577,0.0
8.0,0.02607592855359184,0.05023113638162613,0.35804514547348953,24.808450880320045,1.2461814880371094,500000.0,naca_6409_aoa_8,NACA 6409,direct OpenFOAM-coefficient surrogate,-1.4932101964950562,98786.9375,deeponet,surrogate estimate; validate top designs with OpenFOAM,24.808450880320045,0.0
-2.0,0.0010241340983720732,0.025897521525621414,0.021444734437759953,11.80150732722516,0.3056415915489197,500000.0,naca_8412_aoa_-2,NACA 8412,direct OpenFOAM-coefficient surrogate,-0.2983626425266266,98961.1640625,deeponet,surrogate estimate; validate top designs with OpenFOAM,11.80150732722516,0.0
0.0,-0.0050928308110059755,0.023533374071121216,0.05158790351155966,22.221911705548624,0.5229787826538086,500000.0,naca_8412_aoa_0,NACA 8412,direct OpenFOAM-coefficient surrogate,-0.48624715209007263,98931.1953125,deeponet,surrogate estimate; validate top designs with OpenFOAM,22.221911705548624,0.0
2.0,-0.009744963842429101,0.023993898183107376,0.0817271385327499,30.72202610429979,0.7371718883514404,500000.0,naca_8412_aoa_2,NACA 8412,direct OpenFOAM-coefficient surrogate,-0.6945315599441528,98896.8359375,deeponet,surrogate estimate; validate top designs with OpenFOAM,30.72202610429979,0.0
4.0,-0.013190552098486085,0.027891628444194794,0.11221879188109174,33.921330617927666,0.9461550712585449,500000.0,naca_8412_aoa_4,NACA 8412,direct OpenFOAM-coefficient surrogate,-0.9302315711975098,98855.28125,deeponet,surrogate estimate; validate top designs with OpenFOAM,33.921330617927666,0.0
6.0,-0.015528466998558059,0.03582962229847908,0.1431016063264926,32.0268376424053,1.1475415229797363,500000.0,naca_8412_aoa_6,NACA 8412,direct OpenFOAM-coefficient surrogate,-1.2166407108306885,98802.5703125,deeponet,surrogate estimate; validate top designs with OpenFOAM,32.0268376424053,0.0
8.0,-0.01663674084624046,0.04826008528470993,0.1737013394437857,27.716292393582993,1.337618350982666,500000.0,naca_8412_aoa_8,NACA 8412,direct OpenFOAM-coefficient surrogate,-1.523764967918396,98745.6328125,deeponet,surrogate estimate; validate top designs with OpenFOAM,27.716292393582993,0.0
-2.0,-0.009207488273230474,0.017251238226890564,-0.08648914994493148,-22.677697737575865,-0.39124104380607605,500000.0,random_01_aoa_-2,random_01,direct OpenFOAM-coefficient surrogate,-0.8065891861915588,98872.25,deeponet,surrogate estimate; validate top designs with OpenFOAM,-22.677697737575865,0.0
0.0,-0.009765503518918495,0.014760703779757023,-0.015073664329475121,-13.529962601438351,-0.19972530007362366,500000.0,random_01_aoa_0,random_01,direct OpenFOAM-coefficient surrogate,-0.6177971959114075,98908.78125,deeponet,surrogate estimate; validate top designs with OpenFOAM,-13.529962601438351,0.0
2.0,-0.005646322292006221,0.015425185672938824,0.05756486653292418,-0.29107724367032534,-0.004490211606025696,500000.0,random_01_aoa_2,random_01,direct OpenFOAM-coefficient surrogate,-0.4495941698551178,98944.2421875,deeponet,surrogate estimate; validate top designs with OpenFOAM,-0.29107724367032534,0.0
4.0,0.0031553532022192995,0.020364675670862198,0.13174942128421183,9.485837664911134,0.193185493350029,500000.0,random_01_aoa_4,random_01,direct OpenFOAM-coefficient surrogate,-0.5910510420799255,98955.6875,deeponet,surrogate estimate; validate top designs with OpenFOAM,9.485837664911134,0.0
6.0,0.016711996707387083,0.030982263386249542,0.2076798951967301,12.551289073792404,0.3888798952102661,500000.0,random_01_aoa_6,random_01,direct OpenFOAM-coefficient surrogate,-0.7516559958457947,98933.25,deeponet,surrogate estimate; validate top designs with OpenFOAM,12.551289073792404,0.0
8.0,0.03516255960523453,0.048959821462631226,0.28471016114784375,11.664915362185788,0.5711238384246826,500000.0,random_01_aoa_8,random_01,direct OpenFOAM-coefficient surrogate,-0.9197090268135071,98906.8828125,deeponet,surrogate estimate; validate top designs with OpenFOAM,11.664915362185788,0.0
-2.0,-0.00360696609512255,0.022582825273275375,0.06600737551029426,13.776794909128038,0.3111327290534973,500000.0,random_02_aoa_-2,random_02,direct OpenFOAM-coefficient surrogate,-0.5404089689254761,98963.5234375,deeponet,surrogate estimate; validate top designs with OpenFOAM,13.776794909128038,0.0
0.0,-0.004105294838831648,0.02075272426009178,0.09446925217791972,25.618821070793963,0.5316859483718872,500000.0,random_02_aoa_0,random_02,direct OpenFOAM-coefficient surrogate,-0.7676107287406921,98935.203125,deeponet,surrogate estimate; validate top designs with OpenFOAM,25.618821070793963,0.0
2.0,-0.0031625567433078636,0.023137908428907394,0.12362398812031557,31.815745286559487,0.7361816167831421,500000.0,random_02_aoa_2,random_02,direct OpenFOAM-coefficient surrogate,-1.0044952630996704,98904.5703125,deeponet,surrogate estimate; validate top designs with OpenFOAM,31.815745286559487,0.0
4.0,-0.0007419352801178729,0.02994031086564064,0.15350290805740366,31.119839046710705,0.9317687749862671,500000.0,random_02_aoa_4,random_02,direct OpenFOAM-coefficient surrogate,-1.2463985681533813,98871.7578125,deeponet,surrogate estimate; validate top designs with OpenFOAM,31.119839046710705,0.0
6.0,0.003330407182029282,0.04098895937204361,0.18388156618745397,27.34760948550583,1.1209774017333984,500000.0,random_02_aoa_6,random_02,direct OpenFOAM-coefficient surrogate,-1.4953539371490479,98836.6875,deeponet,surrogate estimate; validate top designs with OpenFOAM,27.34760948550583,0.0
8.0,0.00929786430230997,0.05648040026426315,0.21415552645188157,23.007841910001456,1.2995151281356812,500000.0,random_02_aoa_8,random_02,direct OpenFOAM-coefficient surrogate,-1.7390366792678833,98799.7578125,deeponet,surrogate estimate; validate top designs with OpenFOAM,23.007841910001456,0.0
-2.0,0.0033252181171777515,0.023045027628540993,-0.07381102299121137,-14.419265984965515,-0.33230680227279663,500000.0,random_03_aoa_-2,random_03,direct OpenFOAM-coefficient surrogate,-0.41285601258277893,98952.5546875,deeponet,surrogate estimate; validate top designs with OpenFOAM,-14.419265984965515,0.0
0.0,-0.001210134749187739,0.017189638689160347,-0.03220453903213521,-4.856710444634799,-0.08348995447158813,500000.0,random_03_aoa_0,random_03,direct OpenFOAM-coefficient surrogate,-0.24126006662845612,98979.3984375,deeponet,surrogate estimate; validate top designs with OpenFOAM,-4.856710444634799,0.0
2.0,-0.003433675957832378,0.01534346118569374,0.009612142843003454,10.152905568723734,0.15579086542129517,500000.0,random_03_aoa_2,random_03,direct OpenFOAM-coefficient surrogate,-0.34847694635391235,98975.0234375,deeponet,surrogate estimate; validate top designs with OpenFOAM,10.152905568723734,0.0
4.0,-0.0034583839282666235,0.019500866532325745,0.051376170438308,19.535216766954495,0.3809731900691986,500000.0,random_03_aoa_4,random_03,direct OpenFOAM-coefficient surrogate,-0.5938329696655273,98938.953125,deeponet,surrogate estimate; validate top designs with OpenFOAM,19.535216766954495,0.0
6.0,-0.0012991181342853497,0.0311701949685812,0.09253211798638512,18.961185711188943,0.5910428166389465,500000.0,random_03_aoa_6,random_03,direct OpenFOAM-coefficient surrogate,-0.8547667860984802,98898.96875,deeponet,surrogate estimate; validate top designs with OpenFOAM,18.961185711188943,0.0
8.0,0.0030675841699587046,0.05156424269080162,0.13204687815193647,15.21668151938863,0.7846518754959106,500000.0,random_03_aoa_8,random_03,direct OpenFOAM-coefficient surrogate,-1.1233609914779663,98856.9609375,deeponet,surrogate estimate; validate top designs with OpenFOAM,15.21668151938863,0.0
-2.0,-0.006082323372016764,0.02197141945362091,-0.21246313805558598,-32.4954483978881,-0.7140036225318909,500000.0,random_04_aoa_-2,random_04,direct OpenFOAM-coefficient surrogate,-0.6116538643836975,98891.625,deeponet,surrogate estimate; validate top designs with OpenFOAM,-32.4954483978881,0.0
0.0,-0.013300606814645491,0.020309042185544968,-0.09655050050052424,-24.347026404009085,-0.4944891333580017,500000.0,random_04_aoa_0,random_04,direct OpenFOAM-coefficient surrogate,-0.47881370782852173,98915.96875,deeponet,surrogate estimate; validate top designs with OpenFOAM,-24.347026404009085,0.0
2.0,-0.012629313539899665,0.02196953445672989,0.03451036305342637,-12.969590084272971,-0.28494882583618164,500000.0,random_04_aoa_2,random_04,direct OpenFOAM-coefficient surrogate,-0.48541074991226196,98922.1171875,deeponet,surrogate estimate; validate top designs with OpenFOAM,-12.969590084272971,0.0
4.0,-0.0025635094867039387,0.027779443189501762,0.17869722681190078,-3.0666915817207485,-0.08519405126571655,500000.0,random_04_aoa_4,random_04,direct OpenFOAM-coefficient surrogate,-0.6763381958007812,98874.40625,deeponet,surrogate estimate; validate top designs with OpenFOAM,-3.0666915817207485,0.0
6.0,0.017638174595647448,0.03874322026968002,0.3277068205563829,2.6730925096343965,0.10356688499450684,500000.0,random_04_aoa_6,random_04,direct OpenFOAM-coefficient surrogate,-0.8758492469787598,98821.796875,deeponet,surrogate estimate; validate top designs with OpenFOAM,2.6730925096343965,0.0
8.0,0.04698451258649792,0.0557137094438076,0.467861625298343,5.042974008417115,0.2809678316116333,500000.0,random_04_aoa_8,random_04,direct OpenFOAM-coefficient surrogate,-1.0850701332092285,98771.515625,deeponet,surrogate estimate; validate top designs with OpenFOAM,5.042974008417115,0.0
-2.0,0.018779508685780558,0.028929028660058975,-0.32551942800755745,-15.430003725404292,-0.44639045000076294,500000.0,random_05_aoa_-2,random_05,direct OpenFOAM-coefficient surrogate,-0.4611348807811737,98906.828125,deeponet,surrogate estimate; validate top designs with OpenFOAM,-15.430003725404292,0.0
0.0,0.0033200143452513037,0.023791328072547913,-0.2156084188845817,-8.576750114801422,-0.2040608525276184,500000.0,random_05_aoa_0,random_05,direct OpenFOAM-coefficient surrogate,-0.2893376350402832,98937.8046875,deeponet,surrogate estimate; validate top designs with OpenFOAM,-8.576750114801422,0.0
2.0,-0.005369901489243414,0.021193958818912506,-0.09153699189502003,1.9133873383118807,0.040554165840148926,500000.0,random_05_aoa_2,random_05,direct OpenFOAM-coefficient surrogate,-0.20795701444149017,98967.2421875,deeponet,surrogate estimate; validate top designs with OpenFOAM,1.9133873383118807,0.0
4.0,-0.00619769958310147,0.022426888346672058,0.047850916270853375,12.620204919317532,0.2830445468425751,500000.0,random_05_aoa_4,random_05,direct OpenFOAM-coefficient surrogate,-0.48859429359436035,98942.0234375,deeponet,surrogate estimate; validate top designs with OpenFOAM,12.620204919317532,0.0
6.0,0.0020218775038681924,0.028879251331090927,0.1988638871547781,17.74333104291361,0.5124318599700928,500000.0,random_05_aoa_6,random_05,direct OpenFOAM-coefficient surrogate,-0.7939566969871521,98883.2890625,deeponet,surrogate estimate; validate top designs with OpenFOAM,17.74333104291361,0.0
8.0,0.01978277524615293,0.04196976125240326,0.3519642809530338,17.318790359548252,0.726882815361023,500000.0,random_05_aoa_8,random_05,direct OpenFOAM-coefficient surrogate,-1.1131007671356201,98817.7890625,deeponet,surrogate estimate; validate top designs with OpenFOAM,17.318790359548252,0.0
-2.0,-0.003076490386507053,0.018682675436139107,-0.134506533518539,-15.710964976209793,-0.29353857040405273,500000.0,oval_aoa_-2,oval,direct OpenFOAM-coefficient surrogate,-0.51565021276474,98949.109375,deeponet,surrogate estimate; validate top designs with OpenFOAM,-15.710964976209793,0.0
0.0,-0.007660163202161355,0.014343705028295517,-0.039933769968352004,-5.417961708759655,-0.0777190625667572,500000.0,oval_aoa_0,oval,direct OpenFOAM-coefficient surrogate,-0.3659653067588806,98971.84375,deeponet,surrogate estimate; validate top designs with OpenFOAM,-5.417961708759655,0.0
2.0,-0.0063021298183530555,0.014369877055287361,0.05012245285650234,9.226988688600752,0.13259992003440857,500000.0,oval_aoa_2,oval,direct OpenFOAM-coefficient surrogate,-0.486807644367218,98964.2109375,deeponet,surrogate estimate; validate top designs with OpenFOAM,9.226988688600752,0.0
4.0,0.0005081913731462537,0.019788499921560287,0.13548134061547634,17.01438453895383,0.33670616149902344,500000.0,oval_aoa_4,oval,direct OpenFOAM-coefficient surrogate,-0.6763865947723389,98938.28125,deeponet,surrogate estimate; validate top designs with OpenFOAM,17.01438453895383,0.0
6.0,0.012339766943158012,0.03145340457558632,0.2166149761494875,16.91805314717293,0.5321472883224487,500000.0,oval_aoa_6,oval,direct OpenFOAM-coefficient surrogate,-0.8756209015846252,98910.4609375,deeponet,surrogate estimate; validate top designs with OpenFOAM,16.91805314717293,0.0
8.0,0.028992064600892677,0.050290290266275406,0.2943019325193252,14.196970274948425,0.713983952999115,500000.0,oval_aoa_8,oval,direct OpenFOAM-coefficient surrogate,-1.0771141052246094,98880.984375,deeponet,surrogate estimate; validate top designs with OpenFOAM,14.196970274948425,0.0
