AoA,Cd_grid_pressure,Cd_model_integrated_pressure,Cd_model_pressure,Cd_openfoam_total,Cl_grid_pressure,Cl_model_integrated_pressure,Cl_model_pressure,Cl_openfoam_total,L_over_D_model_pressure,L_over_D_openfoam_total,Re,U_inf,case,model,naca
-4.0,0.011003579829418637,0.23325263097586732,0.02846241556107998,0.03793027,-0.14837193726470765,-1.9624050482942745,-0.3152410387992859,-0.5082811,-11.075695178534044,-13.400408170044663,100000.0,0.09999999999999999,case_161,unet,0018
-4.0,0.010607259476576866,0.06014551968813367,0.02829911932349205,0.03277269,-0.15172910685751106,-0.4816308064840941,-0.3092275559902191,-0.5197019,-10.927108807005133,-15.857773652391673,200000.0,0.19999999999999998,case_162,unet,0018
-4.0,0.011480677512938573,0.010654556373341393,0.0277116596698761,0.03097693,-0.14836629445924762,-0.07195026723668442,-0.28915587067604065,-0.5096941,-10.434447958754593,-16.45399011457882,500000.0,0.5,case_163,unet,0018
-4.0,0.011398486771332126,0.0032666204762035046,0.02635987475514412,0.0299423,-0.14937422604597808,-0.015017252647909827,-0.2468261420726776,-0.5130127,-9.36370693584231,-17.133376527521264,1000000.0,1.0,case_164,unet,0018
-2.0,0.011443416302752907,0.2761859975362385,0.02634347975254059,0.03379945,-0.08757321462877271,-1.4997132246470504,-0.24631530046463013,-0.2996185,-9.350142911202735,-8.864596909121301,100000.0,0.09999999999999999,case_165,unet,0018
-2.0,0.01108330772768074,0.07337014308349148,0.026011234149336815,0.02803965,-0.08780633569024239,-0.3562729152040262,-0.23621487617492676,-0.2996733,-9.08126368855702,-10.687483616949569,200000.0,0.19999999999999998,case_166,unet,0018
-2.0,0.010825346235246242,0.013919048911269815,0.024897297844290733,0.02486737,-0.09017743057912293,-0.0466884139343584,-0.20165783166885376,-0.3073287,-8.099587068847171,-12.358713446576779,500000.0,0.5,case_167,unet,0018
-2.0,0.010740158169826609,0.004318044648446866,0.022715354338288307,0.02379338,-0.09096552248619358,-0.006004008809104986,-0.12294161319732666,-0.3098783,-5.412269223997973,-13.02371920256811,1000000.0,1.0,case_168,unet,0018
0.0,0.011338937208183157,0.4129914760039772,0.022679045796394348,0.03130639,-0.027259108679219872,-0.5945853214365504,-0.12165531516075134,-0.08984878,-5.364216654128051,-2.869982134637689,100000.0,0.09999999999999999,case_169,unet,0018
0.0,0.010969479388716983,0.10855257770168618,0.022202838212251663,0.02556863,-0.027663341687568167,-0.1115451390044816,-0.10033100843429565,-0.08992623,-4.518837072772633,-3.517053123299919,200000.0,0.19999999999999998,case_170,unet,0018
0.0,0.01071509638149089,0.020672776156195522,0.020768817514181137,0.02233096,-0.029307171039345103,0.005683964029265467,-0.02036134898662567,-0.09508687,-0.980380754596296,-4.2580735445318965,500000.0,0.5,case_171,unet,0018
0.0,0.010631396657093752,0.00581068892245923,0.019398175179958344,0.02123477,-0.02985997922310871,0.014197959629205028,0.13254417479038239,-0.09681507,6.832816672741638,-4.559270950427059,1000000.0,1.0,case_172,unet,0018
2.0,0.010250715954690738,0.6296485248450683,0.019408542662858963,0.03034441,0.03424186617840417,1.429515581294078,0.13434375822544098,0.1254616,6.921887982992514,4.134586897553784,100000.0,0.09999999999999999,case_173,unet,0018
2.0,0.009868940591431223,0.157490562495096,0.01943148300051689,0.0249507,0.03354198155759765,0.4220225917025026,0.15984492003917694,0.1236389,8.22607929795811,4.955327906631878,200000.0,0.19999999999999998,case_174,unet,0018
2.0,0.010623541370845604,0.0240032501260915,0.020000915974378586,0.02308966,0.03218667045466137,0.09655819225875718,0.23017144203186035,0.1195883,11.508045047872445,5.179301037780547,500000.0,0.5,case_175,unet,0018
2.0,0.010535950199227538,0.005189454101321641,0.02216239646077156,0.02198144,0.03188149102158828,0.034378731911560365,0.33943432569503784,0.1187158,15.315777167683644,5.400728978629243,1000000.0,1.0,case_176,unet,0018
4.0,0.01115365018847206,0.6372973242328736,0.022201795130968094,0.036218,0.09342409413919585,3.4121129909262886,0.33966922760009766,0.3308058,15.299178539230427,9.133740129217516,100000.0,0.09999999999999999,case_177,unet,0018
4.0,0.010681570831060262,0.15672382279184466,0.022772114723920822,0.03049074,0.09318633650246988,0.8969586119104519,0.3605915307998657,0.3319597,15.834784567508114,10.887230024591073,200000.0,0.19999999999999998,case_178,unet,0018
4.0,0.010397007493087876,0.023791610953456832,0.024740979075431824,0.02722776,0.09306769959974243,0.1633391652813143,0.42256075143814087,0.3320941,17.079386799924595,12.196893905337788,500000.0,0.5,case_179,unet,0018
4.0,0.01030068214569218,0.005396218593684512,0.028773564845323563,0.02612214,0.09302060760695371,0.04853013966431442,0.5183427333831787,0.3321273,18.014546899892476,12.714398590620831,1000000.0,1.0,case_180,unet,0018
6.0,0.011538335318828646,0.7080490430010068,0.02880845218896866,0.04369375,0.1505211922168211,4.813469613476165,0.5178326368331909,0.5282177,17.97502460168546,12.08909054498641,100000.0,0.09999999999999999,case_181,unet,0018
6.0,0.011000213892544405,0.17557031240928225,0.029709644615650177,0.03801949,0.15024883845361797,1.2409542430043754,0.5356426239013672,0.530507,18.029250461623032,13.95355382200024,200000.0,0.19999999999999998,case_182,unet,0018
6.0,0.010685898371282407,0.027384197379707497,0.03260256350040436,0.03479365,0.15085023473576772,0.21683327190063348,0.5876626968383789,0.5331513,18.025045694062992,15.323235705365777,500000.0,0.5,case_183,unet,0018
6.0,0.010581589948952294,0.006509631972170399,0.038144104182720184,0.03369825,0.1510679148184768,0.06238833305024344,0.671453595161438,0.5340996,17.603076793860478,15.849475862989918,1000000.0,1.0,case_184,unet,0018
8.0,0.010474442063043614,0.8672585532204485,0.03818449378013611,0.05151452,0.20995974022952935,6.190309509824028,0.6700212955474854,0.734545,17.546947182419792,14.258989504318395,100000.0,0.09999999999999999,case_185,unet,0018
8.0,0.011613596504538587,0.21639140049523983,0.03941270336508751,0.04913025,0.20400918997149486,1.591092585489765,0.686447024345398,0.7164098,17.41689774453445,14.581847232611272,200000.0,0.19999999999999998,case_186,unet,0018
8.0,0.011280832582068617,0.034328313286210034,0.04331362992525101,0.04600582,0.20506593184957733,0.27625144651474487,0.7373157739639282,0.7207146,17.022719528156827,15.665726640672853,500000.0,0.5,case_187,unet,0018
8.0,0.011164102200940815,0.008310378423551534,0.05039280652999878,0.04493927,0.20556797319034176,0.07842555254132037,0.8318660259246826,0.7226296,16.50763438685388,16.08013659322904,1000000.0,1.0,case_188,unet,0018
10.0,0.011310427626110954,1.1036454114682346,0.05043865740299225,0.06576742,0.2605010655449675,7.7884899012021265,0.8290143609046936,0.9071514,16.43609095858909,13.793325023240993,100000.0,0.09999999999999999,case_189,unet,0018
10.0,0.010719429002448617,0.2754183327272048,0.05188966169953346,0.06072158,0.2637571804815546,1.994540285683795,0.8493077754974365,0.9193335,16.367572030346704,15.140144574630636,200000.0,0.19999999999999998,case_190,unet,0018
10.0,0.012360134321080133,0.04363171565350817,0.05631640553474426,0.06083848,0.2535986531775941,0.342434580496834,0.9130821228027344,0.8871204,16.213430422852728,14.58156745533419,500000.0,0.5,case_191,unet,0018
10.0,0.012228088676068803,0.010692520484333678,0.06355884671211243,0.05982066,0.25439831964244847,0.09593280217533288,1.023714303970337,0.8900587,16.106558833693366,14.878784353098077,1000000.0,1.0,case_192,unet,0018
-4.0,0.01457063863535287,0.35486985742520355,0.03166637569665909,0.04051213,-0.003885927674579307,-0.18801607622419728,-0.02631443738937378,-0.0486621,-0.8309898689211233,-1.2011735744331389,100000.0,0.09999999999999999,case_321,unet,4418
-4.0,0.01433506480417902,0.08949314374850137,0.03149759769439697,0.03497618,-0.0030507427366826332,-0.009482603940315614,-0.012709319591522217,-0.04490226,-0.40350123570798685,-1.283795428774669,200000.0,0.19999999999999998,case_322,unet,4418
-4.0,0.014143790270928743,0.014658648596056645,0.030856410041451454,0.03173082,-0.003179398716236312,0.017301935994905603,0.03060254454612732,-0.04551806,0.9917726820785989,-1.4345062623657379,500000.0,0.5,case_323,unet,4418
-4.0,0.014080478316199834,0.003712259235035976,0.029317589476704597,0.03063268,-0.0032355092748729956,0.01269159238790587,0.11374351382255554,-0.0457355,3.8797021123764206,-1.4930296663563227,1000000.0,1.0,case_324,unet,4418
-2.0,0.012998827013358222,0.415841225880289,0.02927224710583687,0.03628638,0.08348950832968187,1.2759558071982553,0.11317577958106995,0.1583637,3.866316759757838,4.364273868046358,100000.0,0.09999999999999999,case_325,unet,4418
-2.0,0.012756590008773496,0.10471507412279664,0.028917551040649414,0.03072196,0.08470598921295883,0.36406397365900045,0.1313665211200714,0.1628461,4.542795513195756,5.300641625729608,200000.0,0.19999999999999998,case_326,unet,4418
-2.0,0.012549531159347035,0.01658852557990588,0.027715006843209267,0.02741803,0.08551072846648058,0.08242820495665383,0.18888559937477112,0.1645983,6.815282436816424,6.00328688822647,500000.0,0.5,case_327,unet,4418
-2.0,0.012479438869718305,0.003334777692535641,0.0251789353787899,0.02630018,0.0857751511843615,0.03495555677238039,0.29056984186172485,0.1651646,11.540195702892726,6.279979832837646,1000000.0,1.0,case_328,unet,4418
0.0,0.015042629129962447,0.4522550223680839,0.025090228766202927,0.03324144,0.17245364598227583,3.5214900686998196,0.2903869152069092,0.3727979,11.573705362067745,11.214854109809925,100000.0,0.09999999999999999,case_329,unet,4418
0.0,0.014805169915604686,0.10902207301221149,0.024607263505458832,0.02778104,0.17511571500961826,0.9721490515544204,0.30971187353134155,0.3787273,12.586197301566491,13.63258178959463,200000.0,0.19999999999999998,case_330,unet,4418
0.0,0.014649425646595951,0.015908021247727985,0.02364545688033104,0.02442649,0.17664710579420043,0.2004055113433057,0.36039531230926514,0.3822425,15.24163031119319,15.648687142524366,500000.0,0.5,case_331,unet,4418
0.0,0.015232748203362142,0.0036181046343160225,0.024175692349672318,0.02525602,0.17632738796009922,0.06568944000224632,0.44343802332878113,0.3819545,18.34230916389005,15.123305255539075,1000000.0,1.0,case_332,unet,4418
2.0,0.02284225866125178,0.5900899087390545,0.02421214058995247,0.03799723,0.25961903080778254,6.543652129227943,0.4442114531993866,0.5838863,18.346641080703332,15.366549087920356,100000.0,0.09999999999999999,case_333,unet,4418
2.0,0.022576856318536707,0.1478869344329114,0.024534761905670166,0.03218518,0.2617114446212049,1.699536852443941,0.4633360505104065,0.5895077,18.884880655936836,18.316122513529518,200000.0,0.19999999999999998,case_334,unet,4418
2.0,0.022461632554039768,0.023785415992829743,0.025917217135429382,0.02886651,0.26447184173542865,0.30027094108243046,0.5269862413406372,0.5960212,20.333442382601945,20.647497740461176,500000.0,0.5,case_335,unet,4418
2.0,0.022423352600413643,0.005973054427074941,0.029166944324970245,0.02774306,0.26538133356506716,0.08642468177383586,0.6460566520690918,0.5981646,22.150302920693456,21.560873241812548,1000000.0,1.0,case_336,unet,4418
4.0,0.03295548126811787,0.8970667293165548,0.029194850474596024,0.04386799,0.34387842323058937,8.589865610851806,0.6463885307312012,0.7913434,22.140498074948454,18.03919896945358,100000.0,0.09999999999999999,case_337,unet,4418
4.0,0.03272147211711305,0.22612532412788644,0.02991381101310253,0.03803672,0.34592801999915135,2.2042585417749736,0.669414222240448,0.7973453,22.37809893053206,20.962514643744253,200000.0,0.19999999999999998,case_338,unet,4418
4.0,0.03269257123819427,0.03694732573517469,0.0321219377219677,0.03477942,0.3496499426596234,0.3801524166160332,0.7341628074645996,0.8062551,22.85549563725469,23.181959331121682,500000.0,0.5,case_339,unet,4418
4.0,0.032682877931517175,0.009454708091937386,0.036082156002521515,0.03367615,0.350880227276308,0.10700071853377333,0.8293441534042358,0.80919,22.984883534849722,24.028578088647304,1000000.0,1.0,case_340,unet,4418
6.0,0.04519376564499039,1.3160463725579206,0.03608544543385506,0.04954634,0.42760178908892255,10.626769790605119,0.8284786939620972,1.003179,22.95880469262063,20.247287690675034,100000.0,0.09999999999999999,case_341,unet,4418
6.0,0.04532924386116452,0.3319513975284363,0.03695034980773926,0.04424011,0.4340065646316452,2.7193721723830118,0.8460415601730347,1.018464,22.896713145482348,23.021280914536607,200000.0,0.19999999999999998,case_342,unet,4418
6.0,0.04586234693793636,0.05442782580595883,0.03969813510775566,0.04377302,0.42914942755197133,0.4663502224129694,0.8984570503234863,1.006376,22.63222309775349,22.99078290691389,500000.0,0.5,case_343,unet,4418
6.0,0.045387414990356846,0.014043359005854756,0.044985659420490265,0.03997996,0.43805448696806865,0.13045554669606588,0.9869953989982605,1.028394,21.940222989122162,25.72273709128273,1000000.0,1.0,case_344,unet,4418
8.0,0.06063166370134089,1.8562255794890001,0.04500090330839157,0.06150943,0.5001136168716068,12.952370602183704,0.985239565372467,1.191142,21.893773078744932,19.36519327199098,100000.0,0.09999999999999999,case_345,unet,4418
8.0,0.06113434138946142,0.4683426043420188,0.046159785240888596,0.05930054,0.49397478071215734,3.3100798401720657,1.0032745599746704,1.175576,21.734818624891787,19.824035329189243,200000.0,0.19999999999999998,case_346,unet,4418
8.0,0.061382408710431234,0.07684121202410146,0.04982853680849075,0.05629445,0.4995635912463564,0.5648837431765333,1.057919979095459,1.18912,21.23120699211842,21.123219073993972,500000.0,0.5,case_347,unet,4418
8.0,0.061464281916761794,0.01969256095584092,0.05626623332500458,0.05527096,0.5014290203220954,0.1554898727464832,1.1465561389923096,1.193646,20.3773395025322,21.596259590931655,1000000.0,1.0,case_348,unet,4418
10.0,0.077857527330082,2.5100124418641685,0.056313976645469666,0.07611279,0.5638849142421103,15.443253623252266,1.1446757316589355,1.36202,20.32667198882717,17.894758555033917,100000.0,0.09999999999999999,case_349,unet,4418
10.0,0.07804924525349945,0.6304868197554443,0.0576050728559494,0.07434967,0.5532268010539028,3.926303671938992,1.1613337993621826,1.335688,20.1602696044892,17.964948600309857,200000.0,0.19999999999999998,case_350,unet,4418
10.0,0.07846969057431452,0.10160400478137739,0.061474718153476715,0.0715554,0.5596562293862938,0.6565112847954243,1.206623911857605,1.351363,19.627969807769897,18.885548819516067,500000.0,0.5,case_351,unet,4418
10.0,0.07861306438311709,0.025267980767127295,0.06724873185157776,0.07059608,0.5618359102586369,0.17305751061542413,1.2651340961456299,1.356682,18.81275767307942,19.217525958948425,1000000.0,1.0,case_352,unet,4418
-4.0,0.011003579829418637,0.2807114273937185,0.0324922576546669,0.03793027,-0.14837193726470765,-0.4092548884817979,-0.42310768365859985,-0.5082811,-13.021800090207902,-13.400408170044663,100000.0,0.09999999999999999,case_161,pinn,0018
-4.0,0.010607259476576866,0.09039175433321274,0.03154316172003746,0.03277269,-0.15172910685751106,-0.1961253363965183,-0.443629652261734,-0.5197019,-14.064210056023741,-15.857773652391673,200000.0,0.19999999999999998,case_162,pinn,0018
-4.0,0.011480677512938573,0.029133553987784836,0.02923440933227539,0.03097693,-0.14836629445924762,-0.1216051145699282,-0.48501670360565186,-0.5096941,-16.590610677062095,-16.45399011457882,500000.0,0.5,case_163,pinn,0018
-4.0,0.011398486771332126,0.01695286520387996,0.026122543960809708,0.0299423,-0.14937422604597808,-0.05072847479073035,-0.506115198135376,-0.5130127,-19.374651982390162,-17.133376527521264,1000000.0,1.0,case_164,pinn,0018
-2.0,0.011443416302752907,0.19260338758579104,0.029576122760772705,0.03379945,-0.08757321462877271,-0.24938858840535266,-0.26763635873794556,-0.2996185,-9.049068429378986,-8.864596909121301,100000.0,0.09999999999999999,case_165,pinn,0018
-2.0,0.01108330772768074,0.05830335340851267,0.02838429994881153,0.02803965,-0.08780633569024239,-0.12134410713081765,-0.27891266345977783,-0.2996733,-9.826300594440276,-10.687483616949569,200000.0,0.19999999999999998,case_166,pinn,0018
-2.0,0.010825346235246242,0.018704604983889293,0.024482019245624542,0.02486737,-0.09017743057912293,-0.09563837461913657,-0.3050532042980194,-0.3073287,-12.46029591094856,-12.358713446576779,500000.0,0.5,case_167,pinn,0018
-2.0,0.010740158169826609,0.012928532958878235,0.021759741008281708,0.02379338,-0.09096552248619358,-0.04081608653939839,-0.3431535065174103,-0.3098783,-15.770109873403678,-13.02371920256811,1000000.0,1.0,case_168,pinn,0018
0.0,0.011338937208183157,0.16427335561357295,0.02609259821474552,0.03130639,-0.027259108679219872,-0.12664564501887424,-0.05780977010726929,-0.08984878,-2.2155620391456328,-2.869982134637689,100000.0,0.09999999999999999,case_169,pinn,0018
0.0,0.010969479388716983,0.042192119184997504,0.02405998669564724,0.02556863,-0.027663341687568167,-0.04369552144426277,-0.06152811646461487,-0.08992623,-2.557279737637847,-3.517053123299919,200000.0,0.19999999999999998,case_170,pinn,0018
0.0,0.01071509638149089,0.010535468981350828,0.01893135905265808,0.02233096,-0.029307171039345103,-0.046339484572221826,-0.0815003514289856,-0.09508687,-4.30504493640896,-4.2580735445318965,500000.0,0.5,case_171,pinn,0018
0.0,0.010631396657093752,0.008484700695005112,0.017107006162405014,0.02123477,-0.02985997922310871,-0.013364078285429157,-0.12051460146903992,-0.09681507,-7.044751157796812,-4.559270950427059,1000000.0,1.0,case_172,pinn,0018
2.0,0.010250715954690738,0.16118927181437498,0.02629671059548855,0.03034441,0.03424186617840417,0.06947184853815846,0.15006433427333832,0.1254616,5.7065819593072336,4.134586897553784,100000.0,0.09999999999999999,case_173,pinn,0018
2.0,0.009868940591431223,0.03887888937981319,0.023861436173319817,0.0249507,0.03354198155759765,0.05787982157835084,0.15036895871162415,0.1236389,6.301756424860804,4.955327906631878,200000.0,0.19999999999999998,case_174,pinn,0018
2.0,0.010623541370845604,0.008432628125679005,0.018948644399642944,0.02308966,0.03218667045466137,0.023736739611445852,0.13078175485134125,0.1195883,6.90190559773266,5.179301037780547,500000.0,0.5,case_175,pinn,0018
2.0,0.010535950199227538,0.006187250556528279,0.01699201390147209,0.02198144,0.03188149102158828,0.03384584814965641,0.10729579627513885,0.1187158,6.314483786165179,5.400728978629243,1000000.0,1.0,case_176,pinn,0018
4.0,0.01115365018847206,0.1213169691186461,0.030940968543291092,0.036218,0.09342409413919585,0.26446929096563127,0.3511815667152405,0.3308058,11.350050862948404,9.133740129217516,100000.0,0.09999999999999999,case_177,pinn,0018
4.0,0.010681570831060262,0.029482288791007498,0.02843620255589485,0.03049074,0.09318633650246988,0.15447036143301648,0.35394546389579773,0.3319597,12.447001782325696,10.887230024591073,200000.0,0.19999999999999998,case_178,pinn,0018
4.0,0.010397007493087876,0.010424974799967325,0.022872108966112137,0.02722776,0.09306769959974243,0.09756257598952839,0.3375017046928406,0.3320941,14.756037809757341,12.196893905337788,500000.0,0.5,case_179,pinn,0018
4.0,0.01030068214569218,0.006512131480684846,0.02190382033586502,0.02612214,0.09302060760695371,0.09172283361302745,0.32115843892097473,0.3321273,14.662211157526444,12.714398590620831,1000000.0,1.0,case_180,pinn,0018
6.0,0.011538335318828646,0.06611139601757733,0.038897886872291565,0.04369375,0.1505211922168211,0.46014962883272825,0.5324878692626953,0.5282177,13.689377806330311,12.08909054498641,100000.0,0.09999999999999999,case_181,pinn,0018
6.0,0.011000213892544405,0.01826919279440373,0.036573879420757294,0.03801949,0.15024883845361797,0.2507005575752473,0.5335012674331665,0.530507,14.586947731073368,13.95355382200024,200000.0,0.19999999999999998,case_182,pinn,0018
6.0,0.010685898371282407,0.014146345369868838,0.03132185339927673,0.03479365,0.15085023473576772,0.16699180846377787,0.5240793228149414,0.5331513,16.73206614353936,15.323235705365777,500000.0,0.5,case_183,pinn,0018
6.0,0.010581589948952294,0.007622117816876123,0.030608464032411575,0.03369825,0.1510679148184768,0.14414382726335273,0.5120173096656799,0.5340996,16.727964824484502,15.849475862989918,1000000.0,1.0,case_184,pinn,0018
8.0,0.010474442063043614,0.05237609109206729,0.050007786601781845,0.05151452,0.20995974022952935,0.7301636946952249,0.6998752355575562,0.734545,13.99532519066978,14.258989504318395,100000.0,0.09999999999999999,case_185,pinn,0018
8.0,0.011613596504538587,0.020703952241382783,0.04803093522787094,0.04913025,0.20400918997149486,0.36245052510335224,0.706570029258728,0.7164098,14.71072811525698,14.581847232611272,200000.0,0.19999999999999998,case_186,pinn,0018
8.0,0.011280832582068617,0.019193146446157307,0.043099552392959595,0.04600582,0.20506593184957733,0.232110786039579,0.694520115852356,0.7207146,16.11432317254894,15.665726640672853,500000.0,0.5,case_187,pinn,0018
8.0,0.011164102200940815,0.009178726553982781,0.04312901943922043,0.04493927,0.20556797319034176,0.18431955097556352,0.6999633312225342,0.7226296,16.22952110490148,16.08013659322904,1000000.0,1.0,case_188,pinn,0018
10.0,0.011310427626110954,0.1034472267905007,0.06368792802095413,0.06576742,0.2605010655449675,1.212393741144261,0.8528262972831726,0.9071514,13.390705645229689,13.793325023240993,100000.0,0.09999999999999999,case_189,pinn,0018
10.0,0.010719429002448617,0.039023363603268475,0.06230578571557999,0.06072158,0.2637571804815546,0.5094422113138188,0.8629798293113708,0.9193335,13.850717383627776,15.140144574630636,200000.0,0.19999999999999998,case_190,pinn,0018
10.0,0.012360134321080133,0.025075596670052092,0.059144023805856705,0.06083848,0.2535986531775941,0.28852047631066224,0.8530550003051758,0.8871204,14.423350753161007,14.58156745533419,500000.0,0.5,case_191,pinn,0018
10.0,0.012228088676068803,0.01257506755860323,0.05890269577503204,0.05982066,0.25439831964244847,0.21156290286135945,0.8848832845687866,0.8900587,15.022797733204516,14.878784353098077,1000000.0,1.0,case_192,pinn,0018
-4.0,0.01457063863535287,0.09770812986658559,0.0358554981648922,0.04051213,-0.003885927674579307,0.8520935171003314,-0.044563084840774536,-0.0486621,-1.2428522017972783,-1.2011735744331389,100000.0,0.09999999999999999,case_321,pinn,4418
-4.0,0.01433506480417902,0.03208251454285476,0.03491980955004692,0.03497618,-0.0030507427366826332,0.20949874414661473,-0.05501905083656311,-0.04490226,-1.575582786547276,-1.283795428774669,200000.0,0.19999999999999998,case_322,pinn,4418
-4.0,0.014143790270928743,0.012953508044332653,0.03279634937644005,0.03173082,-0.003179398716236312,0.00980004564715002,-0.07855886220932007,-0.04551806,-2.3953538641637504,-1.4345062623657379,500000.0,0.5,case_323,pinn,4418
-4.0,0.014080478316199834,0.004992355862624776,0.03020111843943596,0.03063268,-0.0032355092748729956,0.05006366572738649,-0.060519516468048096,-0.0457355,-2.003883286289922,-1.4930296663563227,1000000.0,1.0,case_324,pinn,4418
-2.0,0.012998827013358222,0.08674861553013614,0.033230677247047424,0.03628638,0.08348950832968187,1.0108458144474635,0.14087435603141785,0.1583637,4.239286337263399,4.364273868046358,100000.0,0.09999999999999999,case_325,pinn,4418
-2.0,0.012756590008773496,0.019009797265076823,0.03171008080244064,0.03072196,0.08470598921295883,0.3245283104861128,0.13687658309936523,0.1628461,4.316500609132166,5.300641625729608,200000.0,0.19999999999999998,case_326,pinn,4418
-2.0,0.012549531159347035,0.0039126788339768695,0.028487183153629303,0.02741803,0.08551072846648058,0.1019856073755873,0.11754804849624634,0.1645983,4.126348606049193,6.00328688822647,500000.0,0.5,case_327,pinn,4418
-2.0,0.012479438869718305,0.0021932330270988116,0.027375778183341026,0.02630018,0.0857751511843615,0.1149636488391917,0.11787942051887512,0.1651646,4.305975148155176,6.279979832837646,1000000.0,1.0,case_328,pinn,4418
0.0,0.015042629129962447,0.14939831553151592,0.030606497079133987,0.03324144,0.17245364598227583,0.7150726547411043,0.36671948432922363,0.3727979,11.981752873615681,11.214854109809925,100000.0,0.09999999999999999,case_329,pinn,4418
0.0,0.014805169915604686,0.032655967769880084,0.028475509956479073,0.02778104,0.17511571500961826,0.31118204759121687,0.3696284294128418,0.3787273,12.98057277912734,13.63258178959463,200000.0,0.19999999999999998,case_330,pinn,4418
0.0,0.014649425646595951,0.003455323908404071,0.023923756554722786,0.02442649,0.17664710579420043,0.19823884687182625,0.3615599274635315,0.3822425,15.113008136347885,15.648687142524366,500000.0,0.5,case_331,pinn,4418
0.0,0.015232748203362142,0.002826636266259979,0.022552255541086197,0.02525602,0.17632738796009922,0.2022362920688239,0.35284969210624695,0.3819545,15.645871494468373,15.123305255539075,1000000.0,1.0,case_332,pinn,4418
2.0,0.02284225866125178,0.16029605822665358,0.03295573964715004,0.03799723,0.25961903080778254,0.4723550666600975,0.6045811176300049,0.5838863,18.34524498928332,15.366549087920356,100000.0,0.09999999999999999,case_333,pinn,4418
2.0,0.022576856318536707,0.04124112139123471,0.030640320852398872,0.03218518,0.2617114446212049,0.29406833425032386,0.6163443326950073,0.5895077,20.115466011732476,18.316122513529518,200000.0,0.19999999999999998,case_334,pinn,4418
2.0,0.022461632554039768,0.011727987506193055,0.02526829019188881,0.02886651,0.26447184173542865,0.29130012421117035,0.6140990853309631,0.5960212,24.303151525784305,20.647497740461176,500000.0,0.5,case_335,pinn,4418
2.0,0.022423352600413643,0.010640035999683307,0.0230482779443264,0.02774306,0.26538133356506716,0.29229366071556,0.6146872043609619,0.5981646,26.669550143648554,21.560873241812548,1000000.0,1.0,case_336,pinn,4418
4.0,0.03295548126811787,0.11127351785622121,0.03974730893969536,0.04386799,0.34387842323058937,0.5727177495714881,0.8289808034896851,0.7913434,20.85627494297577,18.03919896945358,100000.0,0.09999999999999999,case_337,pinn,4418
4.0,0.03272147211711305,0.03736936233920553,0.03750549256801605,0.03803672,0.34592801999915135,0.36309883070942517,0.8430895209312439,0.7973453,22.479094745984327,20.962514643744253,200000.0,0.19999999999999998,case_338,pinn,4418
4.0,0.03269257123819427,0.0254948160170197,0.031480200588703156,0.03477942,0.3496499426596234,0.388868590961576,0.8464715480804443,0.8062551,26.88901380076356,23.181959331121682,500000.0,0.5,case_339,pinn,4418
4.0,0.032682877931517175,0.022332576336124538,0.030663298442959785,0.03367615,0.350880227276308,0.3604231552517184,0.8390560150146484,0.80919,27.363527657517665,24.028578088647304,1000000.0,1.0,case_340,pinn,4418
6.0,0.04519376564499039,0.11121975156852625,0.04910873994231224,0.04954634,0.42760178908892255,1.1718072974877891,1.0166029930114746,1.003179,20.701060426426587,20.247287690675034,100000.0,0.09999999999999999,case_341,pinn,4418
6.0,0.04532924386116452,0.04795203340731265,0.04709324613213539,0.04424011,0.4340065646316452,0.5553122251660559,1.033834457397461,1.018464,21.952924088025334,23.021280914536607,200000.0,0.19999999999999998,case_342,pinn,4418
6.0,0.04586234693793636,0.04505676575585563,0.041472114622592926,0.04377302,0.42914942755197133,0.49440255928938187,1.037395715713501,1.006376,25.01429515118949,22.99078290691389,500000.0,0.5,case_343,pinn,4418
6.0,0.045387414990356846,0.03518258769421921,0.041578516364097595,0.03997996,0.43805448696806865,0.4068496914063178,1.0132653713226318,1.028394,24.369926104375644,25.72273709128273,1000000.0,1.0,case_344,pinn,4418
8.0,0.06063166370134089,0.23046584743142273,0.06001385301351547,0.06150943,0.5001136168716068,2.2313372934806543,1.1673948764801025,1.191142,19.452090106882462,19.36519327199098,100000.0,0.09999999999999999,case_345,pinn,4418
8.0,0.06113434138946142,0.09145798836066747,0.058627620339393616,0.05930054,0.49397478071215734,0.8674176508503396,1.188739538192749,1.175576,20.276100774876582,19.824035329189243,200000.0,0.19999999999999998,case_346,pinn,4418
8.0,0.061382408710431234,0.07055961539944978,0.054260045289993286,0.05629445,0.4995635912463564,0.6036818734044478,1.201263427734375,1.18912,22.13900525357493,21.123219073993972,500000.0,0.5,case_347,pinn,4418
8.0,0.061464281916761794,0.04902475095018039,0.05466867983341217,0.05527096,0.5014290203220954,0.43874578331134045,1.1596193313598633,1.193646,21.211767595147453,21.596259590931655,1000000.0,1.0,case_348,pinn,4418
10.0,0.077857527330082,0.49395610702603865,0.07198431342840195,0.07611279,0.5638849142421103,3.672100517742885,1.2861019372940063,1.36202,17.86641944669247,17.894758555033917,100000.0,0.09999999999999999,case_349,pinn,4418
10.0,0.07804924525349945,0.1729853371265885,0.07112389802932739,0.07434967,0.5532268010539028,1.279888348141545,1.315712332725525,1.335688,18.498878283963023,17.964948600309857,200000.0,0.19999999999999998,case_350,pinn,4418
10.0,0.07846969057431452,0.10129803598411478,0.06813481450080872,0.0715554,0.5596562293862938,0.7110580212614024,1.3351998329162598,1.351363,19.59644042034358,18.885548819516067,500000.0,0.5,case_351,pinn,4418
10.0,0.07861306438311709,0.06386861214891135,0.06742872297763824,0.07059608,0.5618359102586369,0.4566909395539397,1.2779130935668945,1.356682,18.952058368222335,19.217525958948425,1000000.0,1.0,case_352,pinn,4418
-4.0,0.011003579829418637,0.2584431279336379,0.02382054179906845,0.03793027,-0.14837193726470765,-1.818864689380132,-0.36614230275154114,-0.5082811,-15.370863762883003,-13.400408170044663,100000.0,0.09999999999999999,case_161,fno,0018
-4.0,0.010607259476576866,0.06401493828104844,0.023921065032482147,0.03277269,-0.15172910685751106,-0.43197475727475193,-0.3417457044124603,-0.5197019,-14.286391678146757,-15.857773652391673,200000.0,0.19999999999999998,case_162,fno,0018
-4.0,0.011480677512938573,0.00972676728906152,0.024464529007673264,0.03097693,-0.14836629445924762,-0.052739104873286036,-0.24098527431488037,-0.5096941,-9.850395004101477,-16.45399011457882,500000.0,0.5,case_163,fno,0018
-4.0,0.011398486771332126,0.00232401752492654,0.026710139587521553,0.0299423,-0.14937422604597808,-0.0025161130710660293,0.055148646235466,-0.5130127,2.0647082751012786,-17.133376527521264,1000000.0,1.0,case_164,fno,0018
-2.0,0.011443416302752907,0.19606051754156725,0.024196330457925797,0.03379945,-0.08757321462877271,-1.5062116177456155,-0.28545626997947693,-0.2996185,-11.797502537661545,-8.864596909121301,100000.0,0.09999999999999999,case_165,fno,0018
-2.0,0.01108330772768074,0.04923611606373374,0.0244271419942379,0.02803965,-0.08780633569024239,-0.33757413801616365,-0.24689972400665283,-0.2996733,-10.107597690507298,-10.687483616949569,200000.0,0.19999999999999998,case_166,fno,0018
-2.0,0.010825346235246242,0.008543951531360108,0.025416355580091476,0.02486737,-0.09017743057912293,-0.03255285201688721,-0.09462708234786987,-0.3073287,-3.7230783166250188,-12.358713446576779,500000.0,0.5,case_167,fno,0018
-2.0,0.010740158169826609,0.0020700354578183982,0.028662167489528656,0.02379338,-0.09096552248619358,0.007095899889714687,0.2748854160308838,-0.3098783,9.590531355708166,-13.02371920256811,1000000.0,1.0,case_168,fno,0018
0.0,0.011338937208183157,0.16882529482324543,0.024932673200964928,0.03130639,-0.027259108679219872,-1.0410712498674846,-0.15901613235473633,-0.08984878,-6.377821225707246,-2.869982134637689,100000.0,0.09999999999999999,case_169,fno,0018
0.0,0.010969479388716983,0.045810531458487236,0.02534876950085163,0.02556863,-0.027663341687568167,-0.21269774855552012,-0.10306495428085327,-0.08992623,-4.06587602910629,-3.517053123299919,200000.0,0.19999999999999998,case_170,fno,0018
0.0,0.01071509638149089,0.008934260416223206,0.027157045900821686,0.02233096,-0.029307171039345103,-0.001668364244417947,0.11226381361484528,-0.09508687,4.1338742816444745,-4.2580735445318965,500000.0,0.5,case_171,fno,0018
0.0,0.010631396657093752,0.002356259786352906,0.03233341872692108,0.02123477,-0.02985997922310871,0.018978054653159295,0.4685705900192261,-0.09681507,14.491835644620226,-4.559270950427059,1000000.0,1.0,case_172,fno,0018
2.0,0.010250715954690738,0.19479092420546038,0.026444964110851288,0.03034441,0.03424186617840417,-0.4027802339185946,0.02191568911075592,0.1254616,0.8287282606582609,4.134586897553784,100000.0,0.09999999999999999,case_173,fno,0018
2.0,0.009868940591431223,0.05462772502317118,0.02705702930688858,0.0249507,0.03354198155759765,-0.023836212583186887,0.10106152296066284,0.1236389,3.735130040123551,4.955327906631878,200000.0,0.19999999999999998,case_174,fno,0018
2.0,0.010623541370845604,0.010556939394038857,0.029299773275852203,0.02308966,0.03218667045466137,0.03863115096644851,0.3227289915084839,0.1195883,11.01472658064782,5.179301037780547,500000.0,0.5,case_175,fno,0018
2.0,0.010535950199227538,0.0033974420569520096,0.0379193052649498,0.02198144,0.03188149102158828,0.033769639797397694,0.6543270945549011,0.1187158,17.255777498637865,5.400728978629243,1000000.0,1.0,case_176,fno,0018
4.0,0.01115365018847206,0.26942634760784534,0.028322946280241013,0.036218,0.09342409413919585,0.526448309460321,0.24529214203357697,0.3308058,8.660544690744288,9.133740129217516,100000.0,0.09999999999999999,case_177,fno,0018
4.0,0.010681570831060262,0.07344183467440044,0.029169244691729546,0.03049074,0.09318633650246988,0.22521410067795689,0.31330347061157227,0.3319597,10.740883897497842,10.887230024591073,200000.0,0.19999999999999998,case_178,fno,0018
4.0,0.010397007493087876,0.015787015701066286,0.0336308479309082,0.02722776,0.09306769959974243,0.08842389549624657,0.5153176784515381,0.3320941,15.322767939429172,12.196893905337788,500000.0,0.5,case_179,fno,0018
4.0,0.01030068214569218,0.005136487027434916,0.04385462403297424,0.02612214,0.09302060760695371,0.05494209395503871,0.8235469460487366,0.3321273,18.779021920915625,12.714398590620831,1000000.0,1.0,case_180,fno,0018
6.0,0.011538335318828646,0.4120114510688332,0.03161712735891342,0.04369375,0.1505211922168211,1.6698690461663364,0.43996885418891907,0.5282177,13.915522722682905,12.08909054498641,100000.0,0.09999999999999999,case_181,fno,0018
6.0,0.011000213892544405,0.11582697304113124,0.033371586352586746,0.03801949,0.15024883845361797,0.5321575490832183,0.50602126121521,0.530507,15.163236648952006,13.95355382200024,200000.0,0.19999999999999998,case_182,fno,0018
6.0,0.010685898371282407,0.0241039932671501,0.03940056264400482,0.03479365,0.15085023473576772,0.1521901222745118,0.6997489929199219,0.5331513,17.759873107456638,15.323235705365777,500000.0,0.5,case_183,fno,0018
6.0,0.010581589948952294,0.0074963642515424355,0.049854736775159836,0.03369825,0.1510679148184768,0.08724681307095654,0.9716992378234863,0.5340996,19.4906101341134,15.849475862989918,1000000.0,1.0,case_184,fno,0018
8.0,0.010474442063043614,0.6632260358189294,0.03702905774116516,0.05151452,0.20995974022952935,3.070159059376292,0.627426028251648,0.734545,16.9441532279159,14.258989504318395,100000.0,0.09999999999999999,case_185,fno,0018
8.0,0.011613596504538587,0.1816897506914733,0.039103180170059204,0.04913025,0.20400918997149486,0.9213488049423619,0.6907283067703247,0.7164098,17.664248886314528,14.581847232611272,200000.0,0.19999999999999998,case_186,fno,0018
8.0,0.011280832582068617,0.038142602719985,0.04533367604017258,0.04600582,0.20506593184957733,0.2434401075188228,0.8627886772155762,0.7207146,19.031959297785896,15.665726640672853,500000.0,0.5,case_187,fno,0018
8.0,0.011164102200940815,0.011392405452550257,0.056175123900175095,0.04493927,0.20556797319034176,0.13296232348447445,1.1026111841201782,0.7226296,19.628104177919607,16.08013659322904,1000000.0,1.0,case_188,fno,0018
10.0,0.011310427626110954,1.040107565683687,0.042966462671756744,0.06576742,0.2605010655449675,5.055715398912207,0.8001186847686768,0.9071514,18.62193522611348,13.793325023240993,100000.0,0.09999999999999999,case_189,fno,0018
10.0,0.010719429002448617,0.2872939332098224,0.04504810646176338,0.06072158,0.2637571804815546,1.4788053803153876,0.8550935387611389,0.9193335,18.981786492778298,15.140144574630636,200000.0,0.19999999999999998,case_190,fno,0018
10.0,0.012360134321080133,0.05743320407922996,0.051390182226896286,0.06083848,0.2535986531775941,0.38868231915709167,1.0060186386108398,0.8871204,19.576086229254813,14.58156745533419,500000.0,0.5,case_191,fno,0018
10.0,0.012228088676068803,0.018704330272363973,0.06316184997558594,0.05982066,0.25439831964244847,0.19051370936790307,1.2212775945663452,0.8900587,19.3356843575419,14.878784353098077,1000000.0,1.0,case_192,fno,0018
-4.0,0.01457063863535287,0.12540073413960864,0.025182083249092102,0.04051213,-0.003885927674579307,-0.904744198110638,-0.2033402919769287,-0.0486621,-8.074800244505578,-1.2011735744331389,100000.0,0.09999999999999999,case_321,fno,4418
-4.0,0.01433506480417902,0.02979279329984992,0.025430090725421906,0.03497618,-0.0030507427366826332,-0.17869602767181453,-0.16849201917648315,-0.04490226,-6.625694772219014,-1.283795428774669,200000.0,0.19999999999999998,case_322,fno,4418
-4.0,0.014143790270928743,0.003541900523474049,0.02656247466802597,0.03173082,-0.003179398716236312,0.003244328372032825,-0.03550627827644348,-0.04551806,-1.3367082216621717,-1.4345062623657379,500000.0,0.5,case_323,fno,4418
-4.0,0.014080478316199834,2.341662537426965e-05,0.029437320306897163,0.03063268,-0.0032355092748729956,0.02265071085066936,0.30535081028938293,-0.0457355,10.3729146235447,-1.4930296663563227,1000000.0,1.0,case_324,fno,4418
-2.0,0.012998827013358222,0.09303933461914808,0.02606487274169922,0.03628638,0.08348950832968187,-0.26109031920737374,-0.09176105260848999,0.1583637,-3.5204872672057372,4.364273868046358,100000.0,0.09999999999999999,case_325,fno,4418
-2.0,0.012756590008773496,0.022900621857150992,0.026495369151234627,0.03072196,0.08470598921295883,0.008162468619114934,-0.04337656497955322,0.1628461,-1.63713759683669,5.300641625729608,200000.0,0.19999999999999998,case_326,fno,4418
-2.0,0.012549531159347035,0.0036336029297171922,0.02808414399623871,0.02741803,0.08551072846648058,0.048036391690837114,0.154733806848526,0.1645983,5.509650102536485,6.00328688822647,500000.0,0.5,case_327,fno,4418
-2.0,0.012479438869718305,0.00037503848285547274,0.03287631273269653,0.02630018,0.0857751511843615,0.04219241548863326,0.4963843822479248,0.1651646,15.098541806796199,6.279979832837646,1000000.0,1.0,case_328,fno,4418
0.0,0.015042629129962447,0.11682880819674844,0.027463607490062714,0.03324144,0.17245364598227583,0.7015538468786293,0.07255470752716064,0.3727979,2.6418491290124013,11.214854109809925,100000.0,0.09999999999999999,case_329,fno,4418
0.0,0.014805169915604686,0.03272863131610424,0.028001777827739716,0.02778104,0.17511571500961826,0.2832822016247248,0.1442393958568573,0.3787273,5.151079933002247,13.63258178959463,200000.0,0.19999999999999998,case_330,fno,4418
0.0,0.014649425646595951,0.006764924197664072,0.03005407564342022,0.02442649,0.17664710579420043,0.10787649540786011,0.3533784747123718,0.3822425,11.758088284100578,15.648687142524366,500000.0,0.5,case_331,fno,4418
0.0,0.015232748203362142,0.0018279670718201408,0.03797013312578201,0.02525602,0.17632738796009922,0.06488989537739367,0.6790039539337158,0.3819545,17.882580281833853,15.123305255539075,1000000.0,1.0,case_332,fno,4418
2.0,0.02284225866125178,0.22515056365437822,0.02912861853837967,0.03799723,0.25961903080778254,2.0136989338106432,0.27643337845802307,0.5838863,9.490095731584262,15.366549087920356,100000.0,0.09999999999999999,case_333,fno,4418
2.0,0.022576856318536707,0.0646022529002443,0.02991686947643757,0.03218518,0.2617114446212049,0.6494934294873447,0.3437054753303528,0.5895077,11.488684522993093,18.316122513529518,200000.0,0.19999999999999998,case_334,fno,4418
2.0,0.022461632554039768,0.014130978051662777,0.03407340869307518,0.02886651,0.26447184173542865,0.18925778673952598,0.5422362685203552,0.5960212,15.913766462424853,20.647497740461176,500000.0,0.5,case_335,fno,4418
2.0,0.022423352600413643,0.00466607618559019,0.04352873936295509,0.02774306,0.26538133356506716,0.09722060540915366,0.8496836423873901,0.5981646,19.52006087983584,21.560873241812548,1000000.0,1.0,case_336,fno,4418
4.0,0.03295548126811787,0.4545297715873489,0.032216448336839676,0.04386799,0.34387842323058937,3.879457622177864,0.4678216576576233,0.7913434,14.521205216860196,18.03919896945358,100000.0,0.09999999999999999,case_337,fno,4418
4.0,0.03272147211711305,0.12756425044972036,0.03383362665772438,0.03803672,0.34592801999915135,1.1528453812810167,0.5332051515579224,0.7973453,15.759621543148672,20.962514643744253,200000.0,0.19999999999999998,case_338,fno,4418
4.0,0.03269257123819427,0.026746319158467244,0.03934354707598686,0.03477942,0.3496499426596234,0.2861478108007222,0.7229883074760437,0.8062551,18.376286868077433,23.181959331121682,500000.0,0.5,case_339,fno,4418
4.0,0.032682877931517175,0.010390702546559055,0.0492534264922142,0.03367615,0.350880227276308,0.1411523616205833,1.0022757053375244,0.80919,20.34935996779758,24.028578088647304,1000000.0,1.0,case_340,fno,4418
6.0,0.04519376564499039,0.8249418209328695,0.03716732934117317,0.04954634,0.42760178908892255,6.052223394561261,0.6518882513046265,1.003179,17.53928148349574,20.247287690675034,100000.0,0.09999999999999999,case_341,fno,4418
6.0,0.04532924386116452,0.22652229565590015,0.03906878083944321,0.04424011,0.4340065646316452,1.7455723374700218,0.7144277095794678,1.018464,18.28640910284544,23.021280914536607,200000.0,0.19999999999999998,case_342,fno,4418
6.0,0.04586234693793636,0.04922573181205281,0.04494478553533554,0.04377302,0.42914942755197133,0.4246849257941303,0.8894590735435486,1.006376,19.790039332688703,22.99078290691389,500000.0,0.5,case_343,fno,4418
6.0,0.045387414990356846,0.02008953290154923,0.055522069334983826,0.03997996,0.43805448696806865,0.21308882590567227,1.1399917602539062,1.028394,20.53222752516557,25.72273709128273,1000000.0,1.0,case_344,fno,4418
8.0,0.06063166370134089,1.4094237253872757,0.042688995599746704,0.06150943,0.5001136168716068,9.068932923765994,0.8257887363433838,1.191142,19.34429997102775,19.36519327199098,100000.0,0.09999999999999999,case_345,fno,4418
8.0,0.06113434138946142,0.39419141888736775,0.044673338532447815,0.05930054,0.49397478071215734,2.5945751822981387,0.8814890384674072,1.175576,19.73188186567142,19.824035329189243,200000.0,0.19999999999999998,case_346,fno,4418
8.0,0.061382408710431234,0.08821239687000935,0.05077146738767624,0.05629445,0.4995635912463564,0.6245426562328524,1.0387332439422607,1.18912,20.458995916166735,21.123219073993972,500000.0,0.5,case_347,fno,4418
8.0,0.061464281916761794,0.035182023799230876,0.06254389882087708,0.05527096,0.5014290203220954,0.2990875221868303,1.2589935064315796,1.193646,20.129757341116207,21.596259590931655,1000000.0,1.0,case_348,fno,4418
10.0,0.077857527330082,2.376982175053815,0.04837612062692642,0.07611279,0.5638849142421103,13.088917571580392,0.9803498387336731,1.36202,20.26516029042653,17.894758555033917,100000.0,0.09999999999999999,case_349,fno,4418
10.0,0.07804924525349945,0.6748871589408524,0.0504673533141613,0.07434967,0.5532268010539028,3.7982321741664644,1.0314682722091675,1.335688,20.438327046560893,17.964948600309857,200000.0,0.19999999999999998,case_350,fno,4418
10.0,0.07846969057431452,0.14940605824429817,0.057196564972400665,0.0715554,0.5596562293862938,0.9253327920923347,1.1720778942108154,1.351363,20.492102887234292,18.885548819516067,500000.0,0.5,case_351,fno,4418
10.0,0.07861306438311709,0.058521038120020255,0.07014346867799759,0.07059608,0.5618359102586369,0.39893670272818205,1.3749502897262573,1.356682,19.601971725095883,19.217525958948425,1000000.0,1.0,case_352,fno,4418
-4.0,0.011003579829418637,-0.05239363721938578,0.033130764961242676,0.03793027,-0.14837193726470765,0.3634637968073238,-0.41284435987472534,-0.5082811,-12.461057278867017,-13.400408170044663,100000.0,0.09999999999999999,case_161,deeponet,0018
-4.0,0.010607259476576866,-0.004444430425527353,0.030944615602493286,0.03277269,-0.15172910685751106,0.04172561520948642,-0.43176913261413574,-0.5197019,-13.952964811731157,-15.857773652391673,200000.0,0.19999999999999998,case_162,deeponet,0018
-4.0,0.011480677512938573,0.01725737333543757,0.026613470166921616,0.03097693,-0.14836629445924762,-0.11807019789095408,-0.470219224691391,-0.5096941,-17.668467198833593,-16.45399011457882,500000.0,0.5,case_163,deeponet,0018
-4.0,0.011398486771332126,0.013375426289234852,0.026137888431549072,0.0299423,-0.14937422604597808,-0.07809809733124654,-0.4783497154712677,-0.5130127,-18.30100838956401,-17.133376527521264,1000000.0,1.0,case_164,deeponet,0018
-2.0,0.011443416302752907,-0.045137804410830304,0.02896653115749359,0.03379945,-0.08757321462877271,0.26488578927640033,-0.22723308205604553,-0.2996185,-7.844677045399712,-8.864596909121301,100000.0,0.09999999999999999,case_165,deeponet,0018
-2.0,0.01108330772768074,-0.010807252718886525,0.026615727692842484,0.02803965,-0.08780633569024239,0.09256815946777704,-0.2523939907550812,-0.2996733,-9.482888977067311,-10.687483616949569,200000.0,0.19999999999999998,case_166,deeponet,0018
-2.0,0.010825346235246242,0.0090436840101387,0.02244715392589569,0.02486737,-0.09017743057912293,-0.060273261411474315,-0.29617854952812195,-0.3073287,-13.194481158096472,-12.358713446576779,500000.0,0.5,case_167,deeponet,0018
-2.0,0.010740158169826609,0.009709676336677181,0.02374291978776455,0.02379338,-0.09096552248619358,-0.05514377550284998,-0.2759172320365906,-0.3098783,-11.621032059366984,-13.02371920256811,1000000.0,1.0,case_168,deeponet,0018
0.0,0.011338937208183157,-0.027522042069283825,0.025382865220308304,0.03130639,-0.027259108679219872,0.09509573810467542,-0.024761885404586792,-0.08984878,-0.9755354720465254,-2.869982134637689,100000.0,0.09999999999999999,case_169,deeponet,0018
0.0,0.010969479388716983,-0.006671452882489533,0.022642411291599274,0.02556863,-0.027663341687568167,0.07324869727939935,-0.04759158194065094,-0.08992623,-2.101877813619093,-3.517053123299919,200000.0,0.19999999999999998,case_170,deeponet,0018
0.0,0.01071509638149089,0.0055860611366344215,0.019125986844301224,0.02233096,-0.029307171039345103,-0.005967175454949785,-0.10093367099761963,-0.09508687,-5.277305261124019,-4.2580735445318965,500000.0,0.5,case_171,deeponet,0018
0.0,0.010631396657093752,0.006709553583207624,0.01973993331193924,0.02123477,-0.02985997922310871,-0.012242624645583249,-0.08912891149520874,-0.09681507,-4.515157679955341,-4.559270950427059,1000000.0,1.0,case_172,deeponet,0018
2.0,0.010250715954690738,-0.010252156541215878,0.024112477898597717,0.03034441,0.03424186617840417,0.03692147801656462,0.1692979633808136,0.1254616,7.021176508394405,4.134586897553784,100000.0,0.09999999999999999,case_173,deeponet,0018
2.0,0.009868940591431223,0.00045143760232066265,0.020719753578305244,0.0249507,0.03354198155759765,0.0663767550461325,0.15347610414028168,0.1236389,7.4072359770233875,4.955327906631878,200000.0,0.19999999999999998,case_174,deeponet,0018
2.0,0.010623541370845604,0.006967495524277339,0.019129395484924316,0.02308966,0.03218667045466137,0.04187226189782616,0.1127675324678421,0.1195883,5.894986726408216,5.179301037780547,500000.0,0.5,case_175,deeponet,0018
2.0,0.010535950199227538,0.0038052305311158385,0.016058433800935745,0.02198144,0.03188149102158828,0.05250961256575773,0.11947992444038391,0.1187158,7.440322382710925,5.400728978629243,1000000.0,1.0,case_176,deeponet,0018
4.0,0.01115365018847206,0.005996281934893298,0.026930488646030426,0.036218,0.09342409413919585,0.11748095716304154,0.3497101068496704,0.3308058,12.985657685094322,9.133740129217516,100000.0,0.09999999999999999,case_177,deeponet,0018
4.0,0.010681570831060262,0.00763176929807778,0.02291281521320343,0.03049074,0.09318633650246988,0.10418767869584136,0.34181851148605347,0.3319597,14.918224072661387,10.887230024591073,200000.0,0.19999999999999998,case_178,deeponet,0018
4.0,0.010397007493087876,0.00957375138242987,0.021505534648895264,0.02722776,0.09306769959974243,0.09349333856235054,0.31909042596817017,0.3320941,14.83759558540256,12.196893905337788,500000.0,0.5,case_179,deeponet,0018
4.0,0.01030068214569218,0.004492179862902646,0.018945496529340744,0.02612214,0.09302060760695371,0.10257468308567488,0.33389151096343994,0.3321273,17.623793097549317,12.714398590620831,1000000.0,1.0,case_180,deeponet,0018
6.0,0.011538335318828646,0.02380620695108494,0.034252267330884933,0.04369375,0.1505211922168211,0.2579088585195953,0.5202233791351318,0.5282177,15.18799833335563,12.08909054498641,100000.0,0.09999999999999999,case_181,deeponet,0018
6.0,0.011000213892544405,0.014696061318212453,0.030145883560180664,0.03801949,0.15024883845361797,0.1615270918810065,0.5193575620651245,0.530507,17.228141979263057,13.95355382200024,200000.0,0.19999999999999998,case_182,deeponet,0018
6.0,0.010685898371282407,0.012557444962426547,0.028275784105062485,0.03479365,0.15085023473576772,0.14792650965389298,0.506259560585022,0.5331513,17.904350899835222,15.323235705365777,500000.0,0.5,case_183,deeponet,0018
6.0,0.010581589948952294,0.008840063944964198,0.027997078374028206,0.03369825,0.1510679148184768,0.14545527934113786,0.5208492279052734,0.5340996,18.603699319870636,15.849475862989918,1000000.0,1.0,case_184,deeponet,0018
8.0,0.010474442063043614,0.03966699218209008,0.04538685828447342,0.05151452,0.20995974022952935,0.3650781624387815,0.6810238361358643,0.734545,15.004868410749605,14.258989504318395,100000.0,0.09999999999999999,case_185,deeponet,0018
8.0,0.011613596504538587,0.01994618571641455,0.04180976748466492,0.04913025,0.20400918997149486,0.20669937256676132,0.6852902173995972,0.7164098,16.390672769250617,14.581847232611272,200000.0,0.19999999999999998,case_186,deeponet,0018
8.0,0.011280832582068617,0.01708247665755754,0.03963542729616165,0.04600582,0.20506593184957733,0.20178550713149,0.6760289669036865,0.7207146,17.056179610536308,15.665726640672853,500000.0,0.5,case_187,deeponet,0018
8.0,0.011164102200940815,0.015727574425755078,0.04153982549905777,0.04493927,0.20556797319034176,0.1865270123659899,0.6946267485618591,0.7226296,16.72194671539039,16.08013659322904,1000000.0,1.0,case_188,deeponet,0018
10.0,0.011310427626110954,0.043553430547618295,0.05934517830610275,0.06576742,0.2605010655449675,0.3872505045578535,0.8320482969284058,0.9071514,14.020486932176631,13.793325023240993,100000.0,0.09999999999999999,case_189,deeponet,0018
10.0,0.010719429002448617,0.021559414848991352,0.05673792213201523,0.06072158,0.2637571804815546,0.22873644131059084,0.8377697467803955,0.9193335,14.765605001027545,15.140144574630636,200000.0,0.19999999999999998,case_190,deeponet,0018
10.0,0.012360134321080133,0.024839926369991643,0.05415547639131546,0.06083848,0.2535986531775941,0.25662425429689006,0.827373743057251,0.8871204,15.277748404959672,14.58156745533419,500000.0,0.5,case_191,deeponet,0018
10.0,0.012228088676068803,0.024789921394667364,0.05776621401309967,0.05982066,0.25439831964244847,0.2257007048336328,0.8562217950820923,0.8900587,14.82218992035598,14.878784353098077,1000000.0,1.0,case_192,deeponet,0018
-4.0,0.01457063863535287,0.013197881721972829,0.036490265280008316,0.04051213,-0.003885927674579307,-0.1825661553492823,-0.05601966381072998,-0.0486621,-1.535194753473637,-1.2011735744331389,100000.0,0.09999999999999999,case_321,deeponet,4418
-4.0,0.01433506480417902,0.002562053439402876,0.0338384173810482,0.03497618,-0.0030507427366826332,0.028692698711667596,-0.0564727783203125,-0.04490226,-1.6688953766478767,-1.283795428774669,200000.0,0.19999999999999998,case_322,deeponet,4418
-4.0,0.014143790270928743,0.011175043433947474,0.029807571321725845,0.03173082,-0.003179398716236312,-0.022933281873103978,-0.03316882252693176,-0.04551806,-1.112765014261863,-1.4345062623657379,500000.0,0.5,case_323,deeponet,4418
-4.0,0.014080478316199834,0.008625747331272346,0.030011897906661034,0.03063268,-0.0032355092748729956,0.005690244821499366,0.004918307065963745,-0.0457355,0.16387857513243587,-1.4930296663563227,1000000.0,1.0,case_324,deeponet,4418
-2.0,0.012998827013358222,-0.01322104241616333,0.03371934965252876,0.03628638,0.08348950832968187,0.07092353876961845,0.16257908940315247,0.1583637,4.821536924006479,4.364273868046358,100000.0,0.09999999999999999,case_325,deeponet,4418
-2.0,0.012756590008773496,-0.008130761748338019,0.030335236340761185,0.03072196,0.08470598921295883,0.16929937617291513,0.17631953954696655,0.1628461,5.812367425337892,5.300641625729608,200000.0,0.19999999999999998,case_326,deeponet,4418
-2.0,0.012549531159347035,0.003180700015816819,0.025807935744524002,0.02741803,0.08551072846648058,0.10284261292375758,0.1936480700969696,0.1645983,7.50343119317702,6.00328688822647,500000.0,0.5,case_327,deeponet,4418
-2.0,0.012479438869718305,0.0053425371581747256,0.025203028693795204,0.02630018,0.0857751511843615,0.08188378890217224,0.19682462513446808,0.1651646,7.809562395289611,6.279979832837646,1000000.0,1.0,case_328,deeponet,4418
0.0,0.015042629129962447,-0.004265947773520321,0.03264521807432175,0.03324144,0.17245364598227583,0.16919687533548627,0.37349733710289,0.3727979,11.441104061629092,11.214854109809925,100000.0,0.09999999999999999,case_329,deeponet,4418
0.0,0.014805169915604686,-0.0021278586258874337,0.0286027193069458,0.02778104,0.17511571500961826,0.21694422771916821,0.3974611759185791,0.3787273,13.895922679703423,13.63258178959463,200000.0,0.19999999999999998,case_330,deeponet,4418
0.0,0.014649425646595951,0.004149210549753529,0.0251493938267231,0.02442649,0.17664710579420043,0.1864676585400481,0.4459691345691681,0.3822425,17.732798557366927,15.648687142524366,500000.0,0.5,case_331,deeponet,4418
0.0,0.015232748203362142,0.003130405224484565,0.02320033498108387,0.02525602,0.17632738796009922,0.1910528189740729,0.4261493384838104,0.3819545,18.368240753043715,15.123305255539075,1000000.0,1.0,case_332,deeponet,4418
2.0,0.02284225866125178,0.013958726658370679,0.034550465643405914,0.03799723,0.25961903080778254,0.32948621776546183,0.584113597869873,0.5838863,16.906099150688387,15.366549087920356,100000.0,0.09999999999999999,case_333,deeponet,4418
2.0,0.022576856318536707,0.008482447610607988,0.029686694964766502,0.03218518,0.2617114446212049,0.2788971053408864,0.6084463000297546,0.5895077,20.495589042562194,18.316122513529518,200000.0,0.19999999999999998,case_334,deeponet,4418
2.0,0.022461632554039768,0.01045178647730058,0.026577088981866837,0.02886651,0.26447184173542865,0.2565673537678541,0.6561096906661987,0.5960212,24.68704119980382,20.647497740461176,500000.0,0.5,case_335,deeponet,4418
2.0,0.022423352600413643,0.007702141321804783,0.02405189722776413,0.02774306,0.26538133356506716,0.2816079749340447,0.6426376700401306,0.5981646,26.718793280818886,21.560873241812548,1000000.0,1.0,case_336,deeponet,4418
4.0,0.03295548126811787,0.0368539961675226,0.040442973375320435,0.04386799,0.34387842323058937,0.5054381119933101,0.7914215326309204,0.7913434,19.568826586669083,18.03919896945358,100000.0,0.09999999999999999,case_337,deeponet,4418
4.0,0.03272147211711305,0.02136266669079822,0.03506091982126236,0.03803672,0.34592801999915135,0.35894697199151654,0.8164859414100647,0.7973453,23.287636079499393,20.962514643744253,200000.0,0.19999999999999998,case_338,deeponet,4418
4.0,0.03269257123819427,0.020733670645879738,0.03254521265625954,0.03477942,0.3496499426596234,0.32714009655824805,0.8491442203521729,0.8062551,26.091217449422746,23.181959331121682,500000.0,0.5,case_339,deeponet,4418
4.0,0.032682877931517175,0.01907411784325555,0.03186637535691261,0.03367615,0.350880227276308,0.36089863859244525,0.8375391960144043,0.80919,26.282851018784637,24.028578088647304,1000000.0,1.0,case_340,deeponet,4418
6.0,0.04519376564499039,0.06183522094958645,0.050003163516521454,0.04954634,0.42760178908892255,0.6652427838448193,0.9862991571426392,1.003179,19.724735152342067,20.247287690675034,100000.0,0.09999999999999999,case_341,deeponet,4418
6.0,0.04532924386116452,0.03607642553175872,0.04470119997859001,0.04424011,0.4340065646316452,0.43804138398635883,1.01259446144104,1.018464,22.652511832479444,23.021280914536607,200000.0,0.19999999999999998,case_342,deeponet,4418
6.0,0.04586234693793636,0.03469861434414062,0.04245005175471306,0.04377302,0.42914942755197133,0.4073166466263947,1.0305678844451904,1.006376,24.277187938428618,22.99078290691389,500000.0,0.5,case_343,deeponet,4418
6.0,0.045387414990356846,0.034979250818272314,0.04289165511727333,0.03997996,0.43805448696806865,0.43120241684922583,1.0313076972961426,1.028394,24.044483582560893,25.72273709128273,1000000.0,1.0,case_344,deeponet,4418
8.0,0.06063166370134089,0.0924146381301521,0.062031932175159454,0.06150943,0.5001136168716068,0.8366018492903164,1.1624342203140259,1.191142,18.739287646750427,19.36519327199098,100000.0,0.09999999999999999,case_345,deeponet,4418
8.0,0.06113434138946142,0.05439933358407266,0.05753204971551895,0.05930054,0.49397478071215734,0.5249591855615394,1.1866087913513184,1.175576,20.625178439127247,19.824035329189243,200000.0,0.19999999999999998,case_346,deeponet,4418
8.0,0.061382408710431234,0.05424588140804547,0.055288996547460556,0.05629445,0.4995635912463564,0.49800196820810927,1.1905832290649414,1.18912,21.53381872363942,21.123219073993972,500000.0,0.5,case_347,deeponet,4418
8.0,0.061464281916761794,0.05454578036141419,0.05529986321926117,0.05527096,0.5014290203220954,0.4902362543039039,1.2095060348510742,1.193646,21.871772630891396,21.596259590931655,1000000.0,1.0,case_348,deeponet,4418
10.0,0.077857527330082,0.13434864859388918,0.07551494240760803,0.07611279,0.5638849142421103,1.0418682690895142,1.3197276592254639,1.36202,17.47637774921355,17.894758555033917,100000.0,0.09999999999999999,case_349,deeponet,4418
10.0,0.07804924525349945,0.0796666576224687,0.07230591773986816,0.07434967,0.5532268010539028,0.6306437903976834,1.3379476070404053,1.335688,18.503984858526806,17.964948600309857,200000.0,0.19999999999999998,case_350,deeponet,4418
10.0,0.07846969057431452,0.08043275880968441,0.06977537274360657,0.0715554,0.5596562293862938,0.5930419359918825,1.3318772315979004,1.351363,19.088070464230356,18.885548819516067,500000.0,0.5,case_351,deeponet,4418
10.0,0.07861306438311709,0.07688320562048014,0.06770575046539307,0.07059608,0.5618359102586369,0.5384177708622487,1.366928219795227,1.356682,20.189248481839293,19.217525958948425,1000000.0,1.0,case_352,deeponet,4418
