AoA,Cd_grid_pressure,Cd_model_integrated_pressure,Cd_model_pressure,Cd_openfoam_total,Cl_grid_pressure,Cl_model_integrated_pressure,Cl_model_pressure,Cl_openfoam_total,L_over_D_model_pressure,L_over_D_openfoam_total,Re,U_inf,case,model,naca
-4.0,0.014729634125007324,0.24689322007401782,0.021725695580244064,0.03055369,-0.23739448819051023,-3.59644517441553,-0.27991414070129395,-0.4695631,-12.884012834821716,-15.368457950578145,100000.0,0.09999999999999999,case_001,unet,0006
-4.0,0.014157268737397198,0.061600757677779686,0.021689776331186295,0.02561826,-0.22967837926528342,-0.8958710990552442,-0.27907052636146545,-0.456578,-12.866454780366196,-17.822365765668707,200000.0,0.19999999999999998,case_002,unet,0006
-4.0,0.014117520171714961,0.009790946179333277,0.02157559059560299,0.02294054,-0.23094041372456667,-0.1416791634360011,-0.27643734216690063,-0.4593368,-12.812504062958878,-20.022928841256572,500000.0,0.5,case_003,unet,0006
-4.0,0.014105000179260417,0.0024145218052525307,0.02136397361755371,0.02202942,-0.23136888689124374,-0.034643889534836096,-0.2714371681213379,-0.4602652,-12.705369000189718,-20.893205540590717,1000000.0,1.0,case_004,unet,0006
-2.0,0.0076237275462381305,0.10518005039164771,0.0187649168074131,0.01950764,-0.1351466855892897,-2.5046602632480237,-0.19513601064682007,-0.2673035,-10.398980856111836,-13.702503224377732,100000.0,0.09999999999999999,case_005,unet,0006
-2.0,0.0072358732135409665,0.02611885358048804,0.018621616065502167,0.01461151,-0.12610651021180214,-0.6147583923605132,-0.19186776876449585,-0.2512893,-10.30349718786997,-17.198037711365902,200000.0,0.19999999999999998,case_006,unet,0006
-2.0,0.007167699621027662,0.0040758737288508,0.018155675381422043,0.01177091,-0.1269542824832864,-0.09237797133761945,-0.18109369277954102,-0.2531204,-9.97449497058351,-21.503893921540477,500000.0,0.5,case_007,unet,0006
-2.0,0.0071451795448632515,0.0009610665747342256,0.01729254424571991,0.01080532,-0.12724091756833503,-0.0203400142194855,-0.1605813205242157,-0.253738,-9.286159297464934,-23.48269185919529,1000000.0,1.0,case_008,unet,0006
0.0,0.005083854888971317,0.03543558499482115,0.012827688828110695,0.01632171,-0.017727678733466857,-0.27939942986430705,0.013430356979370117,-0.03385765,1.0469818187309572,-2.0743935531264803,100000.0,0.09999999999999999,case_009,unet,0006
0.0,0.004936194627345643,0.009035186710750272,0.012739676982164383,0.01168694,-0.018315231121128504,-0.058292120665431324,0.018784567713737488,-0.03503927,1.4744932497139436,-2.9981560613813367,200000.0,0.19999999999999998,case_010,unet,0006
0.0,0.0048563421622021645,0.0015290992880520695,0.012500416487455368,0.008793256,-0.01868862447031557,-0.003767747803939404,0.034950897097587585,-0.03578722,2.79597860860573,-4.069848529372965,500000.0,0.5,case_011,unet,0006
0.0,0.004830199669895075,0.0004173991354805856,0.012187386862933636,0.007809732,-0.018820008288352726,0.0013641854621844404,0.0623711496591568,-0.03604435,5.117680300184004,-4.615312023511178,1000000.0,1.0,case_012,unet,0006
2.0,0.0067812065485400004,0.09063746496795398,0.012944894842803478,0.01842412,0.08967807738544534,1.3720659787446716,0.2300853580236435,0.1818919,17.774216076506487,9.872487804030804,100000.0,0.09999999999999999,case_013,unet,0006
2.0,0.006633702822814245,0.022814765267733433,0.01300768181681633,0.01381151,0.08984768098371905,0.3515247351013181,0.23487412929534912,0.1825693,18.05657092501324,13.21863431297519,200000.0,0.19999999999999998,case_014,unet,0006
2.0,0.006550530579396326,0.0037106664239856084,0.013231178745627403,0.01093149,0.08995741500243155,0.06034166309002329,0.2492830604314804,0.1829588,18.840578396226615,16.736858378866923,500000.0,0.5,case_015,unet,0006
2.0,0.006522645257790596,0.0009406526980436055,0.01367807574570179,0.009952477,0.08999079987924193,0.016810980865447547,0.2730024456977844,0.1830806,19.95912661790698,18.395480843613104,1000000.0,1.0,case_016,unet,0006
4.0,0.01344329712318345,0.1644572274697239,0.019419606775045395,0.02818171,0.20184261030793485,2.789313439243708,0.4037688672542572,0.4048118,20.79181478448414,14.364344817968817,100000.0,0.09999999999999999,case_017,unet,0006
4.0,0.012901187247819216,0.0411255404816841,0.019712500274181366,0.0232264,0.19480392726513174,0.7078597527722768,0.4079393744468689,0.3928634,20.69445117427196,16.91451968449695,200000.0,0.19999999999999998,case_018,unet,0006
4.0,0.012824965548058911,0.0065823942362975615,0.020655080676078796,0.0204691,0.1953673699074085,0.11855431386436603,0.4206542372703552,0.3943028,20.365654526710525,19.26331885622719,500000.0,0.5,case_019,unet,0006
4.0,0.01279950836276696,0.0016425763723986202,0.022451406344771385,0.01953112,0.19555700484018082,0.03206364178354614,0.4425157606601715,0.3947766,19.709935042141677,20.212696455707608,1000000.0,1.0,case_020,unet,0006
6.0,0.024501291576083932,0.3369192205979774,0.036870427429676056,0.04516426,0.29147130913882763,5.072856137972051,0.594505786895752,0.5837019,16.124190261413936,12.923977941850481,100000.0,0.09999999999999999,case_021,unet,0006
6.0,0.02449211166286163,0.08505902997655271,0.037406980991363525,0.04073193,0.29357292159280346,1.2874306420165096,0.59983891248703,0.5866558,16.035480452847025,14.402848085028133,200000.0,0.19999999999999998,case_022,unet,0006
6.0,0.02444509727152257,0.014029447600986443,0.039022982120513916,0.03822575,0.2946053280845173,0.21538069845518218,0.6163514852523804,0.5890972,15.794576727860369,15.411004362242728,500000.0,0.5,case_023,unet,0006
6.0,0.024427662548430224,0.0037017972014315773,0.04175347462296486,0.03737801,0.2949417261884738,0.05788748579555507,0.6443098783493042,0.589904,15.431287675275936,15.78211360101835,1000000.0,1.0,case_024,unet,0006
8.0,0.04178242655622149,0.8238523841955347,0.06382625550031662,0.07555937,0.37811122138302966,8.33268333608843,0.7862262725830078,0.7433421,12.318226510704637,9.83785465654359,100000.0,0.09999999999999999,case_025,unet,0006
8.0,0.042067557966031524,0.2090730777362357,0.06489498168230057,0.07287644,0.3822543936436812,2.1105762042177463,0.7891778349876404,0.7521703,12.160845330862932,10.321172384381015,200000.0,0.19999999999999998,case_026,unet,0006
8.0,0.041262015466376284,0.034967400086471936,0.06824053823947906,0.06958468,0.3766227402924965,0.35089960540049775,0.7971590757369995,0.742898,11.681605923732597,10.676171824027932,500000.0,0.5,case_027,unet,0006
8.0,0.041257293561427356,0.009369025497436305,0.07412365078926086,0.06890893,0.3770604042261787,0.09310335186515852,0.8085646629333496,0.7438761,10.908322166054125,10.79506095944314,1000000.0,1.0,case_028,unet,0006
10.0,0.0602382517496338,1.4217769201472,0.09934687614440918,0.1127567,0.43584294191919304,10.37818181081759,0.8737528324127197,0.8648489,8.794970373730175,7.670044440818151,100000.0,0.09999999999999999,case_029,unet,0006
10.0,0.06313401829237593,0.05677831759692927,0.10113082826137543,0.1105732,0.4408637621293589,0.414794799563319,0.8856698870658875,0.8605276,8.757664722935415,7.782424674333383,500000.0,0.5,case_031,unet,0006
10.0,0.06315656665351535,0.014133475820490498,0.10305995494127274,0.110035,0.44131816881290326,0.10334320949505423,0.8997485637664795,0.8613147,8.730341132782257,7.827643022674604,1000000.0,1.0,case_032,unet,0006
-4.0,0.006562285803127247,0.0343684592659108,0.023540295660495758,0.02496689,-0.1282308042251114,-0.6542453581922163,-0.2600156366825104,-0.4682508,-11.045555265427556,-18.75487095108762,200000.0,0.19999999999999998,case_034,unet,0008
-4.0,0.006515220911890409,0.005478283830609707,0.02337699756026268,0.02227536,-0.12939531136350296,-0.1035723905070917,-0.25651848316192627,-0.4719542,-10.973115024744173,-21.18727598566308,500000.0,0.5,case_035,unet,0008
-4.0,0.0064998233964287154,0.001360340903843831,0.023081406950950623,0.02135967,-0.12978031572536458,-0.025364334282225547,-0.24995526671409607,-0.4731953,-10.829290746671814,-22.153680276895663,1000000.0,1.0,case_036,unet,0008
-2.0,0.002502193028108006,0.052371175870585325,0.020499780774116516,0.02157982,-0.07428886635236552,-2.0015819064146703,-0.1742846667766571,-0.2627754,-8.501781979869406,-12.176904163241398,100000.0,0.09999999999999999,case_037,unet,0008
-2.0,0.0023731603933487013,0.012997984776063407,0.0203278586268425,0.01677183,-0.07352849285209045,-0.4925911530538241,-0.17020228505134583,-0.2615175,-8.372858557103372,-15.592663412400436,200000.0,0.19999999999999998,case_038,unet,0008
-2.0,0.002296600287565659,0.0020070108647142998,0.019770458340644836,0.0139321,-0.07441510421615263,-0.07466722315601525,-0.15687808394432068,-0.2642411,-7.934974558571813,-18.96635108849348,500000.0,0.5,case_039,unet,0008
-2.0,0.0022712476626566562,0.00044871103821817826,0.018704093992710114,0.012966,-0.07471775817328233,-0.016732544290829026,-0.13137242197990417,-0.2651554,-7.0237255026149,-20.450053987351534,1000000.0,1.0,case_040,unet,0008
0.0,0.0008312295449698783,-0.0034668078290196807,0.014387242496013641,0.01874193,-0.01719970284379318,-0.5606166462352979,0.03896735608577728,-0.04829616,2.708465927127745,-2.5769042996105522,100000.0,0.09999999999999999,case_041,unet,0008
0.0,0.0007429466400348477,-0.0006682330143595615,0.014307117089629173,0.01393857,-0.016501288608037828,-0.13088371783284655,0.04490707814693451,-0.04653335,3.138792942394131,-3.3384593971978473,200000.0,0.19999999999999998,case_042,unet,0008
0.0,0.0006485710498456177,-8.860195252840719e-06,0.01410176232457161,0.01105704,-0.01708700683136406,-0.016505921713969755,0.06265053153038025,-0.04807171,4.442744820710448,-4.347611114728715,500000.0,0.5,case_043,unet,0008
0.0,0.000616982972777508,3.8789071171560654e-05,0.013859664089977741,0.01007724,-0.017286641236165624,-0.002287388160915094,0.091751828789711,-0.04858922,6.620061510441582,-4.8216793487105605,1000000.0,1.0,case_044,unet,0008
2.0,0.0018586264357671263,0.027892264642830816,0.014824606478214264,0.02087364,0.040288617324552856,0.6425106686894099,0.23501990735530853,0.167671,15.853365666109639,8.032667038427414,100000.0,0.09999999999999999,case_045,unet,0008
2.0,0.0017881681421369256,0.007088129620727445,0.014895266853272915,0.01614146,0.04123169056557871,0.16749299361033188,0.2397119700908661,0.1703516,16.093163852126256,10.55366738820404,200000.0,0.19999999999999998,case_046,unet,0008
2.0,0.0016829895092016936,0.0011774053067554215,0.015135983005166054,0.01327743,0.04097332264413002,0.0300818942304295,0.25369536876678467,0.1700954,16.761076481137437,12.810867765825165,500000.0,0.5,case_047,unet,0008
2.0,0.0016483725570444706,0.00030133371153840175,0.015609010122716427,0.01230366,0.04088934940075623,0.008881592551371923,0.27640867233276367,0.1700065,17.708276832397903,13.817555101490127,1000000.0,1.0,case_048,unet,0008
4.0,0.005577583096218379,0.06513752585153998,0.02021549828350544,0.02908891,0.0956790010628348,1.6276898542215774,0.38929039239883423,0.375408,19.257026808805914,12.905536852360575,100000.0,0.09999999999999999,case_049,unet,0008
4.0,0.005485396976286484,0.01623125393506673,0.020450562238693237,0.02448435,0.09623821294396304,0.414127987639922,0.3932846188545227,0.3779003,19.230992980252314,15.434361132723557,200000.0,0.19999999999999998,case_050,unet,0008
4.0,0.0053853374542351725,0.0025663177009093456,0.021208759397268295,0.02169915,0.09631247720364115,0.06982710397237987,0.4051734507083893,0.3787903,19.10406182270972,17.45645797185604,500000.0,0.5,case_051,unet,0008
4.0,0.0053515644388476,0.0006237229987042445,0.022655507549643517,0.02075177,0.096334341527938,0.019037747837621407,0.4260835349559784,0.3790856,18.807061992424124,18.267627291551516,1000000.0,1.0,case_052,unet,0008
6.0,0.012102156224625245,0.1476247318800223,0.034243516623973846,0.04387975,0.14893224747777978,2.955711816621798,0.5571451187133789,0.5705449,16.270090622740604,13.002464690432374,100000.0,0.09999999999999999,case_053,unet,0008
6.0,0.012377749029982314,0.03720227078604775,0.03476141393184662,0.04078678,0.15539917839725656,0.7508279972996438,0.562520444393158,0.5940247,16.18232346635951,14.564147991089268,200000.0,0.19999999999999998,case_054,unet,0008
6.0,0.011641185761999144,0.00610059037509788,0.03635881096124649,0.03678748,0.14756317598207747,0.12594922747155052,0.5789408683776855,0.5727831,15.922986837901744,15.570055355789524,500000.0,0.5,case_055,unet,0008
6.0,0.011610290001873948,0.001589682488564223,0.039154402911663055,0.03590086,0.14768119212605815,0.03395821125955698,0.6069096326828003,0.5734409,15.500418536634562,15.972901484811228,1000000.0,1.0,case_056,unet,0008
8.0,0.019617328073799168,0.34238269435939406,0.05322647467255592,0.06771159,0.1928297377103151,4.4708923271924315,0.7491450309753418,0.7424073,14.074669336716529,10.964257374549911,100000.0,0.09999999999999999,case_057,unet,0008
8.0,0.019544944882014543,0.08633188288951148,0.05379354953765869,0.06378022,0.19398135247466577,1.1277892345891858,0.754122257232666,0.7473657,14.018823143558048,11.717828819028847,200000.0,0.19999999999999998,case_058,unet,0008
8.0,0.020010207673583327,0.014177869530055896,0.05556054413318634,0.0619671,0.18962148807275342,0.18529131947553532,0.7690063714981079,0.7326488,13.840871854218937,11.823190047622045,500000.0,0.5,case_059,unet,0008
8.0,0.01998170090835287,0.003709464261783001,0.058756470680236816,0.06119524,0.18980205892409072,0.04837021403263041,0.7925228476524353,0.7335423,13.488265011108068,11.986917609931753,1000000.0,1.0,case_060,unet,0008
10.0,0.030208114608626387,0.6801124842836099,0.08354202657938004,0.09952293,0.22788984326980344,5.816939293214369,0.8480967283248901,0.8722696,10.151737551147923,8.764508842334124,100000.0,0.09999999999999999,case_061,unet,0008
10.0,0.031097486170072283,0.1713700230215784,0.08448342978954315,0.09982976,0.2230005354507554,1.4626917557611077,0.8494682312011719,0.8646026,10.054850203374603,8.660770095009743,200000.0,0.19999999999999998,case_062,unet,0008
10.0,0.03106406927438962,0.02802581823891779,0.0871792584657669,0.09803959,0.22362376115148952,0.2378011181025312,0.8538391590118408,0.8671961,9.794063106732226,8.8453664483909,500000.0,0.5,case_063,unet,0008
10.0,0.031054395310414717,0.007223661615502345,0.09128960967063904,0.09744452,0.22382875959613582,0.06075352415550421,0.862336277961731,0.8680935,9.44616020457232,8.908592294364013,1000000.0,1.0,case_064,unet,0008
-4.0,0.007539279310863913,0.15169727480105344,0.024118516594171524,0.03182574,-0.12112187624767554,-2.6155695892881163,-0.26700228452682495,-0.4796902,-11.070427299469515,-15.072397373949515,100000.0,0.09999999999999999,case_065,unet,0010
-4.0,0.007242090790639222,0.03791712907827105,0.024068348109722137,0.02658572,-0.11791603465286273,-0.6518669076040708,-0.2658897042274475,-0.4726506,-11.047276822460631,-17.778363723081412,200000.0,0.19999999999999998,case_066,unet,0010
-4.0,0.00717925381065023,0.00606113958439313,0.02390739507973194,0.02373827,-0.11930085966418763,-0.10323761220264192,-0.26215291023254395,-0.4775432,-10.965348142625135,-20.117017794472808,500000.0,0.5,case_067,unet,0010
-4.0,0.007158849447812676,0.0015110795642702896,0.023607920855283737,0.02276802,-0.11976271288362994,-0.025297116274662503,-0.25511085987091064,-0.4791713,-10.806155333827872,-21.0458045978526,1000000.0,1.0,case_068,unet,0010
-2.0,0.004428241776775915,0.0696192632855066,0.021141640841960907,0.02432197,-0.07235526677094241,-1.9905577037706839,-0.1813237965106964,-0.2758272,-8.57661890418712,-11.340660316577974,100000.0,0.09999999999999999,case_069,unet,0010
-2.0,0.004247707968066907,0.017405987225926355,0.020977895706892014,0.01917175,-0.06931678604160142,-0.490396153702745,-0.17752230167388916,-0.2685417,-8.46235028309186,-14.007156362877671,200000.0,0.19999999999999998,case_070,unet,0010
-2.0,0.004154926284312277,0.00277207131740286,0.020450616255402565,0.01621094,-0.07032896848282019,-0.07477200162845224,-0.1650257110595703,-0.2718376,-8.06947375074697,-16.76877466698415,500000.0,0.5,case_071,unet,0010
-2.0,0.004124252952542858,0.0006697766555049245,0.019456373527646065,0.01520248,-0.0706576769241323,-0.016956517962695646,-0.14086884260177612,-0.2729368,-7.2402414767383005,-17.953439175713434,1000000.0,1.0,case_072,unet,0010
0.0,0.003014527710469467,0.03134517566232654,0.015274368226528168,0.02114043,-0.02142418670301702,-0.6348641970312265,0.02668680250644684,-0.06398505,1.7471624430330166,-3.0266673856681248,100000.0,0.09999999999999999,case_073,unet,0010
0.0,0.002903143485497115,0.00830174752566813,0.015192928723990917,0.01606029,-0.018556280588018448,-0.15006595384545784,0.03272348642349243,-0.05643584,2.1538629594055347,-3.513998813221928,200000.0,0.19999999999999998,case_074,unet,0010
0.0,0.002790400809827793,0.001558615575899808,0.014985071495175362,0.01306245,-0.01914038486784543,-0.019877254159360258,0.050771892070770264,-0.05811671,3.388164820375861,-4.449143154614946,500000.0,0.5,case_075,unet,0010
0.0,0.002753413421042033,0.00048520458617007075,0.014742705971002579,0.01204171,-0.019336817923972134,-0.0032672223039055272,0.08053761720657349,-0.05868048,5.462878888379303,-4.873101909944683,1000000.0,1.0,case_076,unet,0010
2.0,0.003293664076483223,0.08702846104922364,0.015655187889933586,0.0223756,0.030216133437972467,0.5324957829152365,0.22380079329013824,0.1500594,14.295631254227487,6.706385527092012,100000.0,0.09999999999999999,case_077,unet,0010
2.0,0.0032332447614220037,0.021988387874797313,0.015728766098618507,0.01740454,0.032777520728770486,0.14057469642928067,0.22862505912780762,0.1573798,14.535473265629417,9.042456738299316,200000.0,0.19999999999999998,case_078,unet,0010
2.0,0.0031089410562141484,0.003613012939396846,0.01597518101334572,0.01441922,0.03260557009984286,0.026065403627897492,0.24294734001159668,0.1573137,15.20779888557367,10.910000679648414,500000.0,0.5,case_079,unet,0010
2.0,0.003067299835937054,0.0009288384245117582,0.016449756920337677,0.01340249,0.03253960817550054,0.007996976526199245,0.26633650064468384,0.1572861,16.190907983290526,11.735587939256066,1000000.0,1.0,case_080,unet,0010
4.0,0.005422676590154496,0.12707945058908326,0.020908087491989136,0.02793109,0.08124491575932397,1.5573168918313902,0.3799113631248474,0.3603854,18.170545884237818,12.902661514462917,100000.0,0.09999999999999999,case_081,unet,0010
4.0,0.005733795469050507,0.03167656158933198,0.021133530884981155,0.02378334,0.09000965614601053,0.3968071601054419,0.384032666683197,0.3878642,18.17172287836271,16.30823088767179,200000.0,0.19999999999999998,case_082,unet,0010
4.0,0.0052409142859741594,0.005010095160331569,0.021852634847164154,0.02015801,0.08317273092530945,0.06713869354321765,0.39618855714797974,0.3676893,18.130013150308677,18.240357059054936,500000.0,0.5,case_083,unet,0010
4.0,0.005198446616294102,0.001217799866966431,0.023216981440782547,0.0191625,0.08324021442863644,0.018380838514431223,0.4174817204475403,0.3681829,17.98173985332129,19.213719504240053,1000000.0,1.0,case_084,unet,0010
6.0,0.00984721128104184,0.17756939252542042,0.03393958508968353,0.03956011,0.1289430630137503,2.7931372116145474,0.5461914539337158,0.5607863,16.0930504156263,14.175549562425381,100000.0,0.09999999999999999,case_085,unet,0010
6.0,0.009670985742863045,0.04432560901757136,0.03443805128335953,0.03489493,0.12988204532520053,0.7090922104513793,0.5515806674957275,0.5652449,16.01660509060951,16.198482129065745,200000.0,0.19999999999999998,case_086,unet,0010
6.0,0.009894070268245011,0.007060272728007669,0.03597283363342285,0.0334656,0.12853657720194767,0.11873417359855142,0.5683424472808838,0.5581162,15.79921262451866,16.67731043220501,500000.0,0.5,case_087,unet,0010
6.0,0.009849713226052012,0.0017521133334258135,0.0386093445122242,0.03253299,0.12869960262703928,0.03192899079963926,0.5967402458190918,0.5590228,15.455850218595565,17.183259208575667,1000000.0,1.0,case_088,unet,0010
8.0,0.016279002284030376,0.3137243536098853,0.05214153975248337,0.05877719,0.17055858325419715,4.171222317206182,0.741140604019165,0.7331442,14.214014536919509,12.473277473795532,100000.0,0.09999999999999999,case_089,unet,0010
8.0,0.017154377850789878,0.07889880590756795,0.052678853273391724,0.05797538,0.17266183527775988,1.0524231937603,0.7464596033096313,0.7384167,14.170004791783704,12.736728935627504,200000.0,0.19999999999999998,case_090,unet,0010
8.0,0.016738790030533003,0.012863858058904106,0.054332952946424484,0.05423804,0.1673298357643466,0.17302235716755388,0.7623111605644226,0.719806,14.030364985243976,13.271239152447247,500000.0,0.5,case_091,unet,0010
8.0,0.01668435181935997,0.0033304712864442496,0.05729066953063011,0.05338978,0.16751231192573215,0.04521294137633187,0.7879301905632019,0.7208904,13.75320269458432,13.502404392750824,1000000.0,1.0,case_092,unet,0010
10.0,0.02601578093205871,0.599613661215854,0.078999362885952,0.08837473,0.2016465082870875,5.450447569560392,0.8654199838638306,0.8509685,10.954771687376775,9.629093067667647,100000.0,0.09999999999999999,case_093,unet,0010
10.0,0.026783860711051845,0.1510602332544471,0.07991025596857071,0.08723182,0.20344226338874088,1.371523060222633,0.8668686151504517,0.8541543,10.84802701034267,9.791774377744268,200000.0,0.19999999999999998,case_094,unet,0010
10.0,0.026626526570529323,0.02470397869584962,0.08259472250938416,0.08488435,0.2045024394943901,0.22354333560146353,0.8712411522865295,0.8582858,10.548387667112046,10.111237230419977,500000.0,0.5,case_095,unet,0010
10.0,0.026548022628006027,0.006374980925295658,0.086846724152565,0.0843371,0.20416378384642994,0.057408913062055214,0.8788440227508545,0.858899,10.119483853034865,10.184118258749708,1000000.0,1.0,case_096,unet,0010
-4.0,0.014068911890232625,0.39171348719497423,0.024790611118078232,0.03312334,-0.21089621023862962,-5.163247303760897,-0.24825850129127502,-0.4812579,-10.014214660091042,-14.529268485605618,100000.0,0.09999999999999999,case_097,unet,0012
-4.0,0.013852078142885891,0.09772962893342045,0.024726882576942444,0.02802992,-0.21317416580025245,-1.2844694294597008,-0.24672308564186096,-0.4870897,-9.977929278959234,-17.377491623236885,200000.0,0.19999999999999998,case_098,unet,0012
-4.0,0.013773511969292393,0.015541857277375662,0.024526525288820267,0.02509849,-0.21522743450573062,-0.20234068446455394,-0.24192360043525696,-0.492,-9.863753531591003,-19.602772915820832,500000.0,0.5,case_099,unet,0012
-4.0,0.013748659177579703,0.003841981369877042,0.024149714037775993,0.0241029,-0.2159150610548713,-0.04912265765251536,-0.23278626799583435,-0.4936351,-9.639297079530644,-20.480319795543274,1000000.0,1.0,case_100,unet,0012
-2.0,0.007497777024547412,0.2043063056681784,0.020891977474093437,0.02605989,-0.12246835465549433,-3.529015643269285,-0.14387717843055725,-0.2775027,-6.8867190101544224,-10.648652008891826,100000.0,0.09999999999999999,case_101,unet,0012
-2.0,0.007224746937372316,0.0507046108653822,0.020700063556432724,0.02084952,-0.12438504193022594,-0.8635319971971283,-0.13905048370361328,-0.2823177,-6.7173940468604085,-13.54072899519989,200000.0,0.19999999999999998,case_102,unet,0012
-2.0,0.00709922824450574,0.007905178938950071,0.020117882639169693,0.01782003,-0.1258018272911063,-0.12885980909105268,-0.12361523509025574,-0.2856362,-6.144544995484554,-16.028940467552523,500000.0,0.5,case_103,unet,0012
-2.0,0.0070566318607286,0.0018743619751818833,0.019121047109365463,0.01679155,-0.12627485447376818,-0.02811827745386928,-0.09489646553993225,-0.2867438,-4.9629324689782335,-17.076672493009877,1000000.0,1.0,case_104,unet,0012
0.0,0.0049423848452729196,0.13039462826498796,0.016209140419960022,0.02336766,-0.03016192496720188,-0.8245292438871286,0.05880360305309296,-0.06559853,3.627805147562414,-2.8072357266410077,100000.0,0.09999999999999999,case_105,unet,0012
0.0,0.004633795806517714,0.03307786084325026,0.016148477792739868,0.01810771,-0.03165432852353408,-0.18995661978846257,0.06434515118598938,-0.06898133,3.9845954530103183,-3.8095004834957042,200000.0,0.19999999999999998,case_106,unet,0012
0.0,0.004481513467507595,0.005516885725393992,0.016003474593162537,0.01504332,-0.03234820108775613,-0.022738222150955223,0.08081680536270142,-0.0705953,5.049953676761564,-4.692800525415932,500000.0,0.5,case_107,unet,0012
0.0,0.004429871048434722,0.001464028237766029,0.01583702303469181,0.01400338,-0.03258931219926034,-0.002566588235368346,0.10746239125728607,-0.07113809,6.78551714055629,-5.080065669859706,1000000.0,1.0,case_108,unet,0012
2.0,0.0063317087266297895,0.19320110970079732,0.01670936495065689,0.02442247,0.06277340636262693,1.261613080030827,0.2314266562461853,0.1480052,13.850116801541718,6.060206031576659,100000.0,0.09999999999999999,case_109,unet,0012
2.0,0.006002393435813352,0.048577804014944506,0.016772445291280746,0.01914649,0.061873600050603134,0.32985318934084584,0.23587898910045624,0.1461099,14.063482396516106,7.631158504770326,200000.0,0.19999999999999998,case_110,unet,0012
2.0,0.005845194437080684,0.007885535976746542,0.016990117728710175,0.01608032,0.06191605609166426,0.059703460723437206,0.24912291765213013,0.1462832,14.662812914542565,9.097032894867764,500000.0,0.5,case_111,unet,0012
2.0,0.00579266301204564,0.0020021020753861344,0.017418723553419113,0.01503974,0.06191640505071461,0.017829745794292983,0.2705022692680359,0.1463331,15.529396768854461,9.729762615577132,1000000.0,1.0,case_112,unet,0012
4.0,0.011369478974045074,0.29002251086009667,0.021149542182683945,0.02956346,0.15358358115398477,3.2560327918688894,0.3722260594367981,0.3571802,17.599721838969916,12.08181315718796,100000.0,0.09999999999999999,case_113,unet,0012
4.0,0.011007656789559535,0.07261077388769432,0.02134142816066742,0.02428704,0.1531504033567621,0.8292392202555171,0.37618425488471985,0.3570088,17.626948489700105,14.699559929905003,200000.0,0.19999999999999998,case_114,unet,0012
4.0,0.01086858389903305,0.011656404455442958,0.02194724604487419,0.02125727,0.15395686342971557,0.14012069759625786,0.3877338767051697,0.3590274,17.666630059753007,16.88962881875236,500000.0,0.5,case_115,unet,0012
4.0,0.010821895415474887,0.0029205732857876905,0.02308015152812004,0.0202288,0.15421245031413217,0.03825309583366803,0.4074564576148987,0.3596876,17.653976713214735,17.780965751799414,1000000.0,1.0,case_116,unet,0012
6.0,0.01966225599275579,0.47144868289852515,0.03173403441905975,0.0388331,0.24091433696729198,5.611005882791846,0.521563708782196,0.5608918,16.435468049689266,14.443652451130609,100000.0,0.09999999999999999,case_117,unet,0012
6.0,0.019492287873603676,0.11844718770732966,0.03216235339641571,0.0339886,0.2426905426820366,1.4234711955015726,0.526587724685669,0.5658932,16.37279828982769,16.649500126513008,200000.0,0.19999999999999998,case_118,unet,0012
6.0,0.01973449219732773,0.019237106312022537,0.03348159417510033,0.03233328,0.2384757025195191,0.23787261292146336,0.5419047474861145,0.5557131,16.18515368928041,17.18703144252609,500000.0,0.5,case_119,unet,0012
6.0,0.019703591378871482,0.004930674580162636,0.0358157753944397,0.0313468,0.2389989361138125,0.06381738061851339,0.5687997341156006,0.5570068,15.881262595920377,17.769175801038703,1000000.0,1.0,case_120,unet,0012
8.0,0.03171173275509556,0.8266375086386295,0.048055101186037064,0.05477029,0.3171087223269041,8.313191491569022,0.7078495621681213,0.7394708,14.729956751683936,13.501312481639225,100000.0,0.09999999999999999,case_121,unet,0012
8.0,0.03280260626457423,0.20784237049897286,0.048535142093896866,0.05278599,0.32021141242738016,2.097223151518543,0.7133934497833252,0.7454083,14.6984930713334,14.12132840551063,200000.0,0.19999999999999998,case_122,unet,0012
8.0,0.031810898397205106,0.03381644230715847,0.04995843023061752,0.04868197,0.311736211427167,0.3445027028821448,0.7302268743515015,0.7270098,14.616689735458793,14.933861550795912,500000.0,0.5,case_123,unet,0012
8.0,0.03180492010580682,0.008684939469647088,0.052311286330223083,0.047762,0.31254796724407746,0.0897319429346635,0.7581522464752197,0.7289913,14.49309125547528,15.262997780662452,1000000.0,1.0,case_124,unet,0012
10.0,0.04686860987814571,1.3397221177618028,0.06550963222980499,0.07717346,0.3719240748127862,10.423046850267829,0.8777523040771484,0.8664396,13.39882814481435,11.227170584291542,100000.0,0.09999999999999999,case_125,unet,0012
10.0,0.047196053171459175,0.33682786208740034,0.06613028049468994,0.07349638,0.37744116746960044,2.6213680539311994,0.8815678358078003,0.8809587,13.330774181104335,11.986423004779283,200000.0,0.19999999999999998,case_126,unet,0012
10.0,0.04608209922718994,0.05479969173461037,0.06804992258548737,0.06927416,0.3703044744178752,0.426788617231766,0.8923228979110718,0.8657761,13.112768744006956,12.49782169859584,500000.0,0.5,case_127,unet,0012
10.0,0.04610783248899761,0.014067937040940314,0.07141873240470886,0.06844345,0.37142980969299116,0.10963625967156983,0.9079798460006714,0.8684706,12.71346907776825,12.688878190681503,1000000.0,1.0,case_128,unet,0012
-4.0,0.0164034682264881,0.40975896329025746,0.02745731547474861,0.03645932,-0.15523776526187846,-3.1934608457651206,-0.271077036857605,-0.5025718,-9.872670804503944,-13.784453467590728,100000.0,0.09999999999999999,case_129,unet,0015
-4.0,0.016030120096172426,0.10218290401485972,0.027390506118535995,0.03076995,-0.153169880069374,-0.794483029280016,-0.2698703110218048,-0.4967199,-9.852695304493672,-16.14301940692136,200000.0,0.19999999999999998,case_130,unet,0015
-4.0,0.01593246595199506,0.016222629647772827,0.027173152193427086,0.02776008,-0.15524684539579434,-0.12517360621641016,-0.26583659648895264,-0.5031136,-9.783060669466822,-18.12363653130683,500000.0,0.5,case_131,unet,0015
-4.0,0.01589955953811839,0.003999257359078722,0.026754194870591164,0.02673862,-0.15592915709319952,-0.030401547856650758,-0.2578941881656647,-0.5052323,-9.63939260415375,-18.895227203198967,1000000.0,1.0,case_132,unet,0015
-2.0,0.01276526244991929,0.27762527184363794,0.024335335940122604,0.03018319,-0.09441503165842306,-2.305519789099203,-0.17952173948287964,-0.2997562,-7.37699861323448,-9.931229932952746,100000.0,0.09999999999999999,case_133,unet,0015
-2.0,0.012372124149449097,0.06932121735679465,0.024232864379882812,0.02458656,-0.09216992930818564,-0.5671709801804048,-0.1752762794494629,-0.2942059,-7.2329988193624555,-11.966127022243047,200000.0,0.19999999999999998,case_134,unet,0015
-2.0,0.012244255672627314,0.011061240881820273,0.023904405534267426,0.02148271,-0.09361492132708457,-0.0861523315897633,-0.16164183616638184,-0.2985597,-6.762010288633413,-13.897673989920266,500000.0,0.5,case_135,unet,0015
-2.0,0.012201578314207298,0.0027614779548307336,0.023336945101618767,0.02043003,-0.09408774162721953,-0.01949359662749306,-0.13666391372680664,-0.3000004,-5.856118405031812,-14.684285828263592,1000000.0,1.0,case_136,unet,0015
0.0,0.010683966921180338,0.24400340210447985,0.021089650690555573,0.02752592,-0.030039161646165616,-0.7958262788106722,0.0068246424198150635,-0.08962498,0.32360149155392576,-3.2560212338043564,100000.0,0.09999999999999999,case_137,unet,0015
0.0,0.010423358840649242,0.061265431900346896,0.021006450057029724,0.02198823,-0.028664705591640468,-0.187310970235491,0.012839734554290771,-0.08417469,0.6112281951225741,-3.8281703438612382,200000.0,0.19999999999999998,case_138,unet,0015
0.0,0.010266516059770994,0.009918172236747451,0.02076764777302742,0.01884666,-0.029443176838739586,-0.02431876130794653,0.030917063355445862,-0.08638269,1.4887128139567296,-4.583448207799154,500000.0,0.5,case_139,unet,0015
0.0,0.010214020020378512,0.0025145677989391337,0.020419616252183914,0.01778157,-0.029702050464142857,-0.003686157854906136,0.06149721145629883,-0.08711132,3.0116732213183286,-4.898966739157454,1000000.0,1.0,case_140,unet,0015
2.0,0.011014195408174696,0.2654635968096804,0.020335501059889793,0.02844968,0.03409116154676703,0.8605692304761922,0.21000467240810394,0.1216703,10.326997686932925,4.276684307169711,100000.0,0.09999999999999999,case_141,unet,0015
2.0,0.010767990104689684,0.06644808293650534,0.020368214696645737,0.02297902,0.03548274648724752,0.2278179463240148,0.21579933166503906,0.1277786,10.59490656785826,5.560663596619873,200000.0,0.19999999999999998,case_142,unet,0015
2.0,0.01059595305220085,0.010654861513866767,0.020488128066062927,0.01982951,0.03538367226401733,0.042583590499851644,0.2328946888446808,0.1277074,11.367299545069404,6.440270082316708,500000.0,0.5,case_143,unet,0015
2.0,0.0105387857476856,0.0026595738326123655,0.020778758451342583,0.01876188,0.03534412634287703,0.013229673548992503,0.2602698802947998,0.1276884,12.525766681598002,6.805735885742793,1000000.0,1.0,case_144,unet,0015
4.0,0.013473195465198467,0.32399612410099765,0.02404673397541046,0.03146681,0.09857229218974485,2.6113114822510504,0.38234394788742065,0.3368583,15.900036498860727,10.705193821680686,100000.0,0.09999999999999999,case_145,unet,0015
4.0,0.013239915691610293,0.08097126240792518,0.024216968566179276,0.02632034,0.09915018319784065,0.6665346527573938,0.3870149850845337,0.3391649,15.981149086720446,12.886037946318321,200000.0,0.19999999999999998,case_146,unet,0015
4.0,0.013096024049320264,0.012926575162261797,0.024765359237790108,0.02315345,0.09950377714843242,0.11329174364365732,0.40108686685562134,0.3405613,16.195479460018994,14.70887923829926,500000.0,0.5,case_147,unet,0015
4.0,0.013379667409803201,0.0032092609234945263,0.025788582861423492,0.02370617,0.09913642254002969,0.031160749748898237,0.4246566593647003,0.3388574,16.466847428050563,14.2940593102977,1000000.0,1.0,case_148,unet,0015
6.0,0.018330796325119275,0.45042173828020354,0.03298815339803696,0.04005517,0.15937543015004496,4.516050231353488,0.551405668258667,0.5395653,16.715263252397747,13.470553239444497,100000.0,0.09999999999999999,case_149,unet,0015
6.0,0.01813837947622152,0.11281530771864795,0.03334216773509979,0.03499802,0.16091146937588263,1.1444768104640524,0.5569589138031006,0.5447234,16.70434022850835,15.564406214980162,200000.0,0.19999999999999998,case_150,unet,0015
6.0,0.018485208250879372,0.01814347198663993,0.03443572670221329,0.03390455,0.15895977037142942,0.1905803079820461,0.5736349821090698,0.5377933,16.658134938450438,15.861980176701948,500000.0,0.5,case_151,unet,0015
6.0,0.018441406560733512,0.004568252076365823,0.036385975778102875,0.03287419,0.1593671954161245,0.050788015296519266,0.6023313999176025,0.5392353,16.55394384888494,16.402998826739154,1000000.0,1.0,case_152,unet,0015
8.0,0.02510381159567944,0.6812559469101795,0.04752342402935028,0.05528746,0.212043859329654,6.460723390607914,0.7568546533584595,0.714028,15.925928504036852,12.914827340594051,100000.0,0.09999999999999999,case_153,unet,0015
8.0,0.025547565795412206,0.17072669492533202,0.0480169802904129,0.05114696,0.22001383099821611,1.6294971925159718,0.7633745670318604,0.7389613,15.898012794950292,14.447804913527609,200000.0,0.19999999999999998,case_154,unet,0015
8.0,0.02483378436681194,0.027504942348469456,0.049508459866046906,0.04704097,0.21350271505508356,0.267505738668244,0.7835918664932251,0.7206796,15.827433707559452,15.3202538127934,500000.0,0.5,case_155,unet,0015
8.0,0.0247988669364528,0.006943929232518479,0.05202162638306618,0.04605486,0.21413102654238508,0.06961137421958147,0.8175258636474609,0.7228498,15.715115433483986,15.695407607362174,1000000.0,1.0,case_156,unet,0015
10.0,0.03228396193890858,0.9825057977272363,0.06418320536613464,0.07027772,0.26424040161992207,7.925913672966011,0.9685131311416626,0.8928403,15.089821793984207,12.704457401293041,100000.0,0.09999999999999999,case_157,unet,0015
10.0,0.03220412237304629,0.24596854576563393,0.064649298787117,0.0656223,0.26735965712554693,1.9903865067056825,0.9737627506256104,0.9034628,15.062232211243366,13.76761862964267,200000.0,0.19999999999999998,case_158,unet,0015
10.0,0.03239354706354871,0.03950553641264562,0.06604157388210297,0.06466602,0.25934789950815174,0.3225754875493093,0.9891983270645142,0.8766172,14.978418425194185,13.556071643190657,500000.0,0.5,case_159,unet,0015
10.0,0.03237383860645053,0.009928610297039989,0.06831645220518112,0.06374546,0.26019604155876214,0.0822180404802218,1.0132343769073486,0.8794872,14.831484133049065,13.796860199926394,1000000.0,1.0,case_160,unet,0015
-4.0,0.011003579829418637,0.5817143751078674,0.029807280749082565,0.03793027,-0.14837193726470765,-3.7063033225188216,-0.2439122200012207,-0.5082811,-8.182974557607977,-13.400408170044663,100000.0,0.09999999999999999,case_161,unet,0018
-4.0,0.010607259476576866,0.14510800161949794,0.029748868197202682,0.03277269,-0.15172910685751106,-0.9230553045421183,-0.24234634637832642,-0.5197019,-8.14640559673845,-15.857773652391673,200000.0,0.19999999999999998,case_162,unet,0018
-4.0,0.011480677512938573,0.023056680057618472,0.029563236981630325,0.03097693,-0.14836629445924762,-0.14586375227737272,-0.23725858330726624,-0.5096941,-8.025460251686624,-16.45399011457882,500000.0,0.5,case_163,unet,0018
-4.0,0.011398486771332126,0.005689886747863574,0.029210355132818222,0.0299423,-0.14937422604597808,-0.035567786391904575,-0.22704026103019714,-0.5130127,-7.772595026587486,-17.133376527521264,1000000.0,1.0,case_164,unet,0018
-2.0,0.011443416302752907,0.4198535612846404,0.02701878733932972,0.03379945,-0.08757321462877271,-2.8097351193687294,-0.13827407360076904,-0.2996185,-5.117700948757656,-8.864596909121301,100000.0,0.09999999999999999,case_165,unet,0018
-2.0,0.01108330772768074,0.10483516889119213,0.02690851129591465,0.02803965,-0.08780633569024239,-0.6922684312097817,-0.13365420699119568,-0.2996733,-4.966986301151768,-10.687483616949569,200000.0,0.19999999999999998,case_166,unet,0018
-2.0,0.010825346235246242,0.01673648806937673,0.026568466797471046,0.02486737,-0.09017743057912293,-0.1057118127068622,-0.11966750025749207,-0.3073287,-4.504117650811629,-12.358713446576779,500000.0,0.5,case_167,unet,0018
-2.0,0.010740158169826609,0.004192475549254503,0.0260113887488842,0.02379338,-0.09096552248619358,-0.02418217774677062,-0.09553948044776917,-0.3098783,-3.672986527944129,-13.02371920256811,1000000.0,1.0,case_168,unet,0018
0.0,0.011338937208183157,0.3984667081388663,0.02384159341454506,0.03130639,-0.027259108679219872,-1.176923237794314,0.032267361879348755,-0.08984878,1.3534062643507452,-2.869982134637689,100000.0,0.09999999999999999,case_169,unet,0018
0.0,0.010969479388716983,0.10019123366033413,0.02375534363090992,0.02556863,-0.027663341687568167,-0.2806170422085966,0.038016319274902344,-0.08992623,1.600327061799955,-3.517053123299919,200000.0,0.19999999999999998,case_170,unet,0018
0.0,0.01071509638149089,0.016278769085508932,0.023505132645368576,0.02233096,-0.029307171039345103,-0.03830453688182835,0.05555412173271179,-0.09508687,2.3634889694467693,-4.2580735445318965,500000.0,0.5,case_171,unet,0018
0.0,0.010631396657093752,0.00414198830650618,0.023142123594880104,0.02123477,-0.02985997922310871,-0.006782306850915974,0.08542554080486298,-0.09681507,3.691344074567222,-4.559270950427059,1000000.0,1.0,case_172,unet,0018
2.0,0.010250715954690738,0.4009163658531028,0.022867709398269653,0.03034441,0.03424186617840417,0.6768409607371919,0.23263421654701233,0.1254616,10.173044116286313,4.134586897553784,100000.0,0.09999999999999999,case_173,unet,0018
2.0,0.009868940591431223,0.09994084479995322,0.02288883551955223,0.0249507,0.03354198155759765,0.18357406327827627,0.23866456747055054,0.1236389,10.427117066164294,4.955327906631878,200000.0,0.19999999999999998,case_174,unet,0018
2.0,0.010623541370845604,0.01582032699708646,0.02298172190785408,0.02308966,0.03218667045466137,0.036266611805808265,0.256522536277771,0.1195883,11.162024208033932,5.179301037780547,500000.0,0.5,case_175,unet,0018
2.0,0.010535950199227538,0.003858417550786191,0.023231402039527893,0.02198144,0.03188149102158828,0.011950328767691143,0.2855183780193329,0.1187158,12.290191419937871,5.400728978629243,1000000.0,1.0,case_176,unet,0018
4.0,0.01115365018847206,0.3797135312927119,0.02613181062042713,0.036218,0.09342409413919585,2.5379934867248193,0.4139435291290283,0.3308058,15.840598844897885,9.133740129217516,100000.0,0.09999999999999999,case_177,unet,0018
4.0,0.010681570831060262,0.09423155349994003,0.026288878172636032,0.03049074,0.09318633650246988,0.6488796583683413,0.41908109188079834,0.3319597,15.941383619671448,10.887230024591073,200000.0,0.19999999999999998,case_178,unet,0018
4.0,0.010397007493087876,0.014718395610297171,0.02679089643061161,0.02722776,0.09306769959974243,0.11075633490840063,0.43409866094589233,0.3320941,16.203215225373565,12.196893905337788,500000.0,0.5,case_179,unet,0018
4.0,0.01030068214569218,0.0035081489684530335,0.027715347707271576,0.02612214,0.09302060760695371,0.03060455365983257,0.45938241481781006,0.3321273,16.57501899921261,12.714398590620831,1000000.0,1.0,case_180,unet,0018
6.0,0.011538335318828646,0.3882820391945729,0.03384411334991455,0.04369375,0.1505211922168211,4.3868527157305905,0.5857094526290894,0.5282177,17.30609534879625,12.08909054498641,100000.0,0.09999999999999999,case_181,unet,0018
6.0,0.011000213892544405,0.09630773181012871,0.034142859280109406,0.03801949,0.15024883845361797,1.1111764666184063,0.5910918116569519,0.530507,17.31231139160346,13.95355382200024,200000.0,0.19999999999999998,case_182,unet,0018
6.0,0.010685898371282407,0.015030444027502728,0.03508079797029495,0.03479365,0.15085023473576772,0.1847244114662948,0.6074861288070679,0.5331513,17.316770539868088,15.323235705365777,500000.0,0.5,case_183,unet,0018
6.0,0.010581589948952294,0.0035881044343438204,0.03673814609646797,0.03369825,0.1510679148184768,0.049075628775472176,0.6351090669631958,0.5340996,17.28745553179276,15.849475862989918,1000000.0,1.0,case_184,unet,0018
8.0,0.010474442063043614,0.4719398272057837,0.046064794063568115,0.05151452,0.20995974022952935,6.116568712977272,0.7787250876426697,0.734545,16.904994442568245,14.258989504318395,100000.0,0.09999999999999999,case_185,unet,0018
8.0,0.011613596504538587,0.11729854271896434,0.04649636894464493,0.04913025,0.20400918997149486,1.5419117887400413,0.7849429845809937,0.7164098,16.88181254573852,14.581847232611272,200000.0,0.19999999999999998,case_186,unet,0018
8.0,0.011280832582068617,0.01842133654512844,0.04781404510140419,0.04600582,0.20506593184957733,0.2527426890787439,0.8038144111633301,0.7207146,16.81126140778505,15.665726640672853,500000.0,0.5,case_187,unet,0018
8.0,0.011164102200940815,0.004448099948827053,0.05005679279565811,0.04493927,0.20556797319034176,0.06561950511335249,0.836140513420105,0.7226296,16.703837116241118,16.08013659322904,1000000.0,1.0,case_188,unet,0018
10.0,0.011310427626110954,0.6179445564117612,0.06068466976284981,0.06576742,0.2605010655449675,7.42034563375789,0.9856736660003662,0.9071514,16.242548074370177,13.793325023240993,100000.0,0.09999999999999999,case_189,unet,0018
10.0,0.010719429002448617,0.15379846096650782,0.06111592799425125,0.06072158,0.2637571804815546,1.8633252901903121,0.991397500038147,0.9193335,16.221589568784765,15.140144574630636,200000.0,0.19999999999999998,case_190,unet,0018
10.0,0.012360134321080133,0.024270791976216136,0.06239914521574974,0.06083848,0.2535986531775941,0.30193537703373674,1.0081548690795898,0.8871204,16.156549350056295,14.58156745533419,500000.0,0.5,case_191,unet,0018
10.0,0.012228088676068803,0.005920076993635223,0.06448939442634583,0.05982066,0.25439831964244847,0.07694127796222844,1.034648060798645,0.8900587,16.04369323052537,14.878784353098077,1000000.0,1.0,case_192,unet,0018
-4.0,0.0007944359204709419,-0.07840109457432162,0.0267372764647007,0.031718,0.003257029417813883,1.080116769288358,-0.16794252395629883,-0.2589765,-6.281212829512432,-8.16496941799609,100000.0,0.09999999999999999,case_193,unet,2412
-4.0,0.0005634085376976358,-0.020618919674070237,0.0266314297914505,0.02681387,0.0030652856523398393,0.2784516409966743,-0.16483074426651,-0.2613942,-6.189331386158835,-9.748469728539746,200000.0,0.19999999999999998,case_194,unet,2412
-4.0,0.00041918139762540165,-0.0037717977017867085,0.026309235021471977,0.02379198,0.002932822903559595,0.04859533207211361,-0.15510034561157227,-0.2628964,-5.895281466184361,-11.04979072779987,500000.0,0.5,case_195,unet,2412
-4.0,0.00037471939124657087,-0.001125723641976364,0.02575742080807686,0.02368353,0.0070534044568524345,0.013877148851882492,-0.1372411847114563,-0.2511147,-5.328219224046727,-10.602925324054311,1000000.0,1.0,case_196,unet,2412
-2.0,0.0010154056594800075,-0.07253522135418511,0.023181751370429993,0.02601312,0.07135731181212081,2.421510104896488,-0.02969568967819214,-0.04446095,-1.2809942270397718,-1.709174062934396,100000.0,0.09999999999999999,case_197,unet,2412
-2.0,0.0007697952127222568,-0.017877515626575042,0.023076534271240234,0.02085671,0.07309409875772138,0.6146919220831085,-0.02523556351661682,-0.04155503,-1.0935595102799875,-1.9924058012984789,200000.0,0.19999999999999998,case_198,unet,2412
-2.0,0.000616690614394661,-0.0027302654021727013,0.022758956998586655,0.01780723,0.07332221689028436,0.10284436749203316,-0.011454194784164429,-0.04187082,-0.5032829397619469,-2.3513381924083645,500000.0,0.5,case_199,unet,2412
-2.0,0.0005657894227737697,-0.000625254824444826,0.022224247455596924,0.01677257,0.0733912979857443,0.027585483783023744,0.013543814420700073,-0.04199073,0.6094161094885225,-2.503535832612414,1000000.0,1.0,case_200,unet,2412
0.0,0.0042853254767608465,0.07320455285279107,0.02028094045817852,0.02378885,0.1455052305792198,3.8101451621491664,0.17393359541893005,0.1850995,8.576209558802256,7.780935186022023,100000.0,0.09999999999999999,case_201,unet,2412
0.0,0.003988673827158595,0.01838697059834429,0.020211705937981606,0.01860017,0.14090156312162114,0.963098857998121,0.18092474341392517,0.1720302,8.951483064768594,9.248850951362273,200000.0,0.19999999999999998,case_202,unet,2412
0.0,0.003855124617436865,0.002957698817641888,0.0200200118124485,0.01552474,0.1417296459456241,0.15923657945302233,0.20196503400802612,0.1734722,10.088157584524684,11.173919820879448,500000.0,0.5,case_203,unet,2412
0.0,0.003810220815869226,0.000727535401812125,0.0197785384953022,0.01448149,0.14199121943139612,0.04200649236251842,0.2373182624578476,0.1739377,11.998776477554975,12.011036157191008,1000000.0,1.0,case_204,unet,2412
2.0,0.010475417852964259,0.21892251945146937,0.020676296204328537,0.02575955,0.21369663608386405,5.373375615796532,0.39943763613700867,0.3999266,19.31862613060202,15.525372143535117,100000.0,0.09999999999999999,case_205,unet,2412
2.0,0.010083470412488018,0.05453296054920778,0.020755505189299583,0.02039896,0.20892067271494086,1.3550944154021687,0.40483129024505615,0.3864956,19.504766882463805,18.94682866185335,200000.0,0.19999999999999998,case_206,unet,2412
2.0,0.009980933612004304,0.008615551346845683,0.021015862002968788,0.0173287,0.2103150721632099,0.2225258442895897,0.42067280411720276,0.389719,20.016918842433242,22.48980015811919,500000.0,0.5,case_207,unet,2412
2.0,0.009947312809389736,0.002093734411980913,0.021552396938204765,0.016287,0.21077962218917404,0.058071342086609926,0.4465697705745697,0.3907757,20.720190513147042,23.99310493031252,1000000.0,1.0,case_208,unet,2412
4.0,0.019449952285896698,0.39853060497578385,0.026379454880952835,0.03175459,0.2800140216850356,7.130383615682077,0.5766518115997314,0.6081646,21.85988354202498,19.152021802202455,100000.0,0.09999999999999999,case_209,unet,2412
4.0,0.01879782135284435,0.09940238249073048,0.026621419936418533,0.02621575,0.2745256137169596,1.7971603660221558,0.5820356011390686,0.595025,21.86343187287446,22.69723353327675,200000.0,0.19999999999999998,case_210,unet,2412
4.0,0.018751821321772156,0.01578326943051996,0.027392476797103882,0.02317617,0.2765383871997124,0.2946616420355308,0.5982581377029419,0.600062,21.840235263654353,25.89133579879678,500000.0,0.5,case_211,unet,2412
4.0,0.01873794572130668,0.0038876103071674296,0.02881454862654209,0.02214401,0.2772147429481322,0.07674884361000742,0.6253777742385864,0.6017215,21.703542274562267,27.173104600295975,1000000.0,1.0,case_212,unet,2412
6.0,0.029878927890615234,0.6683968627254834,0.03861593082547188,0.04336979,0.3380825420204672,9.265230532014755,0.7809716463088989,0.7995274,20.224079275430896,18.43512269715855,100000.0,0.09999999999999999,case_213,unet,2412
6.0,0.0293440584328284,0.16720395038506233,0.03907490521669388,0.03767731,0.33371641845687255,2.3334752545378863,0.787926197052002,0.7867442,20.16450693053449,20.881113858712315,200000.0,0.19999999999999998,case_214,unet,2412
6.0,0.029362902458500675,0.026795930171582084,0.04049934074282646,0.03480555,0.33635221510947655,0.381615561362254,0.8087900876998901,0.7934125,19.970450700315386,22.795574269046174,500000.0,0.5,case_215,unet,2412
6.0,0.029370049023970123,0.006712957761367105,0.04301557317376137,0.03383021,0.3372244892479548,0.09885016082092346,0.8454077839851379,0.7956122,19.65352828312002,23.51780257941053,1000000.0,1.0,case_216,unet,2412
8.0,0.04126527596206824,1.0642996393418462,0.05715430527925491,0.05763667,0.38677659537003256,11.315599796521163,1.0348293781280518,0.9643394,18.105886740673235,16.731351759218565,100000.0,0.09999999999999999,case_217,unet,2412
8.0,0.04139286269580749,0.2665044038341747,0.0577172115445137,0.05309305,0.3912391295170218,2.8419876414640735,1.0416991710662842,0.9759501,18.048328101625046,18.38188049094938,200000.0,0.19999999999999998,case_218,unet,2412
8.0,0.04179085809025714,0.042837441815630456,0.05939922854304314,0.05177824,0.3859537355992827,0.46080006192811773,1.0619969367980957,0.9597438,17.87896851267233,18.535658994975496,500000.0,0.5,case_219,unet,2412
8.0,0.04182850508063586,0.010781083428350494,0.06217368692159653,0.05088227,0.3870284940868274,0.11752961896327345,1.0940148830413818,0.9624729,17.596107569122896,18.915683203599208,1000000.0,1.0,case_220,unet,2412
10.0,0.05498792968455744,1.510718499534784,0.07514379918575287,0.07953154,0.42729287541364136,12.295788910642887,1.208160400390625,1.108774,16.07797866866026,13.941311836788273,100000.0,0.09999999999999999,case_221,unet,2412
10.0,0.05609470756121464,0.3776141445386658,0.07560599595308304,0.07821612,0.4251494943594868,3.0768473929666356,1.2110289335250854,1.098828,16.01763085399449,14.048612996911633,200000.0,0.19999999999999998,case_222,unet,2412
10.0,0.05534127166251878,0.06036093998024832,0.07697629928588867,0.07427139,0.42143234599115664,0.49342786488714946,1.21913743019104,1.089731,15.837828545942228,14.672284980798123,500000.0,0.5,case_223,unet,2412
10.0,0.05541118548254287,0.015042212215803848,0.07922906428575516,0.07346484,0.4226843275169498,0.12360592251245817,1.2300724983215332,1.092891,15.52552096141178,14.87638168135941,1000000.0,1.0,case_224,unet,2412
-4.0,0.018842174454494088,0.5095314372243117,0.028722278773784637,0.03533269,-0.21642342469370268,-6.004048398544208,-0.009271129965782166,-0.2722056,-0.32278532071919375,-7.704072347732369,100000.0,0.09999999999999999,case_225,unet,2415
-4.0,0.018936488351585866,0.12603524138507127,0.02863488718867302,0.03174891,-0.2137594014738947,-1.4908439309069312,-0.006046950817108154,-0.2637546,-0.21117424969287538,-8.307516698998485,200000.0,0.19999999999999998,case_226,unet,2415
-4.0,0.01880167695342999,0.019527972900320427,0.02835874632000923,0.02876933,-0.2157077144962447,-0.23340165695930778,0.0034453272819519043,-0.2678295,0.12149081779122818,-9.309549440324123,500000.0,0.5,case_227,unet,2415
-4.0,0.01875673409540831,0.0046466146353920275,0.027849964797496796,0.02775911,-0.21637391640347378,-0.05609406171659153,0.017677277326583862,-0.2692126,0.6347324836896285,-9.698171158945659,1000000.0,1.0,case_228,unet,2415
-2.0,0.011421256983267559,0.2635709559558021,0.025530200451612473,0.02887852,-0.135353318841274,-4.3400320747762775,0.08735424280166626,-0.06350905,3.4216042669633255,-2.1991795285908,100000.0,0.09999999999999999,case_229,unet,2415
-2.0,0.011148890613441997,0.06636364566047133,0.025433141738176346,0.02378112,-0.13661773196381463,-1.070069911322135,0.09069521725177765,-0.06538292,3.5660249207686303,-2.7493625195112763,200000.0,0.19999999999999998,case_230,unet,2415
-2.0,0.010984415184419139,0.010867292363015714,0.025142326951026917,0.02064494,-0.1374534531876011,-0.16374165160974924,0.10116414725780487,-0.06657383,4.023658886262034,-3.2247044554258815,500000.0,0.5,case_231,unet,2415
-2.0,0.010929755985848324,0.0028295957603720456,0.024651389569044113,0.01958827,-0.1377407368143816,-0.03757929571474941,0.12083777785301208,-0.06698214,4.901864761601661,-3.4195025900704854,1000000.0,1.0,case_232,unet,2415
0.0,0.0076577106516208405,0.23572357867795662,0.023073457181453705,0.02841846,-0.05381916970188469,-1.831215157966442,0.25326430797576904,0.1480268,10.976435216623768,5.2088255310104765,100000.0,0.09999999999999999,case_233,unet,2415
0.0,0.007411873921484096,0.0592975157617911,0.02301752008497715,0.02292819,-0.05311741013558236,-0.4377698617938553,0.25923627614974976,0.1512018,11.262563264534547,6.594580732277602,200000.0,0.19999999999999998,case_234,unet,2415
0.0,0.0072072011305825264,0.009621909923787716,0.02286560833454132,0.01978557,-0.05365549485356842,-0.06039235408535162,0.27709677815437317,0.1509525,12.118495781972454,7.62942386800077,500000.0,0.5,case_235,unet,2415
0.0,0.007139619381875654,0.0024260681273210166,0.022674307227134705,0.01872045,-0.05383783461324523,-0.011063595873264255,0.3072267770767212,0.1508495,13.549555185926828,8.058006084255453,1000000.0,1.0,case_236,unet,2415
2.0,0.0061459727314244605,0.2152070556519038,0.02353847771883011,0.02985627,0.02743975557594951,0.7591821127234496,0.44822683930397034,0.3606684,19.042303612752395,12.080156027527886,100000.0,0.09999999999999999,case_237,unet,2415
2.0,0.00588392589095201,0.05351292631725036,0.02360633760690689,0.02431806,0.028072708081904645,0.207597534201084,0.45344966650009155,0.3640836,19.208810534312548,14.971737054682817,200000.0,0.19999999999999998,case_238,unet,2415
2.0,0.005679899247285277,0.008393689796728533,0.023835141211748123,0.02114539,0.028269226929004482,0.041718181398564286,0.46898341178894043,0.3658236,19.676133135631805,17.30039502700116,500000.0,0.5,case_239,unet,2415
2.0,0.005609530100075609,0.002003991972146505,0.02429850772023201,0.02007032,0.028312946737330955,0.01393985503618323,0.4944881200790405,0.36638,20.35055509467801,18.25481606670945,1000000.0,1.0,case_240,unet,2415
4.0,0.00621917230100613,0.21406472449582256,0.02824757806956768,0.03420227,0.10935068120911584,3.0005364514248463,0.616926908493042,0.5780813,21.839993042011756,16.901840141019882,100000.0,0.09999999999999999,case_241,unet,2415
4.0,0.00588689803522186,0.052940141798819236,0.02844187431037426,0.02902617,0.11083465894381485,0.7665475580421388,0.6216657161712646,0.5842044,21.857410288340603,20.126816593439642,200000.0,0.19999999999999998,case_242,unet,2415
4.0,0.005695878599083966,0.008170566245350711,0.029045652598142624,0.02584254,0.11167760695468146,0.1305166523843367,0.636375904083252,0.5878399,21.909506144955618,22.74698617086401,500000.0,0.5,case_243,unet,2415
4.0,0.006244134193656948,0.0019007608442936864,0.030127573758363724,0.02617145,0.10803759810896174,0.03591831925571014,0.6617233753204346,0.5779462,21.964044653172024,22.08307908044835,1000000.0,1.0,case_244,unet,2415
6.0,0.008590810623839288,0.2712359956295023,0.03734502196311951,0.04347424,0.1844096976532661,5.105029063701616,0.793623685836792,0.7788451,21.251123821015394,17.91509408790125,100000.0,0.09999999999999999,case_245,unet,2415
6.0,0.008289209646264756,0.06724618646082592,0.03769535943865776,0.03840792,0.18676883099351635,1.2924883873091402,0.7991241812705994,0.7877352,21.199537374647573,20.50970737285435,200000.0,0.19999999999999998,case_246,unet,2415
6.0,0.008876186382721743,0.010478110380318473,0.03879193961620331,0.03690923,0.18207499240096853,0.2146082446673633,0.8157578706741333,0.7755537,21.02905600351556,21.012459485066472,500000.0,0.5,case_247,unet,2415
6.0,0.008805427797881692,0.0024905290211273113,0.04073727875947952,0.03587756,0.1826045888592215,0.056914678779737854,0.8449358940124512,0.7775234,20.741098073857852,21.671579672642174,1000000.0,1.0,case_248,unet,2415
8.0,0.013665712451057962,0.420145704751318,0.051618948578834534,0.05911259,0.2473794172434668,7.115367247850105,1.0067440271377563,0.9477102,19.503381119826887,16.0322902447685,100000.0,0.09999999999999999,case_249,unet,2415
8.0,0.01323341714122057,0.10468498899410732,0.05208780989050865,0.05349263,0.2467089943623345,1.7933589050941614,1.0134522914886475,0.9478672,19.4566117027953,17.719584922259386,200000.0,0.19999999999999998,case_250,unet,2415
8.0,0.013032665656162415,0.016572115795758176,0.053528979420661926,0.05059683,0.24910211564624044,0.29377355928467425,1.0335984230041504,0.9562129,19.309137483857697,18.898672110485972,500000.0,0.5,case_251,unet,2415
8.0,0.01296467986904086,0.004062937411983108,0.055958092212677,0.0496121,0.24988746266522435,0.07618283130621005,1.0669357776641846,0.9589574,19.06669322480004,19.329103182489757,1000000.0,1.0,case_252,unet,2415
10.0,0.01836366725673077,0.6669970600436044,0.06712307035923004,0.07362294,0.3129598442996187,8.588730746782383,1.1982852220535278,1.125057,17.852062124699167,15.281337583095704,100000.0,0.09999999999999999,case_253,unet,2415
10.0,0.01804676486320928,0.16667583569880515,0.06751804053783417,0.06895788,0.31707743075833167,2.1558991438548456,1.202528953552246,1.13951,17.81048359776379,16.524724948040745,200000.0,0.19999999999999998,case_254,unet,2415
10.0,0.018710504965096703,0.02662996200646597,0.06869744509458542,0.0679095,0.30575268297090397,0.3489629672895194,1.214591145515442,1.10807,17.680295735061815,16.316862883690796,500000.0,0.5,case_255,unet,2415
10.0,0.01864815481530722,0.0066407375966292415,0.0705847516655922,0.06699507,0.30680032122157513,0.08878493282050162,1.2330067157745361,1.111621,17.46845723303136,16.592579125598345,1000000.0,1.0,case_256,unet,2415
-4.0,0.012384054207373079,0.2660403473225582,0.026405900716781616,0.03621528,-0.02500403173648626,-0.7731086031278294,0.11256657540798187,-0.03318655,4.262932615528732,-0.9163687261288606,100000.0,0.09999999999999999,case_257,unet,4412
-4.0,0.013141912049246484,0.06574146030842658,0.026338309049606323,0.03231594,-0.03211602063401738,-0.18261816060997604,0.11570917069911957,-0.04814555,4.393189041908105,-1.4898390701307156,200000.0,0.19999999999999998,case_258,unet,4412
-4.0,0.012663283391987412,0.010133283310336015,0.02612849324941635,0.0287793,-0.02300750756485126,-0.023888404128123052,0.1250821202993393,-0.02822775,4.787192246615037,-0.9808351836215613,500000.0,0.5,case_259,unet,4412
-4.0,0.01261421435999449,0.002359111578603217,0.025751806795597076,0.02778514,-0.02293617087055196,-0.00359134644619134,0.14101235568523407,-0.0280557,5.475823766639307,-1.0097375791520216,1000000.0,1.0,case_260,unet,4412
-2.0,0.007933599161607723,0.1553502010680664,0.02402587980031967,0.02885574,0.055913739660558584,1.1184114032998103,0.2417309284210205,0.1767816,10.061272695529102,6.126392877119076,100000.0,0.09999999999999999,case_261,unet,4412
-2.0,0.0076984798681222115,0.0381391169678665,0.023938823491334915,0.02383354,0.057177669394160864,0.29401777536273876,0.24600836634635925,0.1799441,10.276543725526293,7.5500366290530065,200000.0,0.19999999999999998,case_262,unet,4412
-2.0,0.00822375056944826,0.005755012204221258,0.023665128275752068,0.02111628,0.0570780125788103,0.054179128359428175,0.25950393080711365,0.1812631,10.965667617910544,8.58404510642973,500000.0,0.5,case_263,unet,4412
-2.0,0.008170280004656978,0.0012825837707996115,0.023206595331430435,0.02008514,0.0573413565813047,0.01675571150832898,0.2838805913925171,0.18196,12.232754841380643,9.05943398950667,1000000.0,1.0,case_264,unet,4412
0.0,0.007759678975050315,0.1374820234916852,0.022295521572232246,0.02703815,0.1364527855213414,3.7664220521108933,0.4406639337539673,0.3893725,19.764683787563335,14.400855827784076,100000.0,0.09999999999999999,case_265,unet,4412
0.0,0.007452783925029332,0.03361403477053737,0.02229757234454155,0.02174311,0.13732996364033553,0.9617741775697104,0.4466567635536194,0.3925691,20.031631993469507,18.054873474861694,200000.0,0.19999999999999998,case_266,unet,4412
0.0,0.007306289655010589,0.004994834661852268,0.022346151992678642,0.01865495,0.13881449299694418,0.16345240194249125,0.46412456035614014,0.3963953,20.769775508024964,21.248799916376083,500000.0,0.5,case_267,unet,4412
0.0,0.007257920020259155,0.0010695865826709043,0.022548643872141838,0.01760691,0.13929179383179632,0.04475245219881598,0.49193501472473145,0.397641,21.816612010645223,22.584371704063916,1000000.0,1.0,case_268,unet,4412
2.0,0.01076947752817917,0.2013989935470504,0.025296082720160484,0.02886829,0.21607745084361,6.198284578179017,0.6184306144714355,0.6024068,24.447683118088417,20.867422351652973,100000.0,0.09999999999999999,case_269,unet,4412
2.0,0.010437428393742915,0.04954741607915163,0.02541821449995041,0.02348656,0.2177918597688886,1.5649473615232679,0.6227850914001465,0.6064164,24.501527886679906,25.819719873834224,200000.0,0.19999999999999998,case_270,unet,4412
2.0,0.010328133758683484,0.007523386531758627,0.025800397619605064,0.02037735,0.21992575091978825,0.257759937900344,0.6359590291976929,0.6120267,24.649194891261825,30.034656125551166,500000.0,0.5,case_271,unet,4412
2.0,0.010292398648501542,0.0016966465992190355,0.0265205055475235,0.01932176,0.22062582547594398,0.06752887806275411,0.6578751802444458,0.6138632,24.806283540318056,31.770563344126003,1000000.0,1.0,case_272,unet,4412
4.0,0.016831065651764628,0.3395577592538678,0.03184511512517929,0.03465991,0.2935127138450986,8.29589490587774,0.7819234132766724,0.8104553,24.553951530808607,23.383075720623623,100000.0,0.09999999999999999,case_273,unet,4412
4.0,0.016451239100254027,0.013109972826175193,0.03280564025044441,0.02621071,0.29794739305351775,0.3422791533750269,0.8016777038574219,0.8226827,24.437191218865532,31.387272607266265,500000.0,0.5,case_275,unet,4412
4.0,0.016431128469698582,0.003122425531609576,0.03407857194542885,0.02517074,0.29886952751113083,0.0889031961380979,0.8276894092559814,0.8251337,24.287678796558378,32.78146371540924,1000000.0,1.0,case_276,unet,4412
6.0,0.02533466519190753,0.5939375198628447,0.04247555881738663,0.04529213,0.36373176693356435,10.496040700339544,0.9749605655670166,1.003199,22.953448823560468,22.149521340683247,100000.0,0.09999999999999999,case_277,unet,4412
6.0,0.024986509269716975,0.14826200656893268,0.042841725051403046,0.03992672,0.3653210014626764,2.6408023556795164,0.9807283878326416,1.008597,22.891897715508147,25.26120352485754,200000.0,0.19999999999999998,case_278,unet,4412
6.0,0.02501111375569189,0.023615467200231197,0.04396618902683258,0.03698674,0.3688765813020102,0.43057362202164323,0.9990448951721191,1.018069,22.723026882370945,27.52524283026836,500000.0,0.5,case_279,unet,4412
6.0,0.025016578058430862,0.005858072065419364,0.04593038558959961,0.03598715,0.3700355865102449,0.1109593394612885,1.0288417339324951,1.021177,22.400023877993835,28.376156489191278,1000000.0,1.0,case_280,unet,4412
8.0,0.03554638728764348,0.9906891685682189,0.056642670184373856,0.05863637,0.4308561062980201,12.410848876448373,1.18019700050354,1.190577,20.835829184287356,20.3044117499088,100000.0,0.09999999999999999,case_281,unet,4412
8.0,0.03579600121168251,0.24780849469119304,0.05705660954117775,0.05487124,0.4257370065991144,3.1143988102694404,1.1857733726501465,1.178178,20.782401586522134,21.471685349192033,200000.0,0.19999999999999998,case_282,unet,4412
8.0,0.03591782695043686,0.03970244637466763,0.05831122025847435,0.05213894,0.43006707106964587,0.5036780448631988,1.2026517391204834,1.189768,20.62470539614033,22.81918274518047,500000.0,0.5,case_283,unet,4412
8.0,0.03595840413969397,0.009937308169822743,0.06040368974208832,0.0512076,0.43149563535827906,0.12795428567852077,1.229034662246704,1.19358,20.347013030072112,23.30864949734024,1000000.0,1.0,case_284,unet,4412
10.0,0.04815341819712234,1.439345446289032,0.07044104486703873,0.07897662,0.48082909069588287,13.259356113982227,1.3269299268722534,1.334362,18.837453779638068,16.89565848728396,100000.0,0.09999999999999999,case_285,unet,4412
10.0,0.04842799244249571,0.3597200738483213,0.07080063223838806,0.07470295,0.487320729559837,3.317964886129656,1.3297545909881592,1.352259,18.781676786597494,18.101815256291754,200000.0,0.19999999999999998,case_286,unet,4412
10.0,0.04827104428040902,0.057483823286605853,0.07184140384197235,0.07210445,0.4762966947286679,0.5321882099621735,1.3374791145324707,1.324584,18.61710716948806,18.370350234971628,500000.0,0.5,case_287,unet,4412
10.0,0.04835431273234164,0.01433229357787323,0.07354535162448883,0.07129489,0.47798374405461,0.13345876490930758,1.349503517150879,1.329081,18.349270040086758,18.64202329227242,1000000.0,1.0,case_288,unet,4412
-4.0,0.014126185462989469,0.33458441985608545,0.028805747628211975,0.03775084,-0.006408022412154969,0.3431202471140155,0.1176442950963974,-0.04305036,4.084056300666125,-1.1403815120405267,100000.0,0.09999999999999999,case_289,unet,4415
-4.0,0.013884049769171878,0.08289984875858779,0.028750132769346237,0.03237401,-0.00505501672447618,0.09357308899773875,0.12079957127571106,-0.04024452,4.201704814542948,-1.2431119901427101,200000.0,0.19999999999999998,case_290,unet,4415
-4.0,0.013665763911480817,0.01290071175417107,0.02857520431280136,0.02926035,-0.004607439199482194,0.018818762736416958,0.1304941326379776,-0.0395253,4.566691149764334,-1.3508143272380542,500000.0,0.5,case_291,unet,4415
-4.0,0.013592776761542495,0.0030675972762098766,0.028254378587007523,0.02820479,-0.004467200551479497,0.006402327704452025,0.14718131721019745,-0.03929545,5.209150743024206,-1.3932190241444804,1000000.0,1.0,case_292,unet,4415
-2.0,0.011356235794994063,0.2803386498414775,0.026939023286104202,0.03012819,0.05206814913389738,1.6485799067067466,0.24800623953342438,0.1640068,9.206207548784887,5.443632690845352,100000.0,0.09999999999999999,case_293,unet,4415
-2.0,0.011031596251615917,0.06974739861716339,0.026865659281611443,0.02491379,0.05331921540996461,0.4235367246009186,0.2526266574859619,0.1670066,9.403329910421204,6.703379935369127,200000.0,0.19999999999999998,case_294,unet,4415
-2.0,0.011103415265907393,0.010998271467384056,0.026651356369256973,0.02353201,0.05377599083347637,0.07339697693749525,0.2670741379261017,0.1682818,10.021033609913324,7.151186830194277,500000.0,0.5,case_295,unet,4415
-2.0,0.011030012008337541,0.002674606006491672,0.026296142488718033,0.02245433,0.05410352333482222,0.0208284152631452,0.29323071241378784,0.1691414,11.15109231476039,7.532685232647778,1000000.0,1.0,case_296,unet,4415
0.0,0.01057080467277676,0.2945805069507723,0.025722462683916092,0.03057837,0.11240683911587863,3.429852553421023,0.44551053643226624,0.3778704,17.319902137941014,12.357440896947743,100000.0,0.09999999999999999,case_297,unet,4415
0.0,0.010366127631426613,0.07274356533657496,0.02571684867143631,0.02509465,0.11305944160469007,0.8715097053589882,0.45182597637176514,0.3787432,17.56925905441937,15.09258746386182,200000.0,0.19999999999999998,case_298,unet,4415
0.0,0.010146825062052663,0.011166439257663988,0.02573459967970848,0.02188905,0.11465816052035122,0.14620874981185533,0.47083863615989685,0.3832643,18.295937843212272,17.509407671872466,500000.0,0.5,case_299,unet,4415
0.0,0.010074062524890903,0.0025610118565725782,0.02584771066904068,0.02080247,0.11518163155604924,0.03938653726548674,0.5022484660148621,0.3847626,19.43106190121644,18.496005522421136,1000000.0,1.0,case_300,unet,4415
2.0,0.010898884383204221,0.26471168864481065,0.028466779738664627,0.03352388,0.17234823737175392,5.286413795060453,0.6457412242889404,0.5874475,22.68402784639075,17.523255064747875,100000.0,0.09999999999999999,case_301,unet,4415
2.0,0.010640523696466325,0.06455779985669936,0.028603000566363335,0.02789076,0.17319591807236592,1.3352722329174145,0.6509145498275757,0.5901195,22.756862459844182,21.15824380547536,200000.0,0.19999999999999998,case_302,unet,4415
2.0,0.010437489926371163,0.009524332299688885,0.029019471257925034,0.02470115,0.17538190607401902,0.22024766265995588,0.6664177179336548,0.5965988,22.964502420134906,24.152673053683735,500000.0,0.5,case_303,unet,4415
2.0,0.010370740405959856,0.0020201312855765035,0.029774868860840797,0.02361967,0.176105400861516,0.057835881003181766,0.6918372511863708,0.5987485,23.235610353812802,25.349570929653126,1000000.0,1.0,case_304,unet,4415
4.0,0.011396631407069278,0.2319982328918065,0.0349295400083065,0.04026473,0.23138681681992132,7.12915374409183,0.8219231963157654,0.7931597,23.530890934157906,19.69862209432424,100000.0,0.09999999999999999,case_305,unet,4415
4.0,0.011109858958484757,0.05606193027274873,0.03516048565506935,0.03459566,0.2322338301297496,1.7966420704796453,0.8272318840026855,0.7962816,23.52731677593928,23.016806154297967,200000.0,0.19999999999999998,case_306,unet,4415
4.0,0.01090478745049036,0.008022344158979771,0.03587993234395981,0.03147063,0.23504217070200667,0.2943764894281711,0.8432295322418213,0.8047052,23.501424812016804,25.570037841632026,500000.0,0.5,case_307,unet,4415
4.0,0.010836615687599166,0.0015963068989913653,0.037164099514484406,0.03041079,0.23596841044615494,0.07649732968273328,0.870690107345581,0.8074993,23.428257881137053,26.553052386998168,1000000.0,1.0,case_308,unet,4415
6.0,0.011158860443966962,0.26206480675188737,0.044998280704021454,0.04773774,0.2925475956382778,8.968957757247823,1.0161099433898926,1.003039,22.58108371014015,21.01144712757663,100000.0,0.09999999999999999,case_309,unet,4415
6.0,0.010845913489843024,0.06381307371821376,0.04535052925348282,0.04263224,0.296935689064236,2.255830896042227,1.0217959880828857,1.016389,22.53107085854823,23.840853776390823,200000.0,0.19999999999999998,case_310,unet,4415
6.0,0.011759985675855998,0.009390479223959209,0.04642253369092941,0.04187848,0.2917079535383794,0.3673892666109192,1.0392457246780396,1.001433,22.386665312089583,23.912830647148606,500000.0,0.5,case_311,unet,4415
6.0,0.0116925713626345,0.002003744155065073,0.048286132514476776,0.0408476,0.2928477220874072,0.09446910812664022,1.0682770013809204,1.004894,22.12388828325892,24.601053672675995,1000000.0,1.0,case_312,unet,4415
8.0,0.01228167427435564,0.41002303532476136,0.057872653007507324,0.06080898,0.34694777283160333,10.435622251529882,1.2045644521713257,1.189754,20.81405274465416,19.565432605513198,100000.0,0.09999999999999999,case_313,unet,4415
8.0,0.01333481127914526,0.10128601803332198,0.058250151574611664,0.05851851,0.340114199740688,2.6175525472242325,1.209578037261963,1.170611,20.765234159307454,20.00411493730787,200000.0,0.19999999999999998,case_314,unet,4415
8.0,0.013150910702761427,0.015623747590153812,0.05934695154428482,0.05563717,0.3441424874607838,0.4227786663314944,1.2244175672531128,1.182777,20.63151577953334,21.25875561247993,500000.0,0.5,case_315,unet,4415
8.0,0.013084690157095487,0.0036667874970440534,0.061159878969192505,0.05465235,0.34549760754829767,0.10719008323564129,1.248203992843628,1.1869,20.408869570725837,21.717272907752367,1000000.0,1.0,case_316,unet,4415
10.0,0.015801452812419858,0.6542641091438327,0.06949659436941147,0.08209056,0.38561760809536894,11.07728941548651,1.3333797454833984,1.326304,19.1862602417001,16.156595837572553,100000.0,0.09999999999999999,case_317,unet,4415
10.0,0.015805712438887756,0.16268580022801588,0.06981301307678223,0.07794146,0.39400553517286124,2.7716903449639223,1.335900068283081,1.350493,19.13540197461213,17.327016968889215,200000.0,0.19999999999999998,case_318,unet,4415
10.0,0.01502606400343416,0.025609225750854392,0.07073133438825607,0.07336795,0.38888517560168623,0.444457140483728,1.3431909084320068,1.338054,18.990040553441396,18.237581941433557,500000.0,0.5,case_319,unet,4415
10.0,0.014963131170017543,0.0062312126141942,0.07223454117774963,0.07245966,0.39044548330596635,0.11141582847548316,1.3540974855422974,1.342772,18.74584462591422,18.531304176696388,1000000.0,1.0,case_320,unet,4415
-4.0,0.01457063863535287,0.38403804404144926,0.0300869382917881,0.04051213,-0.003885927674579307,0.15036297035254048,0.1162504255771637,-0.0486621,3.8638170640610836,-1.2011735744331389,100000.0,0.09999999999999999,case_321,unet,4418
-4.0,0.01433506480417902,0.09498898365946981,0.030039343982934952,0.03497618,-0.0030507427366826332,0.04944616492339744,0.11943167448043823,-0.04490226,3.9758416345006125,-1.283795428774669,200000.0,0.19999999999999998,case_322,unet,4418
-4.0,0.014143790270928743,0.014692955504059895,0.029885530471801758,0.03173082,-0.003179398716236312,0.01374572988329011,0.1290307641029358,-0.04551806,4.317499541280744,-1.4345062623657379,500000.0,0.5,case_323,unet,4418
-4.0,0.014080478316199834,0.003452744532389605,0.029614172875881195,0.03063268,-0.0032355092748729956,0.005997332159872893,0.1459251046180725,-0.0457355,4.927542809642978,-1.4930296663563227,1000000.0,1.0,case_324,unet,4418
-2.0,0.012998827013358222,0.30233793493021277,0.028419405221939087,0.03628638,0.08348950832968187,2.0780040313980845,0.24343407154083252,0.1583637,8.565769397345,4.364273868046358,100000.0,0.09999999999999999,case_325,unet,4418
-2.0,0.012756590008773496,0.0750941404114364,0.02834920957684517,0.03072196,0.08470598921295883,0.5355026357544564,0.24798455834388733,0.1628461,8.747494623145828,5.300641625729608,200000.0,0.19999999999999998,case_326,unet,4418
-2.0,0.012549531159347035,0.011779355652731919,0.028140921145677567,0.02741803,0.08551072846648058,0.09353239268850642,0.26203349232673645,0.1645983,9.311475305668331,6.00328688822647,500000.0,0.5,case_327,unet,4418
-2.0,0.012479438869718305,0.002844789009707569,0.02778121829032898,0.02630018,0.0857751511843615,0.026800347295576,0.2868245244026184,0.1651646,10.324404113784524,6.279979832837646,1000000.0,1.0,case_328,unet,4418
0.0,0.015042629129962447,0.37294720689746474,0.027145203202962875,0.03324144,0.17245364598227583,4.5718681268054615,0.4273911714553833,0.3727979,15.744629659236956,11.214854109809925,100000.0,0.09999999999999999,case_329,unet,4418
0.0,0.014805169915604686,0.09299979900595699,0.027135485783219337,0.02778104,0.17511571500961826,1.1636065503892974,0.43356791138648987,0.3787273,15.977893849042847,13.63258178959463,200000.0,0.19999999999999998,case_330,unet,4418
0.0,0.014649425646595951,0.014744038570054326,0.027137815952301025,0.02442649,0.17664710579420043,0.1961636336623474,0.45187658071517944,0.3822425,16.65117714371059,15.648687142524366,500000.0,0.5,case_331,unet,4418
0.0,0.015232748203362142,0.0036095620886791935,0.027214566245675087,0.02525602,0.17632738796009922,0.05324899391601931,0.4833733141422272,0.3819545,17.761565985606858,15.123305255539075,1000000.0,1.0,case_332,unet,4418
2.0,0.02284225866125178,0.5445254992816857,0.029508642852306366,0.03799723,0.25961903080778254,7.31712529152093,0.6325585842132568,0.5838863,21.43638348192678,15.366549087920356,100000.0,0.09999999999999999,case_333,unet,4418
2.0,0.022576856318536707,0.13588890744686458,0.029631661251187325,0.03218518,0.2617114446212049,1.8500391804208602,0.6385320425033569,0.5895077,21.54897888074943,18.316122513529518,200000.0,0.19999999999999998,case_334,unet,4418
2.0,0.022461632554039768,0.021609191674444944,0.030033541843295097,0.02886651,0.26447184173542865,0.30600879118632496,0.6558493375778198,0.5960212,21.837229221908647,20.647497740461176,500000.0,0.5,case_335,unet,4418
2.0,0.022423352600413643,0.005332318983144297,0.030788443982601166,0.02774306,0.26538133356506716,0.08069860532950454,0.6849879026412964,0.5981646,22.248214395907418,21.560873241812548,1000000.0,1.0,case_336,unet,4418
4.0,0.03295548126811787,0.8228531764571779,0.036051563918590546,0.04386799,0.34387842323058937,10.023648507275285,0.8298236727714539,0.7913434,23.017688626360602,18.03919896945358,100000.0,0.09999999999999999,case_337,unet,4418
4.0,0.03272147211711305,0.2056184430791179,0.03630394488573074,0.03803672,0.34592801999915135,2.526746431868076,0.8357876539230347,0.7973453,23.02195137618614,20.962514643744253,200000.0,0.19999999999999998,case_338,unet,4418
4.0,0.03269257123819427,0.03283712269264031,0.03709728643298149,0.03477942,0.3496499426596234,0.41429891660318496,0.8536707162857056,0.8062551,23.011675471948973,23.181959331121682,500000.0,0.5,case_339,unet,4418
4.0,0.032682877931517175,0.00816705205374111,0.03849635645747185,0.03367615,0.350880227276308,0.10773865141334243,0.8834824562072754,0.80919,22.949768173081175,24.028578088647304,1000000.0,1.0,case_340,unet,4418
6.0,0.04519376564499039,1.2095701883099121,0.046673327684402466,0.04954634,0.42760178908892255,12.545927726964148,1.0273078680038452,1.003179,22.010598321815316,20.247287690675034,100000.0,0.09999999999999999,case_341,unet,4418
6.0,0.04532924386116452,0.30236663108153766,0.047042883932590485,0.04424011,0.4340065646316452,3.1544692264845815,1.0329298973083496,1.018464,21.95719758143386,23.021280914536607,200000.0,0.19999999999999998,case_342,unet,4418
6.0,0.04586234693793636,0.048348967581785536,0.04817638546228409,0.04377302,0.42914942755197133,0.5131941912491194,1.0504379272460938,1.006376,21.804000386630324,22.99078290691389,500000.0,0.5,case_343,unet,4418
6.0,0.045387414990356846,0.012058856349397405,0.05009716376662254,0.03997996,0.43805448696806865,0.13168791082460263,1.079227328300476,1.028394,21.542683201149924,25.72273709128273,1000000.0,1.0,case_344,unet,4418
8.0,0.06063166370134089,1.6703770407169072,0.0592140257358551,0.06150943,0.5001136168716068,14.322833985739557,1.2093818187713623,1.191142,20.42390808161285,19.36519327199098,100000.0,0.09999999999999999,case_345,unet,4418
8.0,0.06113434138946142,0.4174040994905855,0.05957227200269699,0.05930054,0.49397478071215734,3.5909137765394608,1.21431303024292,1.175576,20.383862985584045,19.824035329189243,200000.0,0.19999999999999998,case_346,unet,4418
8.0,0.061382408710431234,0.06667008708462495,0.060637522488832474,0.05629445,0.4995635912463564,0.579173422472453,1.2283332347869873,1.18912,20.25698254761658,21.123219073993972,500000.0,0.5,case_347,unet,4418
8.0,0.061464281916761794,0.01660303278494313,0.06237316504120827,0.05527096,0.5014290203220954,0.1465127382378731,1.2491415739059448,1.193646,20.026906973225916,21.596259590931655,1000000.0,1.0,case_348,unet,4418
10.0,0.077857527330082,2.130923484381501,0.06996823847293854,0.07611279,0.5638849142421103,14.987015489797633,1.326115369796753,1.36202,18.9531049907688,17.894758555033917,100000.0,0.09999999999999999,case_349,unet,4418
10.0,0.07804924525349945,0.532159585823106,0.07025086134672165,0.07434967,0.5532268010539028,3.7493891366543077,1.328493595123291,1.335688,18.91070898855658,17.964948600309857,200000.0,0.19999999999999998,case_350,unet,4418
10.0,0.07846969057431452,0.08485741722360557,0.071068674325943,0.0715554,0.5596562293862938,0.6010133561106905,1.3351207971572876,1.351363,18.786347287610987,18.885548819516067,500000.0,0.5,case_351,unet,4418
10.0,0.07861306438311709,0.021085811622968704,0.07239164412021637,0.07059608,0.5618359102586369,0.15059632184408225,1.3454169034957886,1.356682,18.585251375994957,19.217525958948425,1000000.0,1.0,case_352,unet,4418
-4.0,0.015473101358480401,0.5508189402334447,0.03118917904794216,0.03809594,0.0012013298610268888,0.02395174563998262,0.12366701662540436,-0.04766754,3.965061614328185,-1.251249870721132,100000.0,0.09999999999999999,case_353,unet,4421
-4.0,0.01503065056644487,0.13719980440240953,0.031138340011239052,0.03259713,0.00068845396640028,0.01103168685541809,0.12725625932216644,-0.05059087,4.086802934139541,-1.5520038113784864,200000.0,0.19999999999999998,case_354,unet,4421
-4.0,0.01590250686819172,0.02170344688228935,0.030962113291025162,0.03198385,0.005565518740467665,0.0042398810159093685,0.13805420696735382,-0.0323854,4.458810859250067,-1.0125547737373706,500000.0,0.5,case_355,unet,4421
-4.0,0.015800229817446745,0.00532470685628177,0.030675385147333145,0.03085861,0.0054016716000843375,0.0021151766803825986,0.1562691032886505,-0.03317523,5.0942833329750785,-1.0750720787488484,1000000.0,1.0,case_356,unet,4421
-2.0,0.019618768462547558,0.5394673337934358,0.02955237776041031,0.03515372,0.03805704643412337,0.7352037111908797,0.25366857647895813,0.1580254,8.583694298155052,4.495268210590515,100000.0,0.09999999999999999,case_357,unet,4421
-2.0,0.019812613051212652,0.13536473991120582,0.029492676258087158,0.03251367,0.0339005859174133,0.1899881986743556,0.2580382227897644,0.1398141,8.749230504946393,4.300163592728842,200000.0,0.19999999999999998,case_358,unet,4421
-2.0,0.019854011345642505,0.02192566571966114,0.029288019984960556,0.02866932,0.04106572333110944,0.03344912198779702,0.2716367840766907,0.1689154,9.274672177094136,5.8918523355280135,500000.0,0.5,case_359,unet,4421
-2.0,0.019768702081438095,0.005609650323186742,0.02894948422908783,0.02752458,0.041186327473915006,0.009699708078426681,0.2960145175457001,0.1693702,10.22520868431469,6.153416328241884,1000000.0,1.0,case_360,unet,4421
0.0,0.02388799927241924,0.6631759614471316,0.02835642360150814,0.03512694,0.07477615078002879,1.6618003019969259,0.4325163960456848,0.3682131,15.252854242968827,10.482356276977157,100000.0,0.09999999999999999,case_361,unet,4421
0.0,0.023588719361004214,0.1662504867464986,0.028350232169032097,0.02952745,0.07601804624065601,0.42364173206932515,0.4387739896774292,0.3737937,15.47690992656902,12.659193394620937,200000.0,0.19999999999999998,case_362,unet,4421
0.0,0.023409227029900642,0.026783500677650524,0.028370847925543785,0.0260821,0.0767746739123899,0.07175695676023136,0.4577145576477051,0.3771274,16.1332702797226,14.459242162249206,500000.0,0.5,case_363,unet,4421
0.0,0.023350137661516526,0.006741550752982006,0.028487611562013626,0.02492218,0.07701969490069822,0.01962129986424193,0.4897574484348297,0.3782137,17.19194490449629,15.175787190366172,1000000.0,1.0,case_364,unet,4421
2.0,0.027505120831225395,0.7365945371146413,0.0308070108294487,0.03750022,0.11053956841627054,2.721404328008104,0.638384997844696,0.578216,20.722068797225145,15.41900287518313,100000.0,0.09999999999999999,case_365,unet,4421
2.0,0.028032783788357357,0.18377454827718365,0.030940482392907143,0.03430258,0.10972911598283663,0.6889242235368869,0.6441231369972229,0.5748296,20.818134921674105,16.75761998077113,200000.0,0.19999999999999998,case_366,unet,4421
2.0,0.027898174253128703,0.029201662052799872,0.03135537728667259,0.03093677,0.11176718116510877,0.11435182345791442,0.6624922752380371,0.5836196,21.12850593954184,18.864917055012533,500000.0,0.5,case_367,unet,4421
2.0,0.027853617011169392,0.007192171729166238,0.03212100267410278,0.02979526,0.11242251869341564,0.030314041662736727,0.6924006938934326,0.5864548,21.556011215418046,19.682822032766286,1000000.0,1.0,case_368,unet,4421
4.0,0.030201704601584996,0.7593093418129007,0.037210576236248016,0.04289355,0.14416649716191335,3.7832797986704616,0.8341666460037231,0.7820562,22.417461119323775,18.232489500169603,100000.0,0.09999999999999999,case_369,unet,4421
4.0,0.03075376322997049,0.1888926845298664,0.03745955973863602,0.03972013,0.14171875231694586,0.9542979298696139,0.8404219746589661,0.7722884,22.4354472002016,19.443249556333274,200000.0,0.19999999999999998,case_370,unet,4421
4.0,0.030647489735716314,0.029741579564241234,0.03824271261692047,0.03642996,0.14456612372723476,0.15675164979647796,0.8578898310661316,0.784672,22.432766202012527,21.539194662854424,500000.0,0.5,case_371,unet,4421
4.0,0.030611068905612816,0.007211426974000134,0.03963904082775116,0.03531221,0.14547995199412964,0.040875473260160444,0.8869940042495728,0.7886986,22.376777685008747,22.335011034426905,1000000.0,1.0,case_372,unet,4421
6.0,0.0315502890374195,0.7516458673254071,0.04712274670600891,0.05044894,0.1758477613957009,4.773074469699272,1.019853115081787,0.9782847,21.642480253633845,19.39158087365166,100000.0,0.09999999999999999,case_373,unet,4421
6.0,0.031315996854384714,0.1865408817033715,0.04746805131435394,0.04497806,0.17971887404565406,1.2007649579400927,1.0249178409576416,0.9961616,21.591740393347788,22.147722689684702,200000.0,0.19999999999999998,case_374,unet,4421
6.0,0.032110337938610865,0.029171958636297842,0.048499755561351776,0.04433379,0.17516616560820608,0.1956829153249104,1.0407569408416748,0.9774092,21.459014149568777,22.046596963625262,500000.0,0.5,case_375,unet,4421
6.0,0.0320723952865141,0.007002077749025555,0.050244882702827454,0.0432524,0.1763243409008577,0.05035919733656023,1.0674974918365479,0.9825388,21.245894793908555,22.71639955239478,1000000.0,1.0,case_376,unet,4421
8.0,0.031248035214954718,0.7553069211546092,0.05826664716005325,0.06090038,0.20457486703853833,5.533324526699548,1.1875537633895874,1.161415,20.381364318552322,19.07073486240973,100000.0,0.09999999999999999,case_377,unet,4421
8.0,0.031000292661903628,0.1875215760022556,0.058598048985004425,0.05556854,0.20921647972339616,1.388428906730469,1.1920009851455688,1.183255,20.341991001280753,21.29361325670964,200000.0,0.19999999999999998,case_378,unet,4421
8.0,0.03188530648799829,0.02937589581005428,0.05957861244678497,0.05520762,0.20223856192050862,0.2245035235921837,1.2049345970153809,1.154656,20.22428095470697,20.914794008508245,500000.0,0.5,case_379,unet,4421
8.0,0.031848081996328534,0.007083512211605878,0.061200663447380066,0.05417426,0.20364929416749142,0.05703846795238358,1.2257027626037598,1.160945,20.02760580622808,21.42982663722587,1000000.0,1.0,case_380,unet,4421
10.0,0.029735545261948163,0.8031952074543879,0.06823669373989105,0.07366002,0.23044175727488667,5.938372933674253,1.3031470775604248,1.330224,19.097453380842914,18.058968759443726,100000.0,0.09999999999999999,case_381,unet,4421
10.0,0.02942290518235565,0.1997048834778057,0.0685061514377594,0.06850533,0.23582154037229117,1.486908823444234,1.305543303489685,1.355858,19.05731494310878,19.792007424823733,200000.0,0.19999999999999998,case_382,unet,4421
10.0,0.03047036198142755,0.03143140922317373,0.06931309401988983,0.06838936,0.22601493027692368,0.23894751623319122,1.3126845359802246,1.315744,18.938478429538023,19.239016127654946,500000.0,0.5,case_383,unet,4421
10.0,0.030424232667567545,0.007642211376562369,0.07062351703643799,0.06742188,0.22766068815941765,0.060111407665923294,1.323855996131897,1.323125,18.74525726959842,19.624564013937317,1000000.0,1.0,case_384,unet,4421
